X,Y,Z
-1.646670015943854,-1.2282616681634928,
-1.609853150817909,-1.2282616681634928,
-1.573036285691964,-1.2282616681634928,
-1.536219420566019,-1.2282616681634928,
-1.4994025554400736,-1.2282616681634928,
-1.4625856903141286,-1.2282616681634928,
-1.4257688251881835,-1.2282616681634928,
-1.3889519600622384,-1.2282616681634928,
-1.3521350949362934,-1.2282616681634928,
-1.315318229810348,-1.2282616681634928,
-1.278501364684403,-1.2282616681634928,
-1.241684499558458,-1.2282616681634928,
-1.2048676344325129,-1.2282616681634928,
-1.1680507693065678,-1.2282616681634928,
-1.1312339041806228,-1.2282616681634928,
-1.0944170390546777,-1.2282616681634928,
-1.0576001739287326,-1.2282616681634928,
-1.0207833088027876,-1.2282616681634928,
-0.9839664436768423,-1.2282616681634928,
-0.9471495785508972,-1.2282616681634928,
-0.9103327134249521,-1.2282616681634928,
-0.873515848299007,-1.2282616681634928,
-0.8366989831730619,-1.2282616681634928,
-0.7998821180471168,-1.2282616681634928,
-0.7630652529211717,-1.2282616681634928,
-0.7262483877952266,-1.2282616681634928,
-0.6894315226692815,-1.2282616681634928,
-0.6526146575433365,-1.2282616681634928,
-0.6157977924173914,-1.2282616681634928,
-0.5789809272914461,-1.2282616681634928,
-0.5421640621655011,-1.2282616681634928,
-0.505347197039556,-1.2282616681634928,
-0.46853033191361093,-1.2282616681634928,
-0.43171346678766587,-1.2282616681634928,
-0.3948966016617208,-1.2282616681634928,
-0.35807973653577574,-1.2282616681634928,
-0.32126287140983045,-1.2282616681634928,
-0.2844460062838854,-1.2282616681634928,
-0.24762914115794032,-1.2282616681634928,
-0.21081227603199526,-1.2282616681634928,
-0.1739954109060502,-1.2282616681634928,
-0.13717854578010513,-1.2282616681634928,
-0.10036168065415985,-1.2282616681634928,
-0.06354481552821478,-1.2282616681634928,
-0.026727950402269718,-1.2282616681634928,
0.010088914723675346,-1.2282616681634928,
0.04690577984962041,-1.2282616681634928,
0.08372264497556547,-1.2282616681634928,
0.12053951010151076,-1.2282616681634928,
0.15735637522745582,-1.2282616681634928,
0.1941732403534009,-1.2282616681634928,
0.23099010547934595,-1.2282616681634928,
0.267806970605291,-1.2282616681634928,
0.3046238357312361,-1.2282616681634928,
0.34144070085718115,-1.2282616681634928,
0.3782575659831262,-1.2282616681634928,
0.4150744311090713,-1.2282616681634928,
0.45189129623501634,-1.2282616681634928,
0.48870816136096185,-1.2282616681634928,
0.5255250264869069,-1.2282616681634928,
0.562341891612852,-1.2282616681634928,
0.599158756738797,-1.2282616681634928,
0.6359756218647421,-1.2282616681634928,
0.6727924869906872,-1.2282616681634928,
0.7096093521166322,-1.2282616681634928,
0.7464262172425773,-1.2282616681634928,
0.7832430823685224,-1.2282616681634928,
0.8200599474944674,-1.2282616681634928,
0.8568768126204125,-1.2282616681634928,
0.8936936777463576,-1.2282616681634928,
0.9305105428723026,-1.2282616681634928,
0.9673274079982481,-1.2282616681634928,
1.0041442731241932,-1.2282616681634928,
1.0409611382501383,-1.2282616681634928,
1.0777780033760833,-1.2282616681634928,
1.1145948685020284,-1.2282616681634928,
1.1514117336279734,-1.2282616681634928,
1.1882285987539185,-1.2282616681634928,
1.2250454638798636,-1.2282616681634928,
1.2618623290058086,-1.2282616681634928,
1.2986791941317537,-1.2282616681634928,
1.3354960592576988,-1.2282616681634928,
1.3723129243836438,-1.2282616681634928,
1.409129789509589,-1.2282616681634928,
1.4459466546355344,-1.2282616681634928,
1.4827635197614795,-1.2282616681634928,
1.5195803848874245,-1.2282616681634928,
1.5563972500133696,-1.2282616681634928,
1.5932141151393147,-1.2282616681634928,
1.6300309802652597,-1.2282616681634928,
1.6668478453912048,-1.2282616681634928,
1.7036647105171498,-1.2282616681634928,
1.740481575643095,-1.2282616681634928,
1.77729844076904,-1.2282616681634928,
1.814115305894985,-1.2282616681634928,
1.85093217102093,-1.2282616681634928,
1.8877490361468756,-1.2282616681634928,
1.9245659012728207,-1.2282616681634928,
1.9613827663987657,-1.2282616681634928,
1.9981996315247104,-1.2282616681634928,
-1.646670015943854,-1.1956584776569847,
-1.609853150817909,-1.1956584776569847,
-1.573036285691964,-1.1956584776569847,
-1.536219420566019,-1.1956584776569847,
-1.4994025554400736,-1.1956584776569847,
-1.4625856903141286,-1.1956584776569847,
-1.4257688251881835,-1.1956584776569847,
-1.3889519600622384,-1.1956584776569847,
-1.3521350949362934,-1.1956584776569847,
-1.315318229810348,-1.1956584776569847,
-1.278501364684403,-1.1956584776569847,
-1.241684499558458,-1.1956584776569847,
-1.2048676344325129,-1.1956584776569847,
-1.1680507693065678,-1.1956584776569847,
-1.1312339041806228,-1.1956584776569847,
-1.0944170390546777,-1.1956584776569847,
-1.0576001739287326,-1.1956584776569847,
-1.0207833088027876,-1.1956584776569847,
-0.9839664436768423,-1.1956584776569847,
-0.9471495785508972,-1.1956584776569847,
-0.9103327134249521,-1.1956584776569847,
-0.873515848299007,-1.1956584776569847,
-0.8366989831730619,-1.1956584776569847,
-0.7998821180471168,-1.1956584776569847,
-0.7630652529211717,-1.1956584776569847,
-0.7262483877952266,-1.1956584776569847,
-0.6894315226692815,-1.1956584776569847,
-0.6526146575433365,-1.1956584776569847,
-0.6157977924173914,-1.1956584776569847,
-0.5789809272914461,-1.1956584776569847,
-0.5421640621655011,-1.1956584776569847,
-0.505347197039556,-1.1956584776569847,
-0.46853033191361093,-1.1956584776569847,
-0.43171346678766587,-1.1956584776569847,
-0.3948966016617208,-1.1956584776569847,
-0.35807973653577574,-1.1956584776569847,
-0.32126287140983045,-1.1956584776569847,
-0.2844460062838854,-1.1956584776569847,
-0.24762914115794032,-1.1956584776569847,
-0.21081227603199526,-1.1956584776569847,
-0.1739954109060502,-1.1956584776569847,
-0.13717854578010513,-1.1956584776569847,
-0.10036168065415985,-1.1956584776569847,
-0.06354481552821478,-1.1956584776569847,
-0.026727950402269718,-1.1956584776569847,
0.010088914723675346,-1.1956584776569847,
0.04690577984962041,-1.1956584776569847,
0.08372264497556547,-1.1956584776569847,
0.12053951010151076,-1.1956584776569847,
0.15735637522745582,-1.1956584776569847,
0.1941732403534009,-1.1956584776569847,
0.23099010547934595,-1.1956584776569847,
0.267806970605291,-1.1956584776569847,
0.3046238357312361,-1.1956584776569847,
0.34144070085718115,-1.1956584776569847,
0.3782575659831262,-1.1956584776569847,
0.4150744311090713,-1.1956584776569847,
0.45189129623501634,-1.1956584776569847,
0.48870816136096185,-1.1956584776569847,
0.5255250264869069,-1.1956584776569847,
0.562341891612852,-1.1956584776569847,
0.599158756738797,-1.1956584776569847,
0.6359756218647421,-1.1956584776569847,
0.6727924869906872,-1.1956584776569847,
0.7096093521166322,-1.1956584776569847,
0.7464262172425773,-1.1956584776569847,
0.7832430823685224,-1.1956584776569847,
0.8200599474944674,-1.1956584776569847,
0.8568768126204125,-1.1956584776569847,
0.8936936777463576,-1.1956584776569847,
0.9305105428723026,-1.1956584776569847,
0.9673274079982481,-1.1956584776569847,
1.0041442731241932,-1.1956584776569847,
1.0409611382501383,-1.1956584776569847,
1.0777780033760833,-1.1956584776569847,
1.1145948685020284,-1.1956584776569847,
1.1514117336279734,-1.1956584776569847,
1.1882285987539185,-1.1956584776569847,
1.2250454638798636,-1.1956584776569847,
1.2618623290058086,-1.1956584776569847,
1.2986791941317537,-1.1956584776569847,
1.3354960592576988,-1.1956584776569847,
1.3723129243836438,-1.1956584776569847,
1.409129789509589,-1.1956584776569847,
1.4459466546355344,-1.1956584776569847,
1.4827635197614795,-1.1956584776569847,
1.5195803848874245,-1.1956584776569847,
1.5563972500133696,-1.1956584776569847,
1.5932141151393147,-1.1956584776569847,
1.6300309802652597,-1.1956584776569847,
1.6668478453912048,-1.1956584776569847,
1.7036647105171498,-1.1956584776569847,
1.740481575643095,-1.1956584776569847,
1.77729844076904,-1.1956584776569847,
1.814115305894985,-1.1956584776569847,
1.85093217102093,-1.1956584776569847,
1.8877490361468756,-1.1956584776569847,
1.9245659012728207,-1.1956584776569847,-2.4608367471389876
1.9613827663987657,-1.1956584776569847,-2.4622122458669784
1.9981996315247104,-1.1956584776569847,
-1.646670015943854,-1.1630552871504767,
-1.609853150817909,-1.1630552871504767,
-1.573036285691964,-1.1630552871504767,
-1.536219420566019,-1.1630552871504767,
-1.4994025554400736,-1.1630552871504767,
-1.4625856903141286,-1.1630552871504767,
-1.4257688251881835,-1.1630552871504767,
-1.3889519600622384,-1.1630552871504767,
-1.3521350949362934,-1.1630552871504767,
-1.315318229810348,-1.1630552871504767,
-1.278501364684403,-1.1630552871504767,
-1.241684499558458,-1.1630552871504767,
-1.2048676344325129,-1.1630552871504767,
-1.1680507693065678,-1.1630552871504767,
-1.1312339041806228,-1.1630552871504767,
-1.0944170390546777,-1.1630552871504767,
-1.0576001739287326,-1.1630552871504767,
-1.0207833088027876,-1.1630552871504767,
-0.9839664436768423,-1.1630552871504767,
-0.9471495785508972,-1.1630552871504767,
-0.9103327134249521,-1.1630552871504767,
-0.873515848299007,-1.1630552871504767,
-0.8366989831730619,-1.1630552871504767,
-0.7998821180471168,-1.1630552871504767,
-0.7630652529211717,-1.1630552871504767,
-0.7262483877952266,-1.1630552871504767,
-0.6894315226692815,-1.1630552871504767,
-0.6526146575433365,-1.1630552871504767,
-0.6157977924173914,-1.1630552871504767,
-0.5789809272914461,-1.1630552871504767,
-0.5421640621655011,-1.1630552871504767,
-0.505347197039556,-1.1630552871504767,
-0.46853033191361093,-1.1630552871504767,
-0.43171346678766587,-1.1630552871504767,
-0.3948966016617208,-1.1630552871504767,
-0.35807973653577574,-1.1630552871504767,
-0.32126287140983045,-1.1630552871504767,
-0.2844460062838854,-1.1630552871504767,
-0.24762914115794032,-1.1630552871504767,
-0.21081227603199526,-1.1630552871504767,
-0.1739954109060502,-1.1630552871504767,
-0.13717854578010513,-1.1630552871504767,
-0.10036168065415985,-1.1630552871504767,
-0.06354481552821478,-1.1630552871504767,
-0.026727950402269718,-1.1630552871504767,
0.010088914723675346,-1.1630552871504767,
0.04690577984962041,-1.1630552871504767,
0.08372264497556547,-1.1630552871504767,
0.12053951010151076,-1.1630552871504767,
0.15735637522745582,-1.1630552871504767,
0.1941732403534009,-1.1630552871504767,
0.23099010547934595,-1.1630552871504767,
0.267806970605291,-1.1630552871504767,
0.3046238357312361,-1.1630552871504767,
0.34144070085718115,-1.1630552871504767,
0.3782575659831262,-1.1630552871504767,
0.4150744311090713,-1.1630552871504767,
0.45189129623501634,-1.1630552871504767,
0.48870816136096185,-1.1630552871504767,
0.5255250264869069,-1.1630552871504767,
0.562341891612852,-1.1630552871504767,
0.599158756738797,-1.1630552871504767,
0.6359756218647421,-1.1630552871504767,
0.6727924869906872,-1.1630552871504767,
0.7096093521166322,-1.1630552871504767,
0.7464262172425773,-1.1630552871504767,
0.7832430823685224,-1.1630552871504767,
0.8200599474944674,-1.1630552871504767,
0.8568768126204125,-1.1630552871504767,
0.8936936777463576,-1.1630552871504767,
0.9305105428723026,-1.1630552871504767,
0.9673274079982481,-1.1630552871504767,
1.0041442731241932,-1.1630552871504767,
1.0409611382501383,-1.1630552871504767,
1.0777780033760833,-1.1630552871504767,
1.1145948685020284,-1.1630552871504767,
1.1514117336279734,-1.1630552871504767,
1.1882285987539185,-1.1630552871504767,
1.2250454638798636,-1.1630552871504767,
1.2618623290058086,-1.1630552871504767,
1.2986791941317537,-1.1630552871504767,
1.3354960592576988,-1.1630552871504767,
1.3723129243836438,-1.1630552871504767,
1.409129789509589,-1.1630552871504767,
1.4459466546355344,-1.1630552871504767,
1.4827635197614795,-1.1630552871504767,
1.5195803848874245,-1.1630552871504767,
1.5563972500133696,-1.1630552871504767,
1.5932141151393147,-1.1630552871504767,
1.6300309802652597,-1.1630552871504767,
1.6668478453912048,-1.1630552871504767,
1.7036647105171498,-1.1630552871504767,
1.740481575643095,-1.1630552871504767,
1.77729844076904,-1.1630552871504767,
1.814115305894985,-1.1630552871504767,
1.85093217102093,-1.1630552871504767,
1.8877490361468756,-1.1630552871504767,-2.459473519941695
1.9245659012728207,-1.1630552871504767,-2.4606090222738417
1.9613827663987657,-1.1630552871504767,-2.4623875478953074
1.9981996315247104,-1.1630552871504767,
-1.646670015943854,-1.1304520966439688,
-1.609853150817909,-1.1304520966439688,
-1.573036285691964,-1.1304520966439688,
-1.536219420566019,-1.1304520966439688,
-1.4994025554400736,-1.1304520966439688,
-1.4625856903141286,-1.1304520966439688,
-1.4257688251881835,-1.1304520966439688,
-1.3889519600622384,-1.1304520966439688,
-1.3521350949362934,-1.1304520966439688,
-1.315318229810348,-1.1304520966439688,
-1.278501364684403,-1.1304520966439688,
-1.241684499558458,-1.1304520966439688,
-1.2048676344325129,-1.1304520966439688,
-1.1680507693065678,-1.1304520966439688,
-1.1312339041806228,-1.1304520966439688,
-1.0944170390546777,-1.1304520966439688,
-1.0576001739287326,-1.1304520966439688,
-1.0207833088027876,-1.1304520966439688,
-0.9839664436768423,-1.1304520966439688,
-0.9471495785508972,-1.1304520966439688,
-0.9103327134249521,-1.1304520966439688,
-0.873515848299007,-1.1304520966439688,
-0.8366989831730619,-1.1304520966439688,
-0.7998821180471168,-1.1304520966439688,
-0.7630652529211717,-1.1304520966439688,
-0.7262483877952266,-1.1304520966439688,
-0.6894315226692815,-1.1304520966439688,
-0.6526146575433365,-1.1304520966439688,
-0.6157977924173914,-1.1304520966439688,
-0.5789809272914461,-1.1304520966439688,
-0.5421640621655011,-1.1304520966439688,
-0.505347197039556,-1.1304520966439688,
-0.46853033191361093,-1.1304520966439688,
-0.43171346678766587,-1.1304520966439688,
-0.3948966016617208,-1.1304520966439688,
-0.35807973653577574,-1.1304520966439688,
-0.32126287140983045,-1.1304520966439688,
-0.2844460062838854,-1.1304520966439688,
-0.24762914115794032,-1.1304520966439688,
-0.21081227603199526,-1.1304520966439688,
-0.1739954109060502,-1.1304520966439688,
-0.13717854578010513,-1.1304520966439688,
-0.10036168065415985,-1.1304520966439688,
-0.06354481552821478,-1.1304520966439688,
-0.026727950402269718,-1.1304520966439688,
0.010088914723675346,-1.1304520966439688,
0.04690577984962041,-1.1304520966439688,
0.08372264497556547,-1.1304520966439688,
0.12053951010151076,-1.1304520966439688,
0.15735637522745582,-1.1304520966439688,
0.1941732403534009,-1.1304520966439688,
0.23099010547934595,-1.1304520966439688,
0.267806970605291,-1.1304520966439688,
0.3046238357312361,-1.1304520966439688,
0.34144070085718115,-1.1304520966439688,
0.3782575659831262,-1.1304520966439688,
0.4150744311090713,-1.1304520966439688,
0.45189129623501634,-1.1304520966439688,
0.48870816136096185,-1.1304520966439688,
0.5255250264869069,-1.1304520966439688,
0.562341891612852,-1.1304520966439688,
0.599158756738797,-1.1304520966439688,
0.6359756218647421,-1.1304520966439688,
0.6727924869906872,-1.1304520966439688,
0.7096093521166322,-1.1304520966439688,
0.7464262172425773,-1.1304520966439688,
0.7832430823685224,-1.1304520966439688,
0.8200599474944674,-1.1304520966439688,
0.8568768126204125,-1.1304520966439688,
0.8936936777463576,-1.1304520966439688,
0.9305105428723026,-1.1304520966439688,
0.9673274079982481,-1.1304520966439688,
1.0041442731241932,-1.1304520966439688,
1.0409611382501383,-1.1304520966439688,
1.0777780033760833,-1.1304520966439688,
1.1145948685020284,-1.1304520966439688,
1.1514117336279734,-1.1304520966439688,
1.1882285987539185,-1.1304520966439688,
1.2250454638798636,-1.1304520966439688,
1.2618623290058086,-1.1304520966439688,
1.2986791941317537,-1.1304520966439688,
1.3354960592576988,-1.1304520966439688,
1.3723129243836438,-1.1304520966439688,
1.409129789509589,-1.1304520966439688,
1.4459466546355344,-1.1304520966439688,
1.4827635197614795,-1.1304520966439688,
1.5195803848874245,-1.1304520966439688,
1.5563972500133696,-1.1304520966439688,
1.5932141151393147,-1.1304520966439688,
1.6300309802652597,-1.1304520966439688,
1.6668478453912048,-1.1304520966439688,
1.7036647105171498,-1.1304520966439688,
1.740481575643095,-1.1304520966439688,
1.77729844076904,-1.1304520966439688,
1.814115305894985,-1.1304520966439688,-2.4587527885029887
1.85093217102093,-1.1304520966439688,-2.458157554738366
1.8877490361468756,-1.1304520966439688,-2.4596013519475672
1.9245659012728207,-1.1304520966439688,-2.461384031999554
1.9613827663987657,-1.1304520966439688,-2.4640092232691937
1.9981996315247104,-1.1304520966439688,
-1.646670015943854,-1.0978489061374608,
-1.609853150817909,-1.0978489061374608,
-1.573036285691964,-1.0978489061374608,
-1.536219420566019,-1.0978489061374608,
-1.4994025554400736,-1.0978489061374608,
-1.4625856903141286,-1.0978489061374608,
-1.4257688251881835,-1.0978489061374608,
-1.3889519600622384,-1.0978489061374608,
-1.3521350949362934,-1.0978489061374608,
-1.315318229810348,-1.0978489061374608,
-1.278501364684403,-1.0978489061374608,
-1.241684499558458,-1.0978489061374608,
-1.2048676344325129,-1.0978489061374608,
-1.1680507693065678,-1.0978489061374608,
-1.1312339041806228,-1.0978489061374608,
-1.0944170390546777,-1.0978489061374608,
-1.0576001739287326,-1.0978489061374608,
-1.0207833088027876,-1.0978489061374608,
-0.9839664436768423,-1.0978489061374608,
-0.9471495785508972,-1.0978489061374608,
-0.9103327134249521,-1.0978489061374608,
-0.873515848299007,-1.0978489061374608,
-0.8366989831730619,-1.0978489061374608,
-0.7998821180471168,-1.0978489061374608,
-0.7630652529211717,-1.0978489061374608,
-0.7262483877952266,-1.0978489061374608,
-0.6894315226692815,-1.0978489061374608,
-0.6526146575433365,-1.0978489061374608,
-0.6157977924173914,-1.0978489061374608,
-0.5789809272914461,-1.0978489061374608,
-0.5421640621655011,-1.0978489061374608,
-0.505347197039556,-1.0978489061374608,
-0.46853033191361093,-1.0978489061374608,
-0.43171346678766587,-1.0978489061374608,
-0.3948966016617208,-1.0978489061374608,
-0.35807973653577574,-1.0978489061374608,
-0.32126287140983045,-1.0978489061374608,
-0.2844460062838854,-1.0978489061374608,
-0.24762914115794032,-1.0978489061374608,
-0.21081227603199526,-1.0978489061374608,
-0.1739954109060502,-1.0978489061374608,
-0.13717854578010513,-1.0978489061374608,
-0.10036168065415985,-1.0978489061374608,
-0.06354481552821478,-1.0978489061374608,
-0.026727950402269718,-1.0978489061374608,
0.010088914723675346,-1.0978489061374608,
0.04690577984962041,-1.0978489061374608,
0.08372264497556547,-1.0978489061374608,
0.12053951010151076,-1.0978489061374608,
0.15735637522745582,-1.0978489061374608,
0.1941732403534009,-1.0978489061374608,
0.23099010547934595,-1.0978489061374608,
0.267806970605291,-1.0978489061374608,
0.3046238357312361,-1.0978489061374608,
0.34144070085718115,-1.0978489061374608,
0.3782575659831262,-1.0978489061374608,
0.4150744311090713,-1.0978489061374608,
0.45189129623501634,-1.0978489061374608,
0.48870816136096185,-1.0978489061374608,
0.5255250264869069,-1.0978489061374608,
0.562341891612852,-1.0978489061374608,
0.599158756738797,-1.0978489061374608,
0.6359756218647421,-1.0978489061374608,
0.6727924869906872,-1.0978489061374608,
0.7096093521166322,-1.0978489061374608,
0.7464262172425773,-1.0978489061374608,
0.7832430823685224,-1.0978489061374608,
0.8200599474944674,-1.0978489061374608,
0.8568768126204125,-1.0978489061374608,
0.8936936777463576,-1.0978489061374608,
0.9305105428723026,-1.0978489061374608,
0.9673274079982481,-1.0978489061374608,
1.0041442731241932,-1.0978489061374608,
1.0409611382501383,-1.0978489061374608,
1.0777780033760833,-1.0978489061374608,
1.1145948685020284,-1.0978489061374608,
1.1514117336279734,-1.0978489061374608,
1.1882285987539185,-1.0978489061374608,
1.2250454638798636,-1.0978489061374608,
1.2618623290058086,-1.0978489061374608,
1.2986791941317537,-1.0978489061374608,
1.3354960592576988,-1.0978489061374608,
1.3723129243836438,-1.0978489061374608,
1.409129789509589,-1.0978489061374608,
1.4459466546355344,-1.0978489061374608,
1.4827635197614795,-1.0978489061374608,
1.5195803848874245,-1.0978489061374608,
1.5563972500133696,-1.0978489061374608,
1.5932141151393147,-1.0978489061374608,
1.6300309802652597,-1.0978489061374608,
1.6668478453912048,-1.0978489061374608,
1.7036647105171498,-1.0978489061374608,
1.740481575643095,-1.0978489061374608,
1.77729844076904,-1.0978489061374608,-2.4572246406265807
1.814115305894985,-1.0978489061374608,-2.4569936326467645
1.85093217102093,-1.0978489061374608,-2.4588733420868225
1.8877490361468756,-1.0978489061374608,-2.4605353913551995
1.9245659012728207,-1.0978489061374608,-2.4635674968828125
1.9613827663987657,-1.0978489061374608,-2.466716744567692
1.9981996315247104,-1.0978489061374608,
-1.646670015943854,-1.0652457156309527,
-1.609853150817909,-1.0652457156309527,
-1.573036285691964,-1.0652457156309527,
-1.536219420566019,-1.0652457156309527,
-1.4994025554400736,-1.0652457156309527,
-1.4625856903141286,-1.0652457156309527,
-1.4257688251881835,-1.0652457156309527,
-1.3889519600622384,-1.0652457156309527,
-1.3521350949362934,-1.0652457156309527,
-1.315318229810348,-1.0652457156309527,
-1.278501364684403,-1.0652457156309527,
-1.241684499558458,-1.0652457156309527,
-1.2048676344325129,-1.0652457156309527,
-1.1680507693065678,-1.0652457156309527,
-1.1312339041806228,-1.0652457156309527,
-1.0944170390546777,-1.0652457156309527,
-1.0576001739287326,-1.0652457156309527,
-1.0207833088027876,-1.0652457156309527,
-0.9839664436768423,-1.0652457156309527,
-0.9471495785508972,-1.0652457156309527,
-0.9103327134249521,-1.0652457156309527,
-0.873515848299007,-1.0652457156309527,
-0.8366989831730619,-1.0652457156309527,
-0.7998821180471168,-1.0652457156309527,
-0.7630652529211717,-1.0652457156309527,
-0.7262483877952266,-1.0652457156309527,
-0.6894315226692815,-1.0652457156309527,
-0.6526146575433365,-1.0652457156309527,
-0.6157977924173914,-1.0652457156309527,
-0.5789809272914461,-1.0652457156309527,
-0.5421640621655011,-1.0652457156309527,
-0.505347197039556,-1.0652457156309527,
-0.46853033191361093,-1.0652457156309527,
-0.43171346678766587,-1.0652457156309527,
-0.3948966016617208,-1.0652457156309527,
-0.35807973653577574,-1.0652457156309527,
-0.32126287140983045,-1.0652457156309527,
-0.2844460062838854,-1.0652457156309527,
-0.24762914115794032,-1.0652457156309527,
-0.21081227603199526,-1.0652457156309527,
-0.1739954109060502,-1.0652457156309527,
-0.13717854578010513,-1.0652457156309527,
-0.10036168065415985,-1.0652457156309527,
-0.06354481552821478,-1.0652457156309527,
-0.026727950402269718,-1.0652457156309527,
0.010088914723675346,-1.0652457156309527,
0.04690577984962041,-1.0652457156309527,
0.08372264497556547,-1.0652457156309527,
0.12053951010151076,-1.0652457156309527,
0.15735637522745582,-1.0652457156309527,
0.1941732403534009,-1.0652457156309527,
0.23099010547934595,-1.0652457156309527,
0.267806970605291,-1.0652457156309527,
0.3046238357312361,-1.0652457156309527,
0.34144070085718115,-1.0652457156309527,
0.3782575659831262,-1.0652457156309527,
0.4150744311090713,-1.0652457156309527,
0.45189129623501634,-1.0652457156309527,
0.48870816136096185,-1.0652457156309527,
0.5255250264869069,-1.0652457156309527,
0.562341891612852,-1.0652457156309527,
0.599158756738797,-1.0652457156309527,
0.6359756218647421,-1.0652457156309527,
0.6727924869906872,-1.0652457156309527,
0.7096093521166322,-1.0652457156309527,
0.7464262172425773,-1.0652457156309527,
0.7832430823685224,-1.0652457156309527,
0.8200599474944674,-1.0652457156309527,
0.8568768126204125,-1.0652457156309527,
0.8936936777463576,-1.0652457156309527,
0.9305105428723026,-1.0652457156309527,
0.9673274079982481,-1.0652457156309527,
1.0041442731241932,-1.0652457156309527,
1.0409611382501383,-1.0652457156309527,
1.0777780033760833,-1.0652457156309527,
1.1145948685020284,-1.0652457156309527,
1.1514117336279734,-1.0652457156309527,
1.1882285987539185,-1.0652457156309527,
1.2250454638798636,-1.0652457156309527,
1.2618623290058086,-1.0652457156309527,
1.2986791941317537,-1.0652457156309527,
1.3354960592576988,-1.0652457156309527,
1.3723129243836438,-1.0652457156309527,
1.409129789509589,-1.0652457156309527,
1.4459466546355344,-1.0652457156309527,
1.4827635197614795,-1.0652457156309527,
1.5195803848874245,-1.0652457156309527,
1.5563972500133696,-1.0652457156309527,
1.5932141151393147,-1.0652457156309527,
1.6300309802652597,-1.0652457156309527,
1.6668478453912048,-1.0652457156309527,
1.7036647105171498,-1.0652457156309527,
1.740481575643095,-1.0652457156309527,-2.456673434127981
1.77729844076904,-1.0652457156309527,-2.457326699768894
1.814115305894985,-1.0652457156309527,-2.457025651805254
1.85093217102093,-1.0652457156309527,-2.4596216389284016
1.8877490361468756,-1.0652457156309527,-2.4629991094472574
1.9245659012728207,-1.0652457156309527,-2.466444688771588
1.9613827663987657,-1.0652457156309527,-2.470172865383518
1.9981996315247104,-1.0652457156309527,
-1.646670015943854,-1.0326425251244447,
-1.609853150817909,-1.0326425251244447,
-1.573036285691964,-1.0326425251244447,
-1.536219420566019,-1.0326425251244447,
-1.4994025554400736,-1.0326425251244447,
-1.4625856903141286,-1.0326425251244447,
-1.4257688251881835,-1.0326425251244447,
-1.3889519600622384,-1.0326425251244447,
-1.3521350949362934,-1.0326425251244447,
-1.315318229810348,-1.0326425251244447,
-1.278501364684403,-1.0326425251244447,
-1.241684499558458,-1.0326425251244447,
-1.2048676344325129,-1.0326425251244447,
-1.1680507693065678,-1.0326425251244447,
-1.1312339041806228,-1.0326425251244447,
-1.0944170390546777,-1.0326425251244447,
-1.0576001739287326,-1.0326425251244447,
-1.0207833088027876,-1.0326425251244447,
-0.9839664436768423,-1.0326425251244447,
-0.9471495785508972,-1.0326425251244447,
-0.9103327134249521,-1.0326425251244447,
-0.873515848299007,-1.0326425251244447,
-0.8366989831730619,-1.0326425251244447,
-0.7998821180471168,-1.0326425251244447,
-0.7630652529211717,-1.0326425251244447,
-0.7262483877952266,-1.0326425251244447,
-0.6894315226692815,-1.0326425251244447,
-0.6526146575433365,-1.0326425251244447,
-0.6157977924173914,-1.0326425251244447,
-0.5789809272914461,-1.0326425251244447,
-0.5421640621655011,-1.0326425251244447,
-0.505347197039556,-1.0326425251244447,
-0.46853033191361093,-1.0326425251244447,
-0.43171346678766587,-1.0326425251244447,
-0.3948966016617208,-1.0326425251244447,
-0.35807973653577574,-1.0326425251244447,
-0.32126287140983045,-1.0326425251244447,
-0.2844460062838854,-1.0326425251244447,
-0.24762914115794032,-1.0326425251244447,
-0.21081227603199526,-1.0326425251244447,
-0.1739954109060502,-1.0326425251244447,
-0.13717854578010513,-1.0326425251244447,
-0.10036168065415985,-1.0326425251244447,
-0.06354481552821478,-1.0326425251244447,
-0.026727950402269718,-1.0326425251244447,
0.010088914723675346,-1.0326425251244447,
0.04690577984962041,-1.0326425251244447,
0.08372264497556547,-1.0326425251244447,
0.12053951010151076,-1.0326425251244447,
0.15735637522745582,-1.0326425251244447,
0.1941732403534009,-1.0326425251244447,
0.23099010547934595,-1.0326425251244447,
0.267806970605291,-1.0326425251244447,
0.3046238357312361,-1.0326425251244447,
0.34144070085718115,-1.0326425251244447,
0.3782575659831262,-1.0326425251244447,
0.4150744311090713,-1.0326425251244447,
0.45189129623501634,-1.0326425251244447,
0.48870816136096185,-1.0326425251244447,
0.5255250264869069,-1.0326425251244447,
0.562341891612852,-1.0326425251244447,
0.599158756738797,-1.0326425251244447,
0.6359756218647421,-1.0326425251244447,
0.6727924869906872,-1.0326425251244447,
0.7096093521166322,-1.0326425251244447,
0.7464262172425773,-1.0326425251244447,
0.7832430823685224,-1.0326425251244447,
0.8200599474944674,-1.0326425251244447,
0.8568768126204125,-1.0326425251244447,
0.8936936777463576,-1.0326425251244447,
0.9305105428723026,-1.0326425251244447,
0.9673274079982481,-1.0326425251244447,
1.0041442731241932,-1.0326425251244447,
1.0409611382501383,-1.0326425251244447,
1.0777780033760833,-1.0326425251244447,
1.1145948685020284,-1.0326425251244447,
1.1514117336279734,-1.0326425251244447,
1.1882285987539185,-1.0326425251244447,
1.2250454638798636,-1.0326425251244447,
1.2618623290058086,-1.0326425251244447,
1.2986791941317537,-1.0326425251244447,
1.3354960592576988,-1.0326425251244447,
1.3723129243836438,-1.0326425251244447,
1.409129789509589,-1.0326425251244447,
1.4459466546355344,-1.0326425251244447,
1.4827635197614795,-1.0326425251244447,
1.5195803848874245,-1.0326425251244447,
1.5563972500133696,-1.0326425251244447,
1.5932141151393147,-1.0326425251244447,
1.6300309802652597,-1.0326425251244447,
1.6668478453912048,-1.0326425251244447,-2.4556234618162565
1.7036647105171498,-1.0326425251244447,-2.455292385537386
1.740481575643095,-1.0326425251244447,-2.456082914762926
1.77729844076904,-1.0326425251244447,-2.4572233487654387
1.814115305894985,-1.0326425251244447,-2.4582624770282724
1.85093217102093,-1.0326425251244447,-2.461945941452692
1.8877490361468756,-1.0326425251244447,-2.465844441556024
1.9245659012728207,-1.0326425251244447,-2.469321880660363
1.9613827663987657,-1.0326425251244447,-2.4742256713638553
1.9981996315247104,-1.0326425251244447,
-1.646670015943854,-1.0000393346179366,
-1.609853150817909,-1.0000393346179366,
-1.573036285691964,-1.0000393346179366,
-1.536219420566019,-1.0000393346179366,
-1.4994025554400736,-1.0000393346179366,
-1.4625856903141286,-1.0000393346179366,
-1.4257688251881835,-1.0000393346179366,
-1.3889519600622384,-1.0000393346179366,
-1.3521350949362934,-1.0000393346179366,
-1.315318229810348,-1.0000393346179366,
-1.278501364684403,-1.0000393346179366,
-1.241684499558458,-1.0000393346179366,
-1.2048676344325129,-1.0000393346179366,
-1.1680507693065678,-1.0000393346179366,
-1.1312339041806228,-1.0000393346179366,
-1.0944170390546777,-1.0000393346179366,
-1.0576001739287326,-1.0000393346179366,
-1.0207833088027876,-1.0000393346179366,
-0.9839664436768423,-1.0000393346179366,
-0.9471495785508972,-1.0000393346179366,
-0.9103327134249521,-1.0000393346179366,
-0.873515848299007,-1.0000393346179366,
-0.8366989831730619,-1.0000393346179366,
-0.7998821180471168,-1.0000393346179366,
-0.7630652529211717,-1.0000393346179366,
-0.7262483877952266,-1.0000393346179366,
-0.6894315226692815,-1.0000393346179366,
-0.6526146575433365,-1.0000393346179366,
-0.6157977924173914,-1.0000393346179366,
-0.5789809272914461,-1.0000393346179366,
-0.5421640621655011,-1.0000393346179366,
-0.505347197039556,-1.0000393346179366,
-0.46853033191361093,-1.0000393346179366,
-0.43171346678766587,-1.0000393346179366,
-0.3948966016617208,-1.0000393346179366,
-0.35807973653577574,-1.0000393346179366,
-0.32126287140983045,-1.0000393346179366,
-0.2844460062838854,-1.0000393346179366,
-0.24762914115794032,-1.0000393346179366,
-0.21081227603199526,-1.0000393346179366,
-0.1739954109060502,-1.0000393346179366,
-0.13717854578010513,-1.0000393346179366,
-0.10036168065415985,-1.0000393346179366,
-0.06354481552821478,-1.0000393346179366,
-0.026727950402269718,-1.0000393346179366,
0.010088914723675346,-1.0000393346179366,
0.04690577984962041,-1.0000393346179366,
0.08372264497556547,-1.0000393346179366,
0.12053951010151076,-1.0000393346179366,
0.15735637522745582,-1.0000393346179366,
0.1941732403534009,-1.0000393346179366,
0.23099010547934595,-1.0000393346179366,
0.267806970605291,-1.0000393346179366,
0.3046238357312361,-1.0000393346179366,
0.34144070085718115,-1.0000393346179366,
0.3782575659831262,-1.0000393346179366,
0.4150744311090713,-1.0000393346179366,
0.45189129623501634,-1.0000393346179366,
0.48870816136096185,-1.0000393346179366,
0.5255250264869069,-1.0000393346179366,
0.562341891612852,-1.0000393346179366,
0.599158756738797,-1.0000393346179366,
0.6359756218647421,-1.0000393346179366,
0.6727924869906872,-1.0000393346179366,
0.7096093521166322,-1.0000393346179366,
0.7464262172425773,-1.0000393346179366,
0.7832430823685224,-1.0000393346179366,
0.8200599474944674,-1.0000393346179366,
0.8568768126204125,-1.0000393346179366,
0.8936936777463576,-1.0000393346179366,
0.9305105428723026,-1.0000393346179366,
0.9673274079982481,-1.0000393346179366,
1.0041442731241932,-1.0000393346179366,
1.0409611382501383,-1.0000393346179366,
1.0777780033760833,-1.0000393346179366,
1.1145948685020284,-1.0000393346179366,
1.1514117336279734,-1.0000393346179366,
1.1882285987539185,-1.0000393346179366,
1.2250454638798636,-1.0000393346179366,
1.2618623290058086,-1.0000393346179366,
1.2986791941317537,-1.0000393346179366,
1.3354960592576988,-1.0000393346179366,
1.3723129243836438,-1.0000393346179366,
1.409129789509589,-1.0000393346179366,
1.4459466546355344,-1.0000393346179366,
1.4827635197614795,-1.0000393346179366,
1.5195803848874245,-1.0000393346179366,
1.5563972500133696,-1.0000393346179366,
1.5932141151393147,-1.0000393346179366,
1.6300309802652597,-1.0000393346179366,-2.4544465837997613
1.6668478453912048,-1.0000393346179366,-2.454378231159462
1.7036647105171498,-1.0000393346179366,-2.454717085296751
1.740481575643095,-1.0000393346179366,-2.4555548990155387
1.77729844076904,-1.0000393346179366,-2.457357385027667
1.814115305894985,-1.0000393346179366,-2.4607153637943004
1.85093217102093,-1.0000393346179366,-2.4640579228950474
1.8877490361468756,-1.0000393346179366,-2.468018729331214
1.9245659012728207,-1.0000393346179366,-2.4739261550986646
1.9613827663987657,-1.0000393346179366,-2.4801066373661267
1.9981996315247104,-1.0000393346179366,
-1.646670015943854,-0.9674361441114286,
-1.609853150817909,-0.9674361441114286,
-1.573036285691964,-0.9674361441114286,
-1.536219420566019,-0.9674361441114286,
-1.4994025554400736,-0.9674361441114286,
-1.4625856903141286,-0.9674361441114286,
-1.4257688251881835,-0.9674361441114286,
-1.3889519600622384,-0.9674361441114286,
-1.3521350949362934,-0.9674361441114286,
-1.315318229810348,-0.9674361441114286,
-1.278501364684403,-0.9674361441114286,
-1.241684499558458,-0.9674361441114286,
-1.2048676344325129,-0.9674361441114286,
-1.1680507693065678,-0.9674361441114286,
-1.1312339041806228,-0.9674361441114286,
-1.0944170390546777,-0.9674361441114286,
-1.0576001739287326,-0.9674361441114286,
-1.0207833088027876,-0.9674361441114286,
-0.9839664436768423,-0.9674361441114286,
-0.9471495785508972,-0.9674361441114286,
-0.9103327134249521,-0.9674361441114286,
-0.873515848299007,-0.9674361441114286,
-0.8366989831730619,-0.9674361441114286,
-0.7998821180471168,-0.9674361441114286,
-0.7630652529211717,-0.9674361441114286,
-0.7262483877952266,-0.9674361441114286,
-0.6894315226692815,-0.9674361441114286,
-0.6526146575433365,-0.9674361441114286,
-0.6157977924173914,-0.9674361441114286,
-0.5789809272914461,-0.9674361441114286,
-0.5421640621655011,-0.9674361441114286,
-0.505347197039556,-0.9674361441114286,
-0.46853033191361093,-0.9674361441114286,
-0.43171346678766587,-0.9674361441114286,
-0.3948966016617208,-0.9674361441114286,
-0.35807973653577574,-0.9674361441114286,
-0.32126287140983045,-0.9674361441114286,
-0.2844460062838854,-0.9674361441114286,
-0.24762914115794032,-0.9674361441114286,
-0.21081227603199526,-0.9674361441114286,
-0.1739954109060502,-0.9674361441114286,
-0.13717854578010513,-0.9674361441114286,
-0.10036168065415985,-0.9674361441114286,
-0.06354481552821478,-0.9674361441114286,
-0.026727950402269718,-0.9674361441114286,
0.010088914723675346,-0.9674361441114286,
0.04690577984962041,-0.9674361441114286,
0.08372264497556547,-0.9674361441114286,
0.12053951010151076,-0.9674361441114286,
0.15735637522745582,-0.9674361441114286,
0.1941732403534009,-0.9674361441114286,
0.23099010547934595,-0.9674361441114286,
0.267806970605291,-0.9674361441114286,
0.3046238357312361,-0.9674361441114286,
0.34144070085718115,-0.9674361441114286,
0.3782575659831262,-0.9674361441114286,
0.4150744311090713,-0.9674361441114286,
0.45189129623501634,-0.9674361441114286,
0.48870816136096185,-0.9674361441114286,
0.5255250264869069,-0.9674361441114286,
0.562341891612852,-0.9674361441114286,
0.599158756738797,-0.9674361441114286,
0.6359756218647421,-0.9674361441114286,
0.6727924869906872,-0.9674361441114286,
0.7096093521166322,-0.9674361441114286,
0.7464262172425773,-0.9674361441114286,
0.7832430823685224,-0.9674361441114286,
0.8200599474944674,-0.9674361441114286,
0.8568768126204125,-0.9674361441114286,
0.8936936777463576,-0.9674361441114286,
0.9305105428723026,-0.9674361441114286,
0.9673274079982481,-0.9674361441114286,
1.0041442731241932,-0.9674361441114286,
1.0409611382501383,-0.9674361441114286,
1.0777780033760833,-0.9674361441114286,
1.1145948685020284,-0.9674361441114286,
1.1514117336279734,-0.9674361441114286,
1.1882285987539185,-0.9674361441114286,
1.2250454638798636,-0.9674361441114286,
1.2618623290058086,-0.9674361441114286,
1.2986791941317537,-0.9674361441114286,
1.3354960592576988,-0.9674361441114286,
1.3723129243836438,-0.9674361441114286,
1.409129789509589,-0.9674361441114286,
1.4459466546355344,-0.9674361441114286,
1.4827635197614795,-0.9674361441114286,
1.5195803848874245,-0.9674361441114286,
1.5563972500133696,-0.9674361441114286,-2.4554787962792064
1.5932141151393147,-0.9674361441114286,-2.4533983620398816
1.6300309802652597,-0.9674361441114286,-2.45333070808889
1.6668478453912048,-0.9674361441114286,-2.453377682057133
1.7036647105171498,-0.9674361441114286,-2.4547148543825967
1.740481575643095,-0.9674361441114286,-2.4571926390734853
1.77729844076904,-0.9674361441114286,-2.460067727934234
1.814115305894985,-0.9674361441114286,-2.4641001381680443
1.85093217102093,-0.9674361441114286,-2.467263170740521
1.8877490361468756,-0.9674361441114286,-2.472273946563593
1.9245659012728207,-0.9674361441114286,-2.4789042683283533
1.9613827663987657,-0.9674361441114286,-2.4860142083971257
1.9981996315247104,-0.9674361441114286,
-1.646670015943854,-0.9348329536049207,
-1.609853150817909,-0.9348329536049207,
-1.573036285691964,-0.9348329536049207,
-1.536219420566019,-0.9348329536049207,
-1.4994025554400736,-0.9348329536049207,
-1.4625856903141286,-0.9348329536049207,
-1.4257688251881835,-0.9348329536049207,
-1.3889519600622384,-0.9348329536049207,
-1.3521350949362934,-0.9348329536049207,
-1.315318229810348,-0.9348329536049207,
-1.278501364684403,-0.9348329536049207,
-1.241684499558458,-0.9348329536049207,
-1.2048676344325129,-0.9348329536049207,
-1.1680507693065678,-0.9348329536049207,
-1.1312339041806228,-0.9348329536049207,
-1.0944170390546777,-0.9348329536049207,
-1.0576001739287326,-0.9348329536049207,
-1.0207833088027876,-0.9348329536049207,
-0.9839664436768423,-0.9348329536049207,
-0.9471495785508972,-0.9348329536049207,
-0.9103327134249521,-0.9348329536049207,
-0.873515848299007,-0.9348329536049207,
-0.8366989831730619,-0.9348329536049207,
-0.7998821180471168,-0.9348329536049207,
-0.7630652529211717,-0.9348329536049207,
-0.7262483877952266,-0.9348329536049207,
-0.6894315226692815,-0.9348329536049207,
-0.6526146575433365,-0.9348329536049207,
-0.6157977924173914,-0.9348329536049207,
-0.5789809272914461,-0.9348329536049207,
-0.5421640621655011,-0.9348329536049207,
-0.505347197039556,-0.9348329536049207,
-0.46853033191361093,-0.9348329536049207,
-0.43171346678766587,-0.9348329536049207,
-0.3948966016617208,-0.9348329536049207,
-0.35807973653577574,-0.9348329536049207,
-0.32126287140983045,-0.9348329536049207,
-0.2844460062838854,-0.9348329536049207,
-0.24762914115794032,-0.9348329536049207,
-0.21081227603199526,-0.9348329536049207,
-0.1739954109060502,-0.9348329536049207,
-0.13717854578010513,-0.9348329536049207,
-0.10036168065415985,-0.9348329536049207,
-0.06354481552821478,-0.9348329536049207,
-0.026727950402269718,-0.9348329536049207,
0.010088914723675346,-0.9348329536049207,
0.04690577984962041,-0.9348329536049207,
0.08372264497556547,-0.9348329536049207,
0.12053951010151076,-0.9348329536049207,
0.15735637522745582,-0.9348329536049207,
0.1941732403534009,-0.9348329536049207,
0.23099010547934595,-0.9348329536049207,
0.267806970605291,-0.9348329536049207,
0.3046238357312361,-0.9348329536049207,
0.34144070085718115,-0.9348329536049207,
0.3782575659831262,-0.9348329536049207,
0.4150744311090713,-0.9348329536049207,
0.45189129623501634,-0.9348329536049207,
0.48870816136096185,-0.9348329536049207,
0.5255250264869069,-0.9348329536049207,
0.562341891612852,-0.9348329536049207,
0.599158756738797,-0.9348329536049207,
0.6359756218647421,-0.9348329536049207,
0.6727924869906872,-0.9348329536049207,
0.7096093521166322,-0.9348329536049207,
0.7464262172425773,-0.9348329536049207,
0.7832430823685224,-0.9348329536049207,
0.8200599474944674,-0.9348329536049207,
0.8568768126204125,-0.9348329536049207,
0.8936936777463576,-0.9348329536049207,
0.9305105428723026,-0.9348329536049207,
0.9673274079982481,-0.9348329536049207,
1.0041442731241932,-0.9348329536049207,
1.0409611382501383,-0.9348329536049207,
1.0777780033760833,-0.9348329536049207,
1.1145948685020284,-0.9348329536049207,
1.1514117336279734,-0.9348329536049207,
1.1882285987539185,-0.9348329536049207,
1.2250454638798636,-0.9348329536049207,
1.2618623290058086,-0.9348329536049207,
1.2986791941317537,-0.9348329536049207,
1.3354960592576988,-0.9348329536049207,
1.3723129243836438,-0.9348329536049207,
1.409129789509589,-0.9348329536049207,
1.4459466546355344,-0.9348329536049207,
1.4827635197614795,-0.9348329536049207,
1.5195803848874245,-0.9348329536049207,-2.4540652571318518
1.5563972500133696,-0.9348329536049207,-2.4523211311806685
1.5932141151393147,-0.9348329536049207,-2.4516594096186903
1.6300309802652597,-0.9348329536049207,-2.4520844193202476
1.6668478453912048,-0.9348329536049207,-2.4534025633941168
1.7036647105171498,-0.9348329536049207,-2.455347740825567
1.740481575643095,-0.9348329536049207,-2.4589135925287504
1.77729844076904,-0.9348329536049207,-2.462490465328972
1.814115305894985,-0.9348329536049207,-2.4669715707714284
1.85093217102093,-0.9348329536049207,-2.471241025101966
1.8877490361468756,-0.9348329536049207,-2.4774505618496994
1.9245659012728207,-0.9348329536049207,-2.4848517269700707
1.9613827663987657,-0.9348329536049207,-2.4922496497997977
1.9981996315247104,-0.9348329536049207,
-1.646670015943854,-0.9022297630984126,
-1.609853150817909,-0.9022297630984126,
-1.573036285691964,-0.9022297630984126,
-1.536219420566019,-0.9022297630984126,
-1.4994025554400736,-0.9022297630984126,
-1.4625856903141286,-0.9022297630984126,
-1.4257688251881835,-0.9022297630984126,
-1.3889519600622384,-0.9022297630984126,
-1.3521350949362934,-0.9022297630984126,
-1.315318229810348,-0.9022297630984126,
-1.278501364684403,-0.9022297630984126,
-1.241684499558458,-0.9022297630984126,
-1.2048676344325129,-0.9022297630984126,
-1.1680507693065678,-0.9022297630984126,
-1.1312339041806228,-0.9022297630984126,
-1.0944170390546777,-0.9022297630984126,
-1.0576001739287326,-0.9022297630984126,
-1.0207833088027876,-0.9022297630984126,
-0.9839664436768423,-0.9022297630984126,
-0.9471495785508972,-0.9022297630984126,
-0.9103327134249521,-0.9022297630984126,
-0.873515848299007,-0.9022297630984126,
-0.8366989831730619,-0.9022297630984126,
-0.7998821180471168,-0.9022297630984126,
-0.7630652529211717,-0.9022297630984126,
-0.7262483877952266,-0.9022297630984126,
-0.6894315226692815,-0.9022297630984126,
-0.6526146575433365,-0.9022297630984126,
-0.6157977924173914,-0.9022297630984126,
-0.5789809272914461,-0.9022297630984126,
-0.5421640621655011,-0.9022297630984126,
-0.505347197039556,-0.9022297630984126,
-0.46853033191361093,-0.9022297630984126,
-0.43171346678766587,-0.9022297630984126,
-0.3948966016617208,-0.9022297630984126,
-0.35807973653577574,-0.9022297630984126,
-0.32126287140983045,-0.9022297630984126,
-0.2844460062838854,-0.9022297630984126,
-0.24762914115794032,-0.9022297630984126,
-0.21081227603199526,-0.9022297630984126,
-0.1739954109060502,-0.9022297630984126,
-0.13717854578010513,-0.9022297630984126,
-0.10036168065415985,-0.9022297630984126,
-0.06354481552821478,-0.9022297630984126,
-0.026727950402269718,-0.9022297630984126,
0.010088914723675346,-0.9022297630984126,
0.04690577984962041,-0.9022297630984126,
0.08372264497556547,-0.9022297630984126,
0.12053951010151076,-0.9022297630984126,
0.15735637522745582,-0.9022297630984126,
0.1941732403534009,-0.9022297630984126,
0.23099010547934595,-0.9022297630984126,
0.267806970605291,-0.9022297630984126,
0.3046238357312361,-0.9022297630984126,
0.34144070085718115,-0.9022297630984126,
0.3782575659831262,-0.9022297630984126,
0.4150744311090713,-0.9022297630984126,
0.45189129623501634,-0.9022297630984126,
0.48870816136096185,-0.9022297630984126,
0.5255250264869069,-0.9022297630984126,
0.562341891612852,-0.9022297630984126,
0.599158756738797,-0.9022297630984126,
0.6359756218647421,-0.9022297630984126,
0.6727924869906872,-0.9022297630984126,
0.7096093521166322,-0.9022297630984126,
0.7464262172425773,-0.9022297630984126,
0.7832430823685224,-0.9022297630984126,
0.8200599474944674,-0.9022297630984126,
0.8568768126204125,-0.9022297630984126,
0.8936936777463576,-0.9022297630984126,
0.9305105428723026,-0.9022297630984126,
0.9673274079982481,-0.9022297630984126,
1.0041442731241932,-0.9022297630984126,
1.0409611382501383,-0.9022297630984126,
1.0777780033760833,-0.9022297630984126,
1.1145948685020284,-0.9022297630984126,
1.1514117336279734,-0.9022297630984126,
1.1882285987539185,-0.9022297630984126,
1.2250454638798636,-0.9022297630984126,
1.2618623290058086,-0.9022297630984126,
1.2986791941317537,-0.9022297630984126,
1.3354960592576988,-0.9022297630984126,
1.3723129243836438,-0.9022297630984126,
1.409129789509589,-0.9022297630984126,
1.4459466546355344,-0.9022297630984126,-2.4642484913877074
1.4827635197614795,-0.9022297630984126,-2.4527262358279307
1.5195803848874245,-0.9022297630984126,-2.451270903571205
1.5563972500133696,-0.9022297630984126,-2.450290627365655
1.5932141151393147,-0.9022297630984126,-2.4506174491972206
1.6300309802652597,-0.9022297630984126,-2.4520948003871794
1.6668478453912048,-0.9022297630984126,-2.4542599745897498
1.7036647105171498,-0.9022297630984126,-2.4571840427162392
1.740481575643095,-0.9022297630984126,-2.460634545984016
1.77729844076904,-0.9022297630984126,-2.4651989668088397
1.814115305894985,-0.9022297630984126,-2.4703735669771834
1.85093217102093,-0.9022297630984126,-2.4762805447190894
1.8877490361468756,-0.9022297630984126,-2.4838141800573807
1.9245659012728207,-0.9022297630984126,-2.491133203029861
1.9613827663987657,-0.9022297630984126,-2.4996055930602292
1.9981996315247104,-0.9022297630984126,
-1.646670015943854,-0.8696265725919046,
-1.609853150817909,-0.8696265725919046,
-1.573036285691964,-0.8696265725919046,
-1.536219420566019,-0.8696265725919046,
-1.4994025554400736,-0.8696265725919046,
-1.4625856903141286,-0.8696265725919046,
-1.4257688251881835,-0.8696265725919046,
-1.3889519600622384,-0.8696265725919046,
-1.3521350949362934,-0.8696265725919046,
-1.315318229810348,-0.8696265725919046,
-1.278501364684403,-0.8696265725919046,
-1.241684499558458,-0.8696265725919046,
-1.2048676344325129,-0.8696265725919046,
-1.1680507693065678,-0.8696265725919046,
-1.1312339041806228,-0.8696265725919046,
-1.0944170390546777,-0.8696265725919046,
-1.0576001739287326,-0.8696265725919046,
-1.0207833088027876,-0.8696265725919046,
-0.9839664436768423,-0.8696265725919046,
-0.9471495785508972,-0.8696265725919046,
-0.9103327134249521,-0.8696265725919046,
-0.873515848299007,-0.8696265725919046,
-0.8366989831730619,-0.8696265725919046,
-0.7998821180471168,-0.8696265725919046,
-0.7630652529211717,-0.8696265725919046,
-0.7262483877952266,-0.8696265725919046,
-0.6894315226692815,-0.8696265725919046,
-0.6526146575433365,-0.8696265725919046,
-0.6157977924173914,-0.8696265725919046,
-0.5789809272914461,-0.8696265725919046,
-0.5421640621655011,-0.8696265725919046,
-0.505347197039556,-0.8696265725919046,
-0.46853033191361093,-0.8696265725919046,
-0.43171346678766587,-0.8696265725919046,
-0.3948966016617208,-0.8696265725919046,
-0.35807973653577574,-0.8696265725919046,
-0.32126287140983045,-0.8696265725919046,
-0.2844460062838854,-0.8696265725919046,
-0.24762914115794032,-0.8696265725919046,
-0.21081227603199526,-0.8696265725919046,
-0.1739954109060502,-0.8696265725919046,
-0.13717854578010513,-0.8696265725919046,
-0.10036168065415985,-0.8696265725919046,
-0.06354481552821478,-0.8696265725919046,
-0.026727950402269718,-0.8696265725919046,
0.010088914723675346,-0.8696265725919046,
0.04690577984962041,-0.8696265725919046,
0.08372264497556547,-0.8696265725919046,
0.12053951010151076,-0.8696265725919046,
0.15735637522745582,-0.8696265725919046,
0.1941732403534009,-0.8696265725919046,
0.23099010547934595,-0.8696265725919046,
0.267806970605291,-0.8696265725919046,
0.3046238357312361,-0.8696265725919046,
0.34144070085718115,-0.8696265725919046,
0.3782575659831262,-0.8696265725919046,
0.4150744311090713,-0.8696265725919046,
0.45189129623501634,-0.8696265725919046,
0.48870816136096185,-0.8696265725919046,
0.5255250264869069,-0.8696265725919046,
0.562341891612852,-0.8696265725919046,
0.599158756738797,-0.8696265725919046,
0.6359756218647421,-0.8696265725919046,
0.6727924869906872,-0.8696265725919046,
0.7096093521166322,-0.8696265725919046,
0.7464262172425773,-0.8696265725919046,
0.7832430823685224,-0.8696265725919046,
0.8200599474944674,-0.8696265725919046,
0.8568768126204125,-0.8696265725919046,
0.8936936777463576,-0.8696265725919046,
0.9305105428723026,-0.8696265725919046,
0.9673274079982481,-0.8696265725919046,
1.0041442731241932,-0.8696265725919046,
1.0409611382501383,-0.8696265725919046,
1.0777780033760833,-0.8696265725919046,
1.1145948685020284,-0.8696265725919046,
1.1514117336279734,-0.8696265725919046,
1.1882285987539185,-0.8696265725919046,
1.2250454638798636,-0.8696265725919046,
1.2618623290058086,-0.8696265725919046,
1.2986791941317537,-0.8696265725919046,
1.3354960592576988,-0.8696265725919046,
1.3723129243836438,-0.8696265725919046,
1.409129789509589,-0.8696265725919046,-2.453846073751368
1.4459466546355344,-0.8696265725919046,-2.4514598374567313
1.4827635197614795,-0.8696265725919046,-2.450483609277148
1.5195803848874245,-0.8696265725919046,-2.450001810015198
1.5563972500133696,-0.8696265725919046,-2.450087983610278
1.5932141151393147,-0.8696265725919046,-2.4511524957868005
1.6300309802652597,-0.8696265725919046,-2.452894141895843
1.6668478453912048,-0.8696265725919046,-2.456003033880544
1.7036647105171498,-0.8696265725919046,-2.4596855055654694
1.740481575643095,-0.8696265725919046,-2.464133723541043
1.77729844076904,-0.8696265725919046,-2.4694493341562755
1.814115305894985,-0.8696265725919046,-2.4754051718478
1.85093217102093,-0.8696265725919046,-2.4826828341923237
1.8877490361468756,-0.8696265725919046,-2.4904490495414113
1.9245659012728207,-0.8696265725919046,-2.498352152385893
1.9613827663987657,-0.8696265725919046,-2.508018690945507
1.9981996315247104,-0.8696265725919046,
-1.646670015943854,-0.8370233820853965,
-1.609853150817909,-0.8370233820853965,
-1.573036285691964,-0.8370233820853965,
-1.536219420566019,-0.8370233820853965,
-1.4994025554400736,-0.8370233820853965,
-1.4625856903141286,-0.8370233820853965,
-1.4257688251881835,-0.8370233820853965,
-1.3889519600622384,-0.8370233820853965,
-1.3521350949362934,-0.8370233820853965,
-1.315318229810348,-0.8370233820853965,
-1.278501364684403,-0.8370233820853965,
-1.241684499558458,-0.8370233820853965,
-1.2048676344325129,-0.8370233820853965,
-1.1680507693065678,-0.8370233820853965,
-1.1312339041806228,-0.8370233820853965,
-1.0944170390546777,-0.8370233820853965,
-1.0576001739287326,-0.8370233820853965,
-1.0207833088027876,-0.8370233820853965,
-0.9839664436768423,-0.8370233820853965,
-0.9471495785508972,-0.8370233820853965,
-0.9103327134249521,-0.8370233820853965,
-0.873515848299007,-0.8370233820853965,
-0.8366989831730619,-0.8370233820853965,
-0.7998821180471168,-0.8370233820853965,
-0.7630652529211717,-0.8370233820853965,
-0.7262483877952266,-0.8370233820853965,
-0.6894315226692815,-0.8370233820853965,
-0.6526146575433365,-0.8370233820853965,
-0.6157977924173914,-0.8370233820853965,
-0.5789809272914461,-0.8370233820853965,
-0.5421640621655011,-0.8370233820853965,
-0.505347197039556,-0.8370233820853965,
-0.46853033191361093,-0.8370233820853965,
-0.43171346678766587,-0.8370233820853965,
-0.3948966016617208,-0.8370233820853965,
-0.35807973653577574,-0.8370233820853965,
-0.32126287140983045,-0.8370233820853965,
-0.2844460062838854,-0.8370233820853965,
-0.24762914115794032,-0.8370233820853965,
-0.21081227603199526,-0.8370233820853965,
-0.1739954109060502,-0.8370233820853965,
-0.13717854578010513,-0.8370233820853965,
-0.10036168065415985,-0.8370233820853965,
-0.06354481552821478,-0.8370233820853965,
-0.026727950402269718,-0.8370233820853965,
0.010088914723675346,-0.8370233820853965,
0.04690577984962041,-0.8370233820853965,
0.08372264497556547,-0.8370233820853965,
0.12053951010151076,-0.8370233820853965,
0.15735637522745582,-0.8370233820853965,
0.1941732403534009,-0.8370233820853965,
0.23099010547934595,-0.8370233820853965,
0.267806970605291,-0.8370233820853965,
0.3046238357312361,-0.8370233820853965,
0.34144070085718115,-0.8370233820853965,
0.3782575659831262,-0.8370233820853965,
0.4150744311090713,-0.8370233820853965,
0.45189129623501634,-0.8370233820853965,
0.48870816136096185,-0.8370233820853965,
0.5255250264869069,-0.8370233820853965,
0.562341891612852,-0.8370233820853965,
0.599158756738797,-0.8370233820853965,
0.6359756218647421,-0.8370233820853965,
0.6727924869906872,-0.8370233820853965,
0.7096093521166322,-0.8370233820853965,
0.7464262172425773,-0.8370233820853965,
0.7832430823685224,-0.8370233820853965,
0.8200599474944674,-0.8370233820853965,
0.8568768126204125,-0.8370233820853965,
0.8936936777463576,-0.8370233820853965,
0.9305105428723026,-0.8370233820853965,
0.9673274079982481,-0.8370233820853965,
1.0041442731241932,-0.8370233820853965,
1.0409611382501383,-0.8370233820853965,
1.0777780033760833,-0.8370233820853965,
1.1145948685020284,-0.8370233820853965,
1.1514117336279734,-0.8370233820853965,
1.1882285987539185,-0.8370233820853965,
1.2250454638798636,-0.8370233820853965,
1.2618623290058086,-0.8370233820853965,
1.2986791941317537,-0.8370233820853965,
1.3354960592576988,-0.8370233820853965,
1.3723129243836438,-0.8370233820853965,-2.4525671246893865
1.409129789509589,-0.8370233820853965,-2.4502053032053146
1.4459466546355344,-0.8370233820853965,-2.4487987956408452
1.4827635197614795,-0.8370233820853965,-2.4485105785775287
1.5195803848874245,-0.8370233820853965,-2.4494750797810267
1.5563972500133696,-0.8370233820853965,-2.4506681981273974
1.5932141151393147,-0.8370233820853965,-2.4527029164753125
1.6300309802652597,-0.8370233820853965,-2.455043905170415
1.6668478453912048,-0.8370233820853965,-2.4589554440850803
1.7036647105171498,-0.8370233820853965,-2.463366997323776
1.740481575643095,-0.8370233820853965,-2.468176568610999
1.77729844076904,-0.8370233820853965,-2.474630020982476
1.814115305894985,-0.8370233820853965,-2.4816580771969274
1.85093217102093,-0.8370233820853965,-2.4893079139488163
1.8877490361468756,-0.8370233820853965,-2.4977238310002376
1.9245659012728207,-0.8370233820853965,-2.5065065412033016
1.9613827663987657,-0.8370233820853965,-2.5169542874672253
1.9981996315247104,-0.8370233820853965,
-1.646670015943854,-0.8044201915788886,
-1.609853150817909,-0.8044201915788886,
-1.573036285691964,-0.8044201915788886,
-1.536219420566019,-0.8044201915788886,
-1.4994025554400736,-0.8044201915788886,
-1.4625856903141286,-0.8044201915788886,
-1.4257688251881835,-0.8044201915788886,
-1.3889519600622384,-0.8044201915788886,
-1.3521350949362934,-0.8044201915788886,
-1.315318229810348,-0.8044201915788886,
-1.278501364684403,-0.8044201915788886,
-1.241684499558458,-0.8044201915788886,
-1.2048676344325129,-0.8044201915788886,
-1.1680507693065678,-0.8044201915788886,
-1.1312339041806228,-0.8044201915788886,
-1.0944170390546777,-0.8044201915788886,
-1.0576001739287326,-0.8044201915788886,
-1.0207833088027876,-0.8044201915788886,
-0.9839664436768423,-0.8044201915788886,
-0.9471495785508972,-0.8044201915788886,
-0.9103327134249521,-0.8044201915788886,
-0.873515848299007,-0.8044201915788886,
-0.8366989831730619,-0.8044201915788886,
-0.7998821180471168,-0.8044201915788886,
-0.7630652529211717,-0.8044201915788886,
-0.7262483877952266,-0.8044201915788886,
-0.6894315226692815,-0.8044201915788886,
-0.6526146575433365,-0.8044201915788886,
-0.6157977924173914,-0.8044201915788886,
-0.5789809272914461,-0.8044201915788886,
-0.5421640621655011,-0.8044201915788886,
-0.505347197039556,-0.8044201915788886,
-0.46853033191361093,-0.8044201915788886,
-0.43171346678766587,-0.8044201915788886,
-0.3948966016617208,-0.8044201915788886,
-0.35807973653577574,-0.8044201915788886,
-0.32126287140983045,-0.8044201915788886,
-0.2844460062838854,-0.8044201915788886,
-0.24762914115794032,-0.8044201915788886,
-0.21081227603199526,-0.8044201915788886,
-0.1739954109060502,-0.8044201915788886,
-0.13717854578010513,-0.8044201915788886,
-0.10036168065415985,-0.8044201915788886,
-0.06354481552821478,-0.8044201915788886,
-0.026727950402269718,-0.8044201915788886,
0.010088914723675346,-0.8044201915788886,
0.04690577984962041,-0.8044201915788886,
0.08372264497556547,-0.8044201915788886,
0.12053951010151076,-0.8044201915788886,
0.15735637522745582,-0.8044201915788886,
0.1941732403534009,-0.8044201915788886,
0.23099010547934595,-0.8044201915788886,
0.267806970605291,-0.8044201915788886,
0.3046238357312361,-0.8044201915788886,
0.34144070085718115,-0.8044201915788886,
0.3782575659831262,-0.8044201915788886,
0.4150744311090713,-0.8044201915788886,
0.45189129623501634,-0.8044201915788886,
0.48870816136096185,-0.8044201915788886,
0.5255250264869069,-0.8044201915788886,
0.562341891612852,-0.8044201915788886,
0.599158756738797,-0.8044201915788886,
0.6359756218647421,-0.8044201915788886,
0.6727924869906872,-0.8044201915788886,
0.7096093521166322,-0.8044201915788886,
0.7464262172425773,-0.8044201915788886,
0.7832430823685224,-0.8044201915788886,
0.8200599474944674,-0.8044201915788886,
0.8568768126204125,-0.8044201915788886,
0.8936936777463576,-0.8044201915788886,
0.9305105428723026,-0.8044201915788886,
0.9673274079982481,-0.8044201915788886,
1.0041442731241932,-0.8044201915788886,
1.0409611382501383,-0.8044201915788886,
1.0777780033760833,-0.8044201915788886,
1.1145948685020284,-0.8044201915788886,
1.1514117336279734,-0.8044201915788886,
1.1882285987539185,-0.8044201915788886,
1.2250454638798636,-0.8044201915788886,
1.2618623290058086,-0.8044201915788886,
1.2986791941317537,-0.8044201915788886,-2.453900317569207
1.3354960592576988,-0.8044201915788886,-2.4519872989119555
1.3723129243836438,-0.8044201915788886,-2.4491038293512064
1.409129789509589,-0.8044201915788886,-2.4481657677709547
1.4459466546355344,-0.8044201915788886,-2.4482543709942033
1.4827635197614795,-0.8044201915788886,-2.4484494146103395
1.5195803848874245,-0.8044201915788886,-2.449564186025558
1.5563972500133696,-0.8044201915788886,-2.451333782975584
1.5932141151393147,-0.8044201915788886,-2.4541496885216962
1.6300309802652597,-0.8044201915788886,-2.4578915449144736
1.6668478453912048,-0.8044201915788886,-2.462159288437018
1.7036647105171498,-0.8044201915788886,-2.468154208321991
1.740481575643095,-0.8044201915788886,-2.4738842970846053
1.77729844076904,-0.8044201915788886,-2.4808826359908687
1.814115305894985,-0.8044201915788886,-2.4879189782145077
1.85093217102093,-0.8044201915788886,-2.4960897104561393
1.8877490361468756,-0.8044201915788886,-2.506017354397862
1.9245659012728207,-0.8044201915788886,-2.5155275622788005
1.9613827663987657,-0.8044201915788886,-2.526902030340228
1.9981996315247104,-0.8044201915788886,
-1.646670015943854,-0.7718170010723805,
-1.609853150817909,-0.7718170010723805,
-1.573036285691964,-0.7718170010723805,
-1.536219420566019,-0.7718170010723805,
-1.4994025554400736,-0.7718170010723805,
-1.4625856903141286,-0.7718170010723805,
-1.4257688251881835,-0.7718170010723805,
-1.3889519600622384,-0.7718170010723805,
-1.3521350949362934,-0.7718170010723805,
-1.315318229810348,-0.7718170010723805,
-1.278501364684403,-0.7718170010723805,
-1.241684499558458,-0.7718170010723805,
-1.2048676344325129,-0.7718170010723805,
-1.1680507693065678,-0.7718170010723805,
-1.1312339041806228,-0.7718170010723805,
-1.0944170390546777,-0.7718170010723805,
-1.0576001739287326,-0.7718170010723805,
-1.0207833088027876,-0.7718170010723805,
-0.9839664436768423,-0.7718170010723805,
-0.9471495785508972,-0.7718170010723805,
-0.9103327134249521,-0.7718170010723805,
-0.873515848299007,-0.7718170010723805,
-0.8366989831730619,-0.7718170010723805,
-0.7998821180471168,-0.7718170010723805,
-0.7630652529211717,-0.7718170010723805,
-0.7262483877952266,-0.7718170010723805,
-0.6894315226692815,-0.7718170010723805,
-0.6526146575433365,-0.7718170010723805,
-0.6157977924173914,-0.7718170010723805,
-0.5789809272914461,-0.7718170010723805,
-0.5421640621655011,-0.7718170010723805,
-0.505347197039556,-0.7718170010723805,
-0.46853033191361093,-0.7718170010723805,
-0.43171346678766587,-0.7718170010723805,
-0.3948966016617208,-0.7718170010723805,
-0.35807973653577574,-0.7718170010723805,
-0.32126287140983045,-0.7718170010723805,
-0.2844460062838854,-0.7718170010723805,
-0.24762914115794032,-0.7718170010723805,
-0.21081227603199526,-0.7718170010723805,
-0.1739954109060502,-0.7718170010723805,
-0.13717854578010513,-0.7718170010723805,
-0.10036168065415985,-0.7718170010723805,
-0.06354481552821478,-0.7718170010723805,
-0.026727950402269718,-0.7718170010723805,
0.010088914723675346,-0.7718170010723805,
0.04690577984962041,-0.7718170010723805,
0.08372264497556547,-0.7718170010723805,
0.12053951010151076,-0.7718170010723805,
0.15735637522745582,-0.7718170010723805,
0.1941732403534009,-0.7718170010723805,
0.23099010547934595,-0.7718170010723805,
0.267806970605291,-0.7718170010723805,
0.3046238357312361,-0.7718170010723805,
0.34144070085718115,-0.7718170010723805,
0.3782575659831262,-0.7718170010723805,
0.4150744311090713,-0.7718170010723805,
0.45189129623501634,-0.7718170010723805,
0.48870816136096185,-0.7718170010723805,
0.5255250264869069,-0.7718170010723805,
0.562341891612852,-0.7718170010723805,
0.599158756738797,-0.7718170010723805,
0.6359756218647421,-0.7718170010723805,
0.6727924869906872,-0.7718170010723805,
0.7096093521166322,-0.7718170010723805,
0.7464262172425773,-0.7718170010723805,
0.7832430823685224,-0.7718170010723805,
0.8200599474944674,-0.7718170010723805,
0.8568768126204125,-0.7718170010723805,
0.8936936777463576,-0.7718170010723805,
0.9305105428723026,-0.7718170010723805,
0.9673274079982481,-0.7718170010723805,
1.0041442731241932,-0.7718170010723805,
1.0409611382501383,-0.7718170010723805,
1.0777780033760833,-0.7718170010723805,
1.1145948685020284,-0.7718170010723805,
1.1514117336279734,-0.7718170010723805,
1.1882285987539185,-0.7718170010723805,
1.2250454638798636,-0.7718170010723805,
1.2618623290058086,-0.7718170010723805,-2.453345792738139
1.2986791941317537,-0.7718170010723805,-2.4508253249551784
1.3354960592576988,-0.7718170010723805,-2.44855976291531
1.3723129243836438,-0.7718170010723805,-2.447468134749532
1.409129789509589,-0.7718170010723805,-2.4466854183564135
1.4459466546355344,-0.7718170010723805,-2.447506223273727
1.4827635197614795,-0.7718170010723805,-2.4492708041635503
1.5195803848874245,-0.7718170010723805,-2.450756001349238
1.5563972500133696,-0.7718170010723805,-2.452663069296856
1.5932141151393147,-0.7718170010723805,-2.4569906110052946
1.6300309802652597,-0.7718170010723805,-2.46106847320163
1.6668478453912048,-0.7718170010723805,-2.4668977162470904
1.7036647105171498,-0.7718170010723805,-2.473567916300083
1.740481575643095,-0.7718170010723805,-2.479812749513293
1.77729844076904,-0.7718170010723805,-2.4873868917809943
1.814115305894985,-0.7718170010723805,-2.495360959226087
1.85093217102093,-0.7718170010723805,-2.504722403516031
1.8877490361468756,-0.7718170010723805,-2.514710329662214
1.9245659012728207,-0.7718170010723805,-2.524956552179965
1.9613827663987657,-0.7718170010723805,-2.537681315301308
1.9981996315247104,-0.7718170010723805,
-1.646670015943854,-0.7392138105658725,
-1.609853150817909,-0.7392138105658725,
-1.573036285691964,-0.7392138105658725,
-1.536219420566019,-0.7392138105658725,
-1.4994025554400736,-0.7392138105658725,
-1.4625856903141286,-0.7392138105658725,
-1.4257688251881835,-0.7392138105658725,
-1.3889519600622384,-0.7392138105658725,
-1.3521350949362934,-0.7392138105658725,
-1.315318229810348,-0.7392138105658725,
-1.278501364684403,-0.7392138105658725,
-1.241684499558458,-0.7392138105658725,
-1.2048676344325129,-0.7392138105658725,
-1.1680507693065678,-0.7392138105658725,
-1.1312339041806228,-0.7392138105658725,
-1.0944170390546777,-0.7392138105658725,
-1.0576001739287326,-0.7392138105658725,
-1.0207833088027876,-0.7392138105658725,
-0.9839664436768423,-0.7392138105658725,
-0.9471495785508972,-0.7392138105658725,
-0.9103327134249521,-0.7392138105658725,
-0.873515848299007,-0.7392138105658725,
-0.8366989831730619,-0.7392138105658725,
-0.7998821180471168,-0.7392138105658725,
-0.7630652529211717,-0.7392138105658725,
-0.7262483877952266,-0.7392138105658725,
-0.6894315226692815,-0.7392138105658725,
-0.6526146575433365,-0.7392138105658725,
-0.6157977924173914,-0.7392138105658725,
-0.5789809272914461,-0.7392138105658725,
-0.5421640621655011,-0.7392138105658725,
-0.505347197039556,-0.7392138105658725,
-0.46853033191361093,-0.7392138105658725,
-0.43171346678766587,-0.7392138105658725,
-0.3948966016617208,-0.7392138105658725,
-0.35807973653577574,-0.7392138105658725,
-0.32126287140983045,-0.7392138105658725,
-0.2844460062838854,-0.7392138105658725,
-0.24762914115794032,-0.7392138105658725,
-0.21081227603199526,-0.7392138105658725,
-0.1739954109060502,-0.7392138105658725,
-0.13717854578010513,-0.7392138105658725,
-0.10036168065415985,-0.7392138105658725,
-0.06354481552821478,-0.7392138105658725,
-0.026727950402269718,-0.7392138105658725,
0.010088914723675346,-0.7392138105658725,
0.04690577984962041,-0.7392138105658725,
0.08372264497556547,-0.7392138105658725,
0.12053951010151076,-0.7392138105658725,
0.15735637522745582,-0.7392138105658725,
0.1941732403534009,-0.7392138105658725,
0.23099010547934595,-0.7392138105658725,
0.267806970605291,-0.7392138105658725,
0.3046238357312361,-0.7392138105658725,
0.34144070085718115,-0.7392138105658725,
0.3782575659831262,-0.7392138105658725,
0.4150744311090713,-0.7392138105658725,
0.45189129623501634,-0.7392138105658725,
0.48870816136096185,-0.7392138105658725,
0.5255250264869069,-0.7392138105658725,
0.562341891612852,-0.7392138105658725,
0.599158756738797,-0.7392138105658725,
0.6359756218647421,-0.7392138105658725,
0.6727924869906872,-0.7392138105658725,
0.7096093521166322,-0.7392138105658725,
0.7464262172425773,-0.7392138105658725,
0.7832430823685224,-0.7392138105658725,
0.8200599474944674,-0.7392138105658725,
0.8568768126204125,-0.7392138105658725,
0.8936936777463576,-0.7392138105658725,
0.9305105428723026,-0.7392138105658725,
0.9673274079982481,-0.7392138105658725,
1.0041442731241932,-0.7392138105658725,
1.0409611382501383,-0.7392138105658725,
1.0777780033760833,-0.7392138105658725,
1.1145948685020284,-0.7392138105658725,
1.1514117336279734,-0.7392138105658725,
1.1882285987539185,-0.7392138105658725,-2.4583519699407326
1.2250454638798636,-0.7392138105658725,-2.4521215277182327
1.2618623290058086,-0.7392138105658725,-2.450454257022133
1.2986791941317537,-0.7392138105658725,-2.4487451677058774
1.3354960592576988,-0.7392138105658725,-2.446676418197709
1.3723129243836438,-0.7392138105658725,-2.4455392973976413
1.409129789509589,-0.7392138105658725,-2.446398286452937
1.4459466546355344,-0.7392138105658725,-2.447716320915903
1.4827635197614795,-0.7392138105658725,-2.4500825455001642
1.5195803848874245,-0.7392138105658725,-2.4519741278222402
1.5563972500133696,-0.7392138105658725,-2.4558612292773327
1.5932141151393147,-0.7392138105658725,-2.4605628876742145
1.6300309802652597,-0.7392138105658725,-2.465322022611
1.6668478453912048,-0.7392138105658725,-2.4717759003346105
1.7036647105171498,-0.7392138105658725,-2.478363322307071
1.740481575643095,-0.7392138105658725,-2.4861091916575635
1.77729844076904,-0.7392138105658725,-2.494484099958785
1.814115305894985,-0.7392138105658725,-2.5041385308881066
1.85093217102093,-0.7392138105658725,-2.5142019087809944
1.8877490361468756,-0.7392138105658725,-2.524697884157031
1.9245659012728207,-0.7392138105658725,-2.536570446211245
1.9613827663987657,-0.7392138105658725,-2.549287440646741
1.9981996315247104,-0.7392138105658725,
-1.646670015943854,-0.7066106200593645,
-1.609853150817909,-0.7066106200593645,
-1.573036285691964,-0.7066106200593645,
-1.536219420566019,-0.7066106200593645,
-1.4994025554400736,-0.7066106200593645,
-1.4625856903141286,-0.7066106200593645,
-1.4257688251881835,-0.7066106200593645,
-1.3889519600622384,-0.7066106200593645,
-1.3521350949362934,-0.7066106200593645,
-1.315318229810348,-0.7066106200593645,
-1.278501364684403,-0.7066106200593645,
-1.241684499558458,-0.7066106200593645,
-1.2048676344325129,-0.7066106200593645,
-1.1680507693065678,-0.7066106200593645,
-1.1312339041806228,-0.7066106200593645,
-1.0944170390546777,-0.7066106200593645,
-1.0576001739287326,-0.7066106200593645,
-1.0207833088027876,-0.7066106200593645,
-0.9839664436768423,-0.7066106200593645,
-0.9471495785508972,-0.7066106200593645,
-0.9103327134249521,-0.7066106200593645,
-0.873515848299007,-0.7066106200593645,
-0.8366989831730619,-0.7066106200593645,
-0.7998821180471168,-0.7066106200593645,
-0.7630652529211717,-0.7066106200593645,
-0.7262483877952266,-0.7066106200593645,
-0.6894315226692815,-0.7066106200593645,
-0.6526146575433365,-0.7066106200593645,
-0.6157977924173914,-0.7066106200593645,
-0.5789809272914461,-0.7066106200593645,
-0.5421640621655011,-0.7066106200593645,
-0.505347197039556,-0.7066106200593645,
-0.46853033191361093,-0.7066106200593645,
-0.43171346678766587,-0.7066106200593645,
-0.3948966016617208,-0.7066106200593645,
-0.35807973653577574,-0.7066106200593645,
-0.32126287140983045,-0.7066106200593645,
-0.2844460062838854,-0.7066106200593645,
-0.24762914115794032,-0.7066106200593645,
-0.21081227603199526,-0.7066106200593645,
-0.1739954109060502,-0.7066106200593645,
-0.13717854578010513,-0.7066106200593645,
-0.10036168065415985,-0.7066106200593645,
-0.06354481552821478,-0.7066106200593645,
-0.026727950402269718,-0.7066106200593645,
0.010088914723675346,-0.7066106200593645,
0.04690577984962041,-0.7066106200593645,
0.08372264497556547,-0.7066106200593645,
0.12053951010151076,-0.7066106200593645,
0.15735637522745582,-0.7066106200593645,
0.1941732403534009,-0.7066106200593645,
0.23099010547934595,-0.7066106200593645,
0.267806970605291,-0.7066106200593645,
0.3046238357312361,-0.7066106200593645,
0.34144070085718115,-0.7066106200593645,
0.3782575659831262,-0.7066106200593645,
0.4150744311090713,-0.7066106200593645,
0.45189129623501634,-0.7066106200593645,
0.48870816136096185,-0.7066106200593645,
0.5255250264869069,-0.7066106200593645,
0.562341891612852,-0.7066106200593645,
0.599158756738797,-0.7066106200593645,
0.6359756218647421,-0.7066106200593645,
0.6727924869906872,-0.7066106200593645,
0.7096093521166322,-0.7066106200593645,
0.7464262172425773,-0.7066106200593645,
0.7832430823685224,-0.7066106200593645,
0.8200599474944674,-0.7066106200593645,
0.8568768126204125,-0.7066106200593645,
0.8936936777463576,-0.7066106200593645,
0.9305105428723026,-0.7066106200593645,
0.9673274079982481,-0.7066106200593645,
1.0041442731241932,-0.7066106200593645,
1.0409611382501383,-0.7066106200593645,
1.0777780033760833,-0.7066106200593645,
1.1145948685020284,-0.7066106200593645,
1.1514117336279734,-0.7066106200593645,-2.454182033689495
1.1882285987539185,-0.7066106200593645,-2.450591094649175
1.2250454638798636,-0.7066106200593645,-2.448259007481239
1.2618623290058086,-0.7066106200593645,-2.4471394177539363
1.2986791941317537,-0.7066106200593645,-2.4460817252561124
1.3354960592576988,-0.7066106200593645,-2.4450240327582886
1.3723129243836438,-0.7066106200593645,-2.445706152301022
1.409129789509589,-0.7066106200593645,-2.4471382929140013
1.4459466546355344,-0.7066106200593645,-2.448913548044234
1.4827635197614795,-0.7066106200593645,-2.451519828890958
1.5195803848874245,-0.7066106200593645,-2.4549967701820163
1.5563972500133696,-0.7066106200593645,-2.4600763479095296
1.5932141151393147,-0.7066106200593645,-2.4649326408287617
1.6300309802652597,-0.7066106200593645,-2.470393693258882
1.6668478453912048,-0.7066106200593645,-2.47721031293455
1.7036647105171498,-0.7066106200593645,-2.4848379599592976
1.740481575643095,-0.7066106200593645,-2.493463510235421
1.77729844076904,-0.7066106200593645,-2.503043844126416
1.814115305894985,-0.7066106200593645,-2.5131556550694927
1.85093217102093,-0.7066106200593645,-2.5236626182421134
1.8877490361468756,-0.7066106200593645,-2.5353207322111815
1.9245659012728207,-0.7066106200593645,-2.5480861037019027
1.9613827663987657,-0.7066106200593645,-2.5610829455354285
1.9981996315247104,-0.7066106200593645,
-1.646670015943854,-0.6740074295528564,
-1.609853150817909,-0.6740074295528564,
-1.573036285691964,-0.6740074295528564,
-1.536219420566019,-0.6740074295528564,
-1.4994025554400736,-0.6740074295528564,
-1.4625856903141286,-0.6740074295528564,
-1.4257688251881835,-0.6740074295528564,
-1.3889519600622384,-0.6740074295528564,
-1.3521350949362934,-0.6740074295528564,
-1.315318229810348,-0.6740074295528564,
-1.278501364684403,-0.6740074295528564,
-1.241684499558458,-0.6740074295528564,
-1.2048676344325129,-0.6740074295528564,
-1.1680507693065678,-0.6740074295528564,
-1.1312339041806228,-0.6740074295528564,
-1.0944170390546777,-0.6740074295528564,
-1.0576001739287326,-0.6740074295528564,
-1.0207833088027876,-0.6740074295528564,
-0.9839664436768423,-0.6740074295528564,
-0.9471495785508972,-0.6740074295528564,
-0.9103327134249521,-0.6740074295528564,
-0.873515848299007,-0.6740074295528564,
-0.8366989831730619,-0.6740074295528564,
-0.7998821180471168,-0.6740074295528564,
-0.7630652529211717,-0.6740074295528564,
-0.7262483877952266,-0.6740074295528564,
-0.6894315226692815,-0.6740074295528564,
-0.6526146575433365,-0.6740074295528564,
-0.6157977924173914,-0.6740074295528564,
-0.5789809272914461,-0.6740074295528564,
-0.5421640621655011,-0.6740074295528564,
-0.505347197039556,-0.6740074295528564,
-0.46853033191361093,-0.6740074295528564,
-0.43171346678766587,-0.6740074295528564,
-0.3948966016617208,-0.6740074295528564,
-0.35807973653577574,-0.6740074295528564,
-0.32126287140983045,-0.6740074295528564,
-0.2844460062838854,-0.6740074295528564,
-0.24762914115794032,-0.6740074295528564,
-0.21081227603199526,-0.6740074295528564,
-0.1739954109060502,-0.6740074295528564,
-0.13717854578010513,-0.6740074295528564,
-0.10036168065415985,-0.6740074295528564,
-0.06354481552821478,-0.6740074295528564,
-0.026727950402269718,-0.6740074295528564,
0.010088914723675346,-0.6740074295528564,
0.04690577984962041,-0.6740074295528564,
0.08372264497556547,-0.6740074295528564,
0.12053951010151076,-0.6740074295528564,
0.15735637522745582,-0.6740074295528564,
0.1941732403534009,-0.6740074295528564,
0.23099010547934595,-0.6740074295528564,
0.267806970605291,-0.6740074295528564,
0.3046238357312361,-0.6740074295528564,
0.34144070085718115,-0.6740074295528564,
0.3782575659831262,-0.6740074295528564,
0.4150744311090713,-0.6740074295528564,
0.45189129623501634,-0.6740074295528564,
0.48870816136096185,-0.6740074295528564,
0.5255250264869069,-0.6740074295528564,
0.562341891612852,-0.6740074295528564,
0.599158756738797,-0.6740074295528564,
0.6359756218647421,-0.6740074295528564,
0.6727924869906872,-0.6740074295528564,
0.7096093521166322,-0.6740074295528564,
0.7464262172425773,-0.6740074295528564,
0.7832430823685224,-0.6740074295528564,
0.8200599474944674,-0.6740074295528564,
0.8568768126204125,-0.6740074295528564,
0.8936936777463576,-0.6740074295528564,
0.9305105428723026,-0.6740074295528564,
0.9673274079982481,-0.6740074295528564,
1.0041442731241932,-0.6740074295528564,
1.0409611382501383,-0.6740074295528564,
1.0777780033760833,-0.6740074295528564,
1.1145948685020284,-0.6740074295528564,-2.4527699122194297
1.1514117336279734,-0.6740074295528564,-2.4498648173896527
1.1882285987539185,-0.6740074295528564,-2.4472472398042893
1.2250454638798636,-0.6740074295528564,-2.446404466971037
1.2618623290058086,-0.6740074295528564,-2.446227481974865
1.2986791941317537,-0.6740074295528564,-2.445169789477041
1.3354960592576988,-0.6740074295528564,-2.444447297417395
1.3723129243836438,-0.6740074295528564,-2.4456668460704067
1.409129789509589,-0.6740074295528564,-2.447744750875789
1.4459466546355344,-0.6740074295528564,-2.4502045022797767
1.4827635197614795,-0.6740074295528564,-2.4542243569434636
1.5195803848874245,-0.6740074295528564,-2.4587796426987985
1.5563972500133696,-0.6740074295528564,-2.4641828048396146
1.5932141151393147,-0.6740074295528564,-2.469914739730518
1.6300309802652597,-0.6740074295528564,-2.4762732436086834
1.6668478453912048,-0.6740074295528564,-2.484107979943978
1.7036647105171498,-0.6740074295528564,-2.4924260488392354
1.740481575643095,-0.6740074295528564,-2.5016680452482767
1.77729844076904,-0.6740074295528564,-2.511456349968788
1.814115305894985,-0.6740074295528564,-2.522929209807567
1.85093217102093,-0.6740074295528564,-2.5341179900653326
1.8877490361468756,-0.6740074295528564,-2.5466934510593227
1.9245659012728207,-0.6740074295528564,-2.5598786553716977
1.9613827663987657,-0.6740074295528564,-2.574213654257793
1.9981996315247104,-0.6740074295528564,
-1.646670015943854,-0.6414042390463485,
-1.609853150817909,-0.6414042390463485,
-1.573036285691964,-0.6414042390463485,
-1.536219420566019,-0.6414042390463485,
-1.4994025554400736,-0.6414042390463485,
-1.4625856903141286,-0.6414042390463485,
-1.4257688251881835,-0.6414042390463485,
-1.3889519600622384,-0.6414042390463485,
-1.3521350949362934,-0.6414042390463485,
-1.315318229810348,-0.6414042390463485,
-1.278501364684403,-0.6414042390463485,
-1.241684499558458,-0.6414042390463485,
-1.2048676344325129,-0.6414042390463485,
-1.1680507693065678,-0.6414042390463485,
-1.1312339041806228,-0.6414042390463485,
-1.0944170390546777,-0.6414042390463485,
-1.0576001739287326,-0.6414042390463485,
-1.0207833088027876,-0.6414042390463485,
-0.9839664436768423,-0.6414042390463485,
-0.9471495785508972,-0.6414042390463485,
-0.9103327134249521,-0.6414042390463485,
-0.873515848299007,-0.6414042390463485,
-0.8366989831730619,-0.6414042390463485,
-0.7998821180471168,-0.6414042390463485,
-0.7630652529211717,-0.6414042390463485,
-0.7262483877952266,-0.6414042390463485,
-0.6894315226692815,-0.6414042390463485,
-0.6526146575433365,-0.6414042390463485,
-0.6157977924173914,-0.6414042390463485,
-0.5789809272914461,-0.6414042390463485,
-0.5421640621655011,-0.6414042390463485,
-0.505347197039556,-0.6414042390463485,
-0.46853033191361093,-0.6414042390463485,
-0.43171346678766587,-0.6414042390463485,
-0.3948966016617208,-0.6414042390463485,
-0.35807973653577574,-0.6414042390463485,
-0.32126287140983045,-0.6414042390463485,
-0.2844460062838854,-0.6414042390463485,
-0.24762914115794032,-0.6414042390463485,
-0.21081227603199526,-0.6414042390463485,
-0.1739954109060502,-0.6414042390463485,
-0.13717854578010513,-0.6414042390463485,
-0.10036168065415985,-0.6414042390463485,
-0.06354481552821478,-0.6414042390463485,
-0.026727950402269718,-0.6414042390463485,
0.010088914723675346,-0.6414042390463485,
0.04690577984962041,-0.6414042390463485,
0.08372264497556547,-0.6414042390463485,
0.12053951010151076,-0.6414042390463485,
0.15735637522745582,-0.6414042390463485,
0.1941732403534009,-0.6414042390463485,
0.23099010547934595,-0.6414042390463485,
0.267806970605291,-0.6414042390463485,
0.3046238357312361,-0.6414042390463485,
0.34144070085718115,-0.6414042390463485,
0.3782575659831262,-0.6414042390463485,
0.4150744311090713,-0.6414042390463485,
0.45189129623501634,-0.6414042390463485,
0.48870816136096185,-0.6414042390463485,
0.5255250264869069,-0.6414042390463485,
0.562341891612852,-0.6414042390463485,
0.599158756738797,-0.6414042390463485,
0.6359756218647421,-0.6414042390463485,
0.6727924869906872,-0.6414042390463485,
0.7096093521166322,-0.6414042390463485,
0.7464262172425773,-0.6414042390463485,
0.7832430823685224,-0.6414042390463485,
0.8200599474944674,-0.6414042390463485,
0.8568768126204125,-0.6414042390463485,
0.8936936777463576,-0.6414042390463485,
0.9305105428723026,-0.6414042390463485,
0.9673274079982481,-0.6414042390463485,
1.0041442731241932,-0.6414042390463485,
1.0409611382501383,-0.6414042390463485,-2.4569945408068934
1.0777780033760833,-0.6414042390463485,-2.4524061410935687
1.1145948685020284,-0.6414042390463485,-2.4490415050705363
1.1514117336279734,-0.6414042390463485,-2.4466349509585203
1.1882285987539185,-0.6414042390463485,-2.444542432315832
1.2250454638798636,-0.6414042390463485,-2.4436403278754835
1.2618623290058086,-0.6414042390463485,-2.4442626001154433
1.2986791941317537,-0.6414042390463485,-2.4442578536979696
1.3354960592576988,-0.6414042390463485,-2.4443847799327054
1.3723129243836438,-0.6414042390463485,-2.446607497310956
1.409129789509589,-0.6414042390463485,-2.4498134876147786
1.4459466546355344,-0.6414042390463485,-2.453508091243137
1.4827635197614795,-0.6414042390463485,-2.4578577127365704
1.5195803848874245,-0.6414042390463485,-2.462849699224427
1.5563972500133696,-0.6414042390463485,-2.4688096451774273
1.5932141151393147,-0.6414042390463485,-2.4758961670279973
1.6300309802652597,-0.6414042390463485,-2.483430275518841
1.6668478453912048,-0.6414042390463485,-2.491072033213684
1.7036647105171498,-0.6414042390463485,-2.5000322293063166
1.740481575643095,-0.6414042390463485,-2.5106420490602144
1.77729844076904,-0.6414042390463485,-2.5218237165140356
1.814115305894985,-0.6414042390463485,-2.533596504387482
1.85093217102093,-0.6414042390463485,-2.5450078671434317
1.8877490361468756,-0.6414042390463485,-2.557125664981597
1.9245659012728207,-0.6414042390463485,-2.5730990298847063
1.9613827663987657,-0.6414042390463485,-2.5874866073329854
1.9981996315247104,-0.6414042390463485,
-1.646670015943854,-0.6088010485398404,
-1.609853150817909,-0.6088010485398404,
-1.573036285691964,-0.6088010485398404,
-1.536219420566019,-0.6088010485398404,
-1.4994025554400736,-0.6088010485398404,
-1.4625856903141286,-0.6088010485398404,
-1.4257688251881835,-0.6088010485398404,
-1.3889519600622384,-0.6088010485398404,
-1.3521350949362934,-0.6088010485398404,
-1.315318229810348,-0.6088010485398404,
-1.278501364684403,-0.6088010485398404,
-1.241684499558458,-0.6088010485398404,
-1.2048676344325129,-0.6088010485398404,
-1.1680507693065678,-0.6088010485398404,
-1.1312339041806228,-0.6088010485398404,
-1.0944170390546777,-0.6088010485398404,
-1.0576001739287326,-0.6088010485398404,
-1.0207833088027876,-0.6088010485398404,
-0.9839664436768423,-0.6088010485398404,
-0.9471495785508972,-0.6088010485398404,
-0.9103327134249521,-0.6088010485398404,
-0.873515848299007,-0.6088010485398404,
-0.8366989831730619,-0.6088010485398404,
-0.7998821180471168,-0.6088010485398404,
-0.7630652529211717,-0.6088010485398404,
-0.7262483877952266,-0.6088010485398404,
-0.6894315226692815,-0.6088010485398404,
-0.6526146575433365,-0.6088010485398404,
-0.6157977924173914,-0.6088010485398404,
-0.5789809272914461,-0.6088010485398404,
-0.5421640621655011,-0.6088010485398404,
-0.505347197039556,-0.6088010485398404,
-0.46853033191361093,-0.6088010485398404,
-0.43171346678766587,-0.6088010485398404,
-0.3948966016617208,-0.6088010485398404,
-0.35807973653577574,-0.6088010485398404,
-0.32126287140983045,-0.6088010485398404,
-0.2844460062838854,-0.6088010485398404,
-0.24762914115794032,-0.6088010485398404,
-0.21081227603199526,-0.6088010485398404,
-0.1739954109060502,-0.6088010485398404,
-0.13717854578010513,-0.6088010485398404,
-0.10036168065415985,-0.6088010485398404,
-0.06354481552821478,-0.6088010485398404,
-0.026727950402269718,-0.6088010485398404,
0.010088914723675346,-0.6088010485398404,
0.04690577984962041,-0.6088010485398404,
0.08372264497556547,-0.6088010485398404,
0.12053951010151076,-0.6088010485398404,
0.15735637522745582,-0.6088010485398404,
0.1941732403534009,-0.6088010485398404,
0.23099010547934595,-0.6088010485398404,
0.267806970605291,-0.6088010485398404,
0.3046238357312361,-0.6088010485398404,
0.34144070085718115,-0.6088010485398404,
0.3782575659831262,-0.6088010485398404,
0.4150744311090713,-0.6088010485398404,
0.45189129623501634,-0.6088010485398404,
0.48870816136096185,-0.6088010485398404,
0.5255250264869069,-0.6088010485398404,
0.562341891612852,-0.6088010485398404,
0.599158756738797,-0.6088010485398404,
0.6359756218647421,-0.6088010485398404,
0.6727924869906872,-0.6088010485398404,
0.7096093521166322,-0.6088010485398404,
0.7464262172425773,-0.6088010485398404,
0.7832430823685224,-0.6088010485398404,
0.8200599474944674,-0.6088010485398404,
0.8568768126204125,-0.6088010485398404,
0.8936936777463576,-0.6088010485398404,
0.9305105428723026,-0.6088010485398404,
0.9673274079982481,-0.6088010485398404,
1.0041442731241932,-0.6088010485398404,-2.455930396675272
1.0409611382501383,-0.6088010485398404,-2.4522160299417326
1.0777780033760833,-0.6088010485398404,-2.4488769860718484
1.1145948685020284,-0.6088010485398404,-2.445615314477518
1.1514117336279734,-0.6088010485398404,-2.4436666266512734
1.1882285987539185,-0.6088010485398404,-2.442705241933894
1.2250454638798636,-0.6088010485398404,-2.4422032503641478
1.2618623290058086,-0.6088010485398404,-2.4427849667869213
1.2986791941317537,-0.6088010485398404,-2.4443665274599446
1.3354960592576988,-0.6088010485398404,-2.4463366123981807
1.3723129243836438,-0.6088010485398404,-2.448705044302587
1.409129789509589,-0.6088010485398404,-2.4530346040531064
1.4459466546355344,-0.6088010485398404,-2.4576870528019623
1.4827635197614795,-0.6088010485398404,-2.462339501550818
1.5195803848874245,-0.6088010485398404,-2.4684430548985756
1.5563972500133696,-0.6088010485398404,-2.475094541328702
1.5932141151393147,-0.6088010485398404,-2.4826629043690858
1.6300309802652597,-0.6088010485398404,-2.4901949211797803
1.6668478453912048,-0.6088010485398404,-2.4994887222519133
1.7036647105171498,-0.6088010485398404,-2.509587643444662
1.740481575643095,-0.6088010485398404,-2.5200600316764925
1.77729844076904,-0.6088010485398404,-2.531679977096164
1.814115305894985,-0.6088010485398404,-2.5439618394907555
1.85093217102093,-0.6088010485398404,-2.5568482965651493
1.8877490361468756,-0.6088010485398404,-2.5707049180231363
1.9245659012728207,-0.6088010485398404,-2.586325294713718
1.9613827663987657,-0.6088010485398404,-2.6021677169762847
1.9981996315247104,-0.6088010485398404,
-1.646670015943854,-0.5761978580333325,
-1.609853150817909,-0.5761978580333325,
-1.573036285691964,-0.5761978580333325,
-1.536219420566019,-0.5761978580333325,
-1.4994025554400736,-0.5761978580333325,
-1.4625856903141286,-0.5761978580333325,
-1.4257688251881835,-0.5761978580333325,
-1.3889519600622384,-0.5761978580333325,
-1.3521350949362934,-0.5761978580333325,
-1.315318229810348,-0.5761978580333325,
-1.278501364684403,-0.5761978580333325,
-1.241684499558458,-0.5761978580333325,
-1.2048676344325129,-0.5761978580333325,
-1.1680507693065678,-0.5761978580333325,
-1.1312339041806228,-0.5761978580333325,
-1.0944170390546777,-0.5761978580333325,
-1.0576001739287326,-0.5761978580333325,
-1.0207833088027876,-0.5761978580333325,
-0.9839664436768423,-0.5761978580333325,
-0.9471495785508972,-0.5761978580333325,
-0.9103327134249521,-0.5761978580333325,
-0.873515848299007,-0.5761978580333325,
-0.8366989831730619,-0.5761978580333325,
-0.7998821180471168,-0.5761978580333325,
-0.7630652529211717,-0.5761978580333325,
-0.7262483877952266,-0.5761978580333325,
-0.6894315226692815,-0.5761978580333325,
-0.6526146575433365,-0.5761978580333325,
-0.6157977924173914,-0.5761978580333325,
-0.5789809272914461,-0.5761978580333325,
-0.5421640621655011,-0.5761978580333325,
-0.505347197039556,-0.5761978580333325,
-0.46853033191361093,-0.5761978580333325,
-0.43171346678766587,-0.5761978580333325,
-0.3948966016617208,-0.5761978580333325,
-0.35807973653577574,-0.5761978580333325,
-0.32126287140983045,-0.5761978580333325,
-0.2844460062838854,-0.5761978580333325,
-0.24762914115794032,-0.5761978580333325,
-0.21081227603199526,-0.5761978580333325,
-0.1739954109060502,-0.5761978580333325,
-0.13717854578010513,-0.5761978580333325,
-0.10036168065415985,-0.5761978580333325,
-0.06354481552821478,-0.5761978580333325,
-0.026727950402269718,-0.5761978580333325,
0.010088914723675346,-0.5761978580333325,
0.04690577984962041,-0.5761978580333325,
0.08372264497556547,-0.5761978580333325,
0.12053951010151076,-0.5761978580333325,
0.15735637522745582,-0.5761978580333325,
0.1941732403534009,-0.5761978580333325,
0.23099010547934595,-0.5761978580333325,
0.267806970605291,-0.5761978580333325,
0.3046238357312361,-0.5761978580333325,
0.34144070085718115,-0.5761978580333325,
0.3782575659831262,-0.5761978580333325,
0.4150744311090713,-0.5761978580333325,
0.45189129623501634,-0.5761978580333325,
0.48870816136096185,-0.5761978580333325,
0.5255250264869069,-0.5761978580333325,
0.562341891612852,-0.5761978580333325,
0.599158756738797,-0.5761978580333325,
0.6359756218647421,-0.5761978580333325,
0.6727924869906872,-0.5761978580333325,
0.7096093521166322,-0.5761978580333325,
0.7464262172425773,-0.5761978580333325,
0.7832430823685224,-0.5761978580333325,
0.8200599474944674,-0.5761978580333325,
0.8568768126204125,-0.5761978580333325,
0.8936936777463576,-0.5761978580333325,
0.9305105428723026,-0.5761978580333325,-2.459797391656254
0.9673274079982481,-0.5761978580333325,-2.454692225363714
1.0041442731241932,-0.5761978580333325,-2.4515563404956966
1.0409611382501383,-0.5761978580333325,-2.44826725258877
1.0777780033760833,-0.5761978580333325,-2.444862260332428
1.1145948685020284,-0.5761978580333325,-2.4425659090659004
1.1514117336279734,-0.5761978580333325,-2.441883452869494
1.1882285987539185,-0.5761978580333325,-2.441478331248927
1.2250454638798636,-0.5761978580333325,-2.4425712700648505
1.2618623290058086,-0.5761978580333325,-2.4433047849444125
1.2986791941317537,-0.5761978580333325,-2.4460195559929905
1.3354960592576988,-0.5761978580333325,-2.448189481733377
1.3723129243836438,-0.5761978580333325,-2.4518033053890047
1.409129789509589,-0.5761978580333325,-2.457015784485699
1.4459466546355344,-0.5761978580333325,-2.462504505985617
1.4827635197614795,-0.5761978580333325,-2.4679932274855356
1.5195803848874245,-0.5761978580333325,-2.47534641262245
1.5563972500133696,-0.5761978580333325,-2.481887359275132
1.5932141151393147,-0.5761978580333325,-2.489220337644841
1.6300309802652597,-0.5761978580333325,-2.498773957346035
1.6668478453912048,-0.5761978580333325,-2.508963435562162
1.7036647105171498,-0.5761978580333325,-2.5191083110615757
1.740481575643095,-0.5761978580333325,-2.5308443279093114
1.77729844076904,-0.5761978580333325,-2.543372530276227
1.814115305894985,-0.5761978580333325,-2.5567077003987992
1.85093217102093,-0.5761978580333325,-2.570110945039316
1.8877490361468756,-0.5761978580333325,-2.5842614411915408
1.9245659012728207,-0.5761978580333325,-2.5997602528671573
1.9613827663987657,-0.5761978580333325,-2.6158475844600724
1.9981996315247104,-0.5761978580333325,
-1.646670015943854,-0.5435946675268244,
-1.609853150817909,-0.5435946675268244,
-1.573036285691964,-0.5435946675268244,
-1.536219420566019,-0.5435946675268244,
-1.4994025554400736,-0.5435946675268244,
-1.4625856903141286,-0.5435946675268244,
-1.4257688251881835,-0.5435946675268244,
-1.3889519600622384,-0.5435946675268244,
-1.3521350949362934,-0.5435946675268244,
-1.315318229810348,-0.5435946675268244,
-1.278501364684403,-0.5435946675268244,
-1.241684499558458,-0.5435946675268244,
-1.2048676344325129,-0.5435946675268244,
-1.1680507693065678,-0.5435946675268244,
-1.1312339041806228,-0.5435946675268244,
-1.0944170390546777,-0.5435946675268244,
-1.0576001739287326,-0.5435946675268244,
-1.0207833088027876,-0.5435946675268244,
-0.9839664436768423,-0.5435946675268244,
-0.9471495785508972,-0.5435946675268244,
-0.9103327134249521,-0.5435946675268244,
-0.873515848299007,-0.5435946675268244,
-0.8366989831730619,-0.5435946675268244,
-0.7998821180471168,-0.5435946675268244,
-0.7630652529211717,-0.5435946675268244,
-0.7262483877952266,-0.5435946675268244,
-0.6894315226692815,-0.5435946675268244,
-0.6526146575433365,-0.5435946675268244,
-0.6157977924173914,-0.5435946675268244,
-0.5789809272914461,-0.5435946675268244,
-0.5421640621655011,-0.5435946675268244,
-0.505347197039556,-0.5435946675268244,
-0.46853033191361093,-0.5435946675268244,
-0.43171346678766587,-0.5435946675268244,
-0.3948966016617208,-0.5435946675268244,
-0.35807973653577574,-0.5435946675268244,
-0.32126287140983045,-0.5435946675268244,
-0.2844460062838854,-0.5435946675268244,
-0.24762914115794032,-0.5435946675268244,
-0.21081227603199526,-0.5435946675268244,
-0.1739954109060502,-0.5435946675268244,
-0.13717854578010513,-0.5435946675268244,
-0.10036168065415985,-0.5435946675268244,
-0.06354481552821478,-0.5435946675268244,
-0.026727950402269718,-0.5435946675268244,
0.010088914723675346,-0.5435946675268244,
0.04690577984962041,-0.5435946675268244,
0.08372264497556547,-0.5435946675268244,
0.12053951010151076,-0.5435946675268244,
0.15735637522745582,-0.5435946675268244,
0.1941732403534009,-0.5435946675268244,
0.23099010547934595,-0.5435946675268244,
0.267806970605291,-0.5435946675268244,
0.3046238357312361,-0.5435946675268244,
0.34144070085718115,-0.5435946675268244,
0.3782575659831262,-0.5435946675268244,
0.4150744311090713,-0.5435946675268244,
0.45189129623501634,-0.5435946675268244,
0.48870816136096185,-0.5435946675268244,
0.5255250264869069,-0.5435946675268244,
0.562341891612852,-0.5435946675268244,
0.599158756738797,-0.5435946675268244,
0.6359756218647421,-0.5435946675268244,
0.6727924869906872,-0.5435946675268244,
0.7096093521166322,-0.5435946675268244,
0.7464262172425773,-0.5435946675268244,
0.7832430823685224,-0.5435946675268244,
0.8200599474944674,-0.5435946675268244,
0.8568768126204125,-0.5435946675268244,
0.8936936777463576,-0.5435946675268244,-2.4584189592101926
0.9305105428723026,-0.5435946675268244,-2.453662715564378
0.9673274079982481,-0.5435946675268244,-2.4497665045694133
1.0041442731241932,-0.5435946675268244,-2.4471520858610707
1.0409611382501383,-0.5435946675268244,-2.4439017185554315
1.0777780033760833,-0.5435946675268244,-2.4420836898290488
1.1145948685020284,-0.5435946675268244,-2.4414793398100674
1.1514117336279734,-0.5435946675268244,-2.4409609981402807
1.1882285987539185,-0.5435946675268244,-2.4408198663814087
1.2250454638798636,-0.5435946675268244,-2.4422184834019127
1.2618623290058086,-0.5435946675268244,-2.4449637430341555
1.2986791941317537,-0.5435946675268244,-2.447637727328904
1.3354960592576988,-0.5435946675268244,-2.4506364746420295
1.3723129243836438,-0.5435946675268244,-2.455299490265431
1.409129789509589,-0.5435946675268244,-2.4620465029482768
1.4459466546355344,-0.5435946675268244,-2.4683059204883224
1.4827635197614795,-0.5435946675268244,-2.4739705237249088
1.5195803848874245,-0.5435946675268244,-2.481671434161428
1.5563972500133696,-0.5435946675268244,-2.489021593706961
1.5932141151393147,-0.5435946675268244,-2.4980591924401563
1.6300309802652597,-0.5435946675268244,-2.508348054396544
1.6668478453912048,-0.5435946675268244,-2.518659975853258
1.7036647105171498,-0.5435946675268244,-2.5299129978298347
1.740481575643095,-0.5435946675268244,-2.5418332308498806
1.77729844076904,-0.5435946675268244,-2.555219676463745
1.814115305894985,-0.5435946675268244,-2.569578969285441
1.85093217102093,-0.5435946675268244,-2.5831337570509882
1.8877490361468756,-0.5435946675268244,-2.5973821915005058
1.9245659012728207,-0.5435946675268244,-2.613918740431492
1.9613827663987657,-0.5435946675268244,-2.6309730547880688
1.9981996315247104,-0.5435946675268244,
-1.646670015943854,-0.5109914770203163,
-1.609853150817909,-0.5109914770203163,
-1.573036285691964,-0.5109914770203163,
-1.536219420566019,-0.5109914770203163,
-1.4994025554400736,-0.5109914770203163,
-1.4625856903141286,-0.5109914770203163,
-1.4257688251881835,-0.5109914770203163,
-1.3889519600622384,-0.5109914770203163,
-1.3521350949362934,-0.5109914770203163,
-1.315318229810348,-0.5109914770203163,
-1.278501364684403,-0.5109914770203163,
-1.241684499558458,-0.5109914770203163,
-1.2048676344325129,-0.5109914770203163,
-1.1680507693065678,-0.5109914770203163,
-1.1312339041806228,-0.5109914770203163,
-1.0944170390546777,-0.5109914770203163,
-1.0576001739287326,-0.5109914770203163,
-1.0207833088027876,-0.5109914770203163,
-0.9839664436768423,-0.5109914770203163,
-0.9471495785508972,-0.5109914770203163,
-0.9103327134249521,-0.5109914770203163,
-0.873515848299007,-0.5109914770203163,
-0.8366989831730619,-0.5109914770203163,
-0.7998821180471168,-0.5109914770203163,
-0.7630652529211717,-0.5109914770203163,
-0.7262483877952266,-0.5109914770203163,
-0.6894315226692815,-0.5109914770203163,
-0.6526146575433365,-0.5109914770203163,
-0.6157977924173914,-0.5109914770203163,
-0.5789809272914461,-0.5109914770203163,
-0.5421640621655011,-0.5109914770203163,
-0.505347197039556,-0.5109914770203163,
-0.46853033191361093,-0.5109914770203163,
-0.43171346678766587,-0.5109914770203163,
-0.3948966016617208,-0.5109914770203163,
-0.35807973653577574,-0.5109914770203163,
-0.32126287140983045,-0.5109914770203163,
-0.2844460062838854,-0.5109914770203163,
-0.24762914115794032,-0.5109914770203163,
-0.21081227603199526,-0.5109914770203163,
-0.1739954109060502,-0.5109914770203163,
-0.13717854578010513,-0.5109914770203163,
-0.10036168065415985,-0.5109914770203163,
-0.06354481552821478,-0.5109914770203163,
-0.026727950402269718,-0.5109914770203163,
0.010088914723675346,-0.5109914770203163,
0.04690577984962041,-0.5109914770203163,
0.08372264497556547,-0.5109914770203163,
0.12053951010151076,-0.5109914770203163,
0.15735637522745582,-0.5109914770203163,
0.1941732403534009,-0.5109914770203163,
0.23099010547934595,-0.5109914770203163,
0.267806970605291,-0.5109914770203163,
0.3046238357312361,-0.5109914770203163,
0.34144070085718115,-0.5109914770203163,
0.3782575659831262,-0.5109914770203163,
0.4150744311090713,-0.5109914770203163,
0.45189129623501634,-0.5109914770203163,
0.48870816136096185,-0.5109914770203163,
0.5255250264869069,-0.5109914770203163,
0.562341891612852,-0.5109914770203163,
0.599158756738797,-0.5109914770203163,
0.6359756218647421,-0.5109914770203163,
0.6727924869906872,-0.5109914770203163,
0.7096093521166322,-0.5109914770203163,
0.7464262172425773,-0.5109914770203163,
0.7832430823685224,-0.5109914770203163,
0.8200599474944674,-0.5109914770203163,-2.476395878465348
0.8568768126204125,-0.5109914770203163,-2.4570617233772474
0.8936936777463576,-0.5109914770203163,-2.451900156497675
0.9305105428723026,-0.5109914770203163,-2.448089565113257
0.9673274079982481,-0.5109914770203163,-2.4452850243868207
1.0041442731241932,-0.5109914770203163,-2.44219148683633
1.0409611382501383,-0.5109914770203163,-2.4408210857182215
1.0777780033760833,-0.5109914770203163,-2.440334187294949
1.1145948685020284,-0.5109914770203163,-2.4402824379398673
1.1514117336279734,-0.5109914770203163,-2.4401555516676883
1.1882285987539185,-0.5109914770203163,-2.4416842554140104
1.2250454638798636,-0.5109914770203163,-2.443649967821728
1.2618623290058086,-0.5109914770203163,-2.4467734757194153
1.2986791941317537,-0.5109914770203163,-2.45034307568488
1.3354960592576988,-0.5109914770203163,-2.454697478721058
1.3723129243836438,-0.5109914770203163,-2.4598678099781544
1.409129789509589,-0.5109914770203163,-2.466497787743174
1.4459466546355344,-0.5109914770203163,-2.473365094597758
1.4827635197614795,-0.5109914770203163,-2.479980228816933
1.5195803848874245,-0.5109914770203163,-2.48832320345302
1.5563972500133696,-0.5109914770203163,-2.4971262097761007
1.5932141151393147,-0.5109914770203163,-2.5076310642557775
1.6300309802652597,-0.5109914770203163,-2.518519805531856
1.6668478453912048,-0.5109914770203163,-2.5288163172550457
1.7036647105171498,-0.5109914770203163,-2.540937078500617
1.740481575643095,-0.5109914770203163,-2.5531221708470735
1.77729844076904,-0.5109914770203163,-2.567215749152056
1.814115305894985,-0.5109914770203163,-2.5822741377420435
1.85093217102093,-0.5109914770203163,-2.596602311850371
1.8877490361468756,-0.5109914770203163,-2.612485146159664
1.9245659012728207,-0.5109914770203163,-2.6286491422756106
1.9613827663987657,-0.5109914770203163,-2.6467342514226706
1.9981996315247104,-0.5109914770203163,
-1.646670015943854,-0.4783882865138084,
-1.609853150817909,-0.4783882865138084,
-1.573036285691964,-0.4783882865138084,
-1.536219420566019,-0.4783882865138084,
-1.4994025554400736,-0.4783882865138084,
-1.4625856903141286,-0.4783882865138084,
-1.4257688251881835,-0.4783882865138084,
-1.3889519600622384,-0.4783882865138084,
-1.3521350949362934,-0.4783882865138084,
-1.315318229810348,-0.4783882865138084,
-1.278501364684403,-0.4783882865138084,
-1.241684499558458,-0.4783882865138084,
-1.2048676344325129,-0.4783882865138084,
-1.1680507693065678,-0.4783882865138084,
-1.1312339041806228,-0.4783882865138084,
-1.0944170390546777,-0.4783882865138084,
-1.0576001739287326,-0.4783882865138084,
-1.0207833088027876,-0.4783882865138084,
-0.9839664436768423,-0.4783882865138084,
-0.9471495785508972,-0.4783882865138084,
-0.9103327134249521,-0.4783882865138084,
-0.873515848299007,-0.4783882865138084,
-0.8366989831730619,-0.4783882865138084,
-0.7998821180471168,-0.4783882865138084,
-0.7630652529211717,-0.4783882865138084,
-0.7262483877952266,-0.4783882865138084,
-0.6894315226692815,-0.4783882865138084,
-0.6526146575433365,-0.4783882865138084,
-0.6157977924173914,-0.4783882865138084,
-0.5789809272914461,-0.4783882865138084,
-0.5421640621655011,-0.4783882865138084,
-0.505347197039556,-0.4783882865138084,
-0.46853033191361093,-0.4783882865138084,
-0.43171346678766587,-0.4783882865138084,
-0.3948966016617208,-0.4783882865138084,
-0.35807973653577574,-0.4783882865138084,
-0.32126287140983045,-0.4783882865138084,
-0.2844460062838854,-0.4783882865138084,
-0.24762914115794032,-0.4783882865138084,
-0.21081227603199526,-0.4783882865138084,
-0.1739954109060502,-0.4783882865138084,
-0.13717854578010513,-0.4783882865138084,
-0.10036168065415985,-0.4783882865138084,
-0.06354481552821478,-0.4783882865138084,
-0.026727950402269718,-0.4783882865138084,
0.010088914723675346,-0.4783882865138084,
0.04690577984962041,-0.4783882865138084,
0.08372264497556547,-0.4783882865138084,
0.12053951010151076,-0.4783882865138084,
0.15735637522745582,-0.4783882865138084,
0.1941732403534009,-0.4783882865138084,
0.23099010547934595,-0.4783882865138084,
0.267806970605291,-0.4783882865138084,
0.3046238357312361,-0.4783882865138084,
0.34144070085718115,-0.4783882865138084,
0.3782575659831262,-0.4783882865138084,
0.4150744311090713,-0.4783882865138084,
0.45189129623501634,-0.4783882865138084,
0.48870816136096185,-0.4783882865138084,
0.5255250264869069,-0.4783882865138084,
0.562341891612852,-0.4783882865138084,
0.599158756738797,-0.4783882865138084,
0.6359756218647421,-0.4783882865138084,
0.6727924869906872,-0.4783882865138084,
0.7096093521166322,-0.4783882865138084,
0.7464262172425773,-0.4783882865138084,
0.7832430823685224,-0.4783882865138084,-2.4624582525695438
0.8200599474944674,-0.4783882865138084,-2.455895531713082
0.8568768126204125,-0.4783882865138084,-2.45106017446282
0.8936936777463576,-0.4783882865138084,-2.447409471787651
0.9305105428723026,-0.4783882865138084,-2.444032906078753
0.9673274079982481,-0.4783882865138084,-2.4413317346822625
1.0041442731241932,-0.4783882865138084,-2.440019059831077
1.0409611382501383,-0.4783882865138084,-2.4388362911004684
1.0777780033760833,-0.4783882865138084,-2.4387355439756733
1.1145948685020284,-0.4783882865138084,-2.439404326545698
1.1514117336279734,-0.4783882865138084,-2.4411062481367427
1.1882285987539185,-0.4783882865138084,-2.4430456725041387
1.2250454638798636,-0.4783882865138084,-2.4462339342274326
1.2618623290058086,-0.4783882865138084,-2.4499582609609325
1.2986791941317537,-0.4783882865138084,-2.454456152004586
1.3354960592576988,-0.4783882865138084,-2.4603679980077757
1.3723129243836438,-0.4783882865138084,-2.4656000638703692
1.409129789509589,-0.4783882865138084,-2.472274018287564
1.4459466546355344,-0.4783882865138084,-2.4790087832627763
1.4827635197614795,-0.4783882865138084,-2.487466695674439
1.5195803848874245,-0.4783882865138084,-2.4959259452934215
1.5563972500133696,-0.4783882865138084,-2.5060129901261146
1.5932141151393147,-0.4783882865138084,-2.5171288831469356
1.6300309802652597,-0.4783882865138084,-2.5284659898213544
1.6668478453912048,-0.4783882865138084,-2.5397609405944275
1.7036647105171498,-0.4783882865138084,-2.5525560480917946
1.740481575643095,-0.4783882865138084,-2.566096264588008
1.77729844076904,-0.4783882865138084,-2.5800839360577417
1.814115305894985,-0.4783882865138084,-2.595131840342909
1.85093217102093,-0.4783882865138084,-2.6109449937446954
1.8877490361468756,-0.4783882865138084,-2.6276063979011144
1.9245659012728207,-0.4783882865138084,-2.644689809057395
1.9613827663987657,-0.4783882865138084,-2.662752857585436
1.9981996315247104,-0.4783882865138084,
-1.646670015943854,-0.4457850960073003,
-1.609853150817909,-0.4457850960073003,
-1.573036285691964,-0.4457850960073003,
-1.536219420566019,-0.4457850960073003,
-1.4994025554400736,-0.4457850960073003,
-1.4625856903141286,-0.4457850960073003,
-1.4257688251881835,-0.4457850960073003,
-1.3889519600622384,-0.4457850960073003,
-1.3521350949362934,-0.4457850960073003,
-1.315318229810348,-0.4457850960073003,
-1.278501364684403,-0.4457850960073003,
-1.241684499558458,-0.4457850960073003,
-1.2048676344325129,-0.4457850960073003,
-1.1680507693065678,-0.4457850960073003,
-1.1312339041806228,-0.4457850960073003,
-1.0944170390546777,-0.4457850960073003,
-1.0576001739287326,-0.4457850960073003,
-1.0207833088027876,-0.4457850960073003,
-0.9839664436768423,-0.4457850960073003,
-0.9471495785508972,-0.4457850960073003,
-0.9103327134249521,-0.4457850960073003,
-0.873515848299007,-0.4457850960073003,
-0.8366989831730619,-0.4457850960073003,
-0.7998821180471168,-0.4457850960073003,
-0.7630652529211717,-0.4457850960073003,
-0.7262483877952266,-0.4457850960073003,
-0.6894315226692815,-0.4457850960073003,
-0.6526146575433365,-0.4457850960073003,
-0.6157977924173914,-0.4457850960073003,
-0.5789809272914461,-0.4457850960073003,
-0.5421640621655011,-0.4457850960073003,
-0.505347197039556,-0.4457850960073003,
-0.46853033191361093,-0.4457850960073003,
-0.43171346678766587,-0.4457850960073003,
-0.3948966016617208,-0.4457850960073003,
-0.35807973653577574,-0.4457850960073003,
-0.32126287140983045,-0.4457850960073003,
-0.2844460062838854,-0.4457850960073003,
-0.24762914115794032,-0.4457850960073003,
-0.21081227603199526,-0.4457850960073003,
-0.1739954109060502,-0.4457850960073003,
-0.13717854578010513,-0.4457850960073003,
-0.10036168065415985,-0.4457850960073003,
-0.06354481552821478,-0.4457850960073003,
-0.026727950402269718,-0.4457850960073003,
0.010088914723675346,-0.4457850960073003,
0.04690577984962041,-0.4457850960073003,
0.08372264497556547,-0.4457850960073003,
0.12053951010151076,-0.4457850960073003,
0.15735637522745582,-0.4457850960073003,
0.1941732403534009,-0.4457850960073003,
0.23099010547934595,-0.4457850960073003,
0.267806970605291,-0.4457850960073003,
0.3046238357312361,-0.4457850960073003,
0.34144070085718115,-0.4457850960073003,
0.3782575659831262,-0.4457850960073003,
0.4150744311090713,-0.4457850960073003,
0.45189129623501634,-0.4457850960073003,
0.48870816136096185,-0.4457850960073003,
0.5255250264869069,-0.4457850960073003,
0.562341891612852,-0.4457850960073003,
0.599158756738797,-0.4457850960073003,
0.6359756218647421,-0.4457850960073003,
0.6727924869906872,-0.4457850960073003,
0.7096093521166322,-0.4457850960073003,
0.7464262172425773,-0.4457850960073003,-2.461420449979215
0.7832430823685224,-0.4457850960073003,-2.454903985824302
0.8200599474944674,-0.4457850960073003,-2.45048400629074
0.8568768126204125,-0.4457850960073003,-2.4464573184077696
0.8936936777463576,-0.4457850960073003,-2.443001336016582
0.9305105428723026,-0.4457850960073003,-2.4413799426240095
0.9673274079982481,-0.4457850960073003,-2.439345635630981
1.0041442731241932,-0.4457850960073003,-2.4386435363654186
1.0409611382501383,-0.4457850960073003,-2.4381618650608607
1.0777780033760833,-0.4457850960073003,-2.438623648708999
1.1145948685020284,-0.4457850960073003,-2.440332821604456
1.1514117336279734,-0.4457850960073003,-2.4425735442208087
1.1882285987539185,-0.4457850960073003,-2.4456809096996035
1.2250454638798636,-0.4457850960073003,-2.4491937948296885
1.2618623290058086,-0.4457850960073003,-2.453620959509
1.2986791941317537,-0.4457850960073003,-2.4596679600001012
1.3354960592576988,-0.4457850960073003,-2.465521271720559
1.3723129243836438,-0.4457850960073003,-2.471376294414759
1.409129789509589,-0.4457850960073003,-2.4785062230237784
1.4459466546355344,-0.4457850960073003,-2.486964044942143
1.4827635197614795,-0.4457850960073003,-2.495421866860507
1.5195803848874245,-0.4457850960073003,-2.5045872024656832
1.5563972500133696,-0.4457850960073003,-2.515428682875121
1.5932141151393147,-0.4457850960073003,-2.526596907869707
1.6300309802652597,-0.4457850960073003,-2.538334065727227
1.6668478453912048,-0.4457850960073003,-2.551131849020586
1.7036647105171498,-0.4457850960073003,-2.5643044864186546
1.740481575643095,-0.4457850960073003,-2.5788952075223994
1.77729844076904,-0.4457850960073003,-2.5941692772712557
1.814115305894985,-0.4457850960073003,-2.609437805557332
1.85093217102093,-0.4457850960073003,-2.6260556587798902
1.8877490361468756,-0.4457850960073003,-2.6429345508823054
1.9245659012728207,-0.4457850960073003,-2.661516279131863
1.9613827663987657,-0.4457850960073003,-2.679847282942101
1.9981996315247104,-0.4457850960073003,
-1.646670015943854,-0.41318190550079226,
-1.609853150817909,-0.41318190550079226,
-1.573036285691964,-0.41318190550079226,
-1.536219420566019,-0.41318190550079226,
-1.4994025554400736,-0.41318190550079226,
-1.4625856903141286,-0.41318190550079226,
-1.4257688251881835,-0.41318190550079226,
-1.3889519600622384,-0.41318190550079226,
-1.3521350949362934,-0.41318190550079226,
-1.315318229810348,-0.41318190550079226,
-1.278501364684403,-0.41318190550079226,
-1.241684499558458,-0.41318190550079226,
-1.2048676344325129,-0.41318190550079226,
-1.1680507693065678,-0.41318190550079226,
-1.1312339041806228,-0.41318190550079226,
-1.0944170390546777,-0.41318190550079226,
-1.0576001739287326,-0.41318190550079226,
-1.0207833088027876,-0.41318190550079226,
-0.9839664436768423,-0.41318190550079226,
-0.9471495785508972,-0.41318190550079226,
-0.9103327134249521,-0.41318190550079226,
-0.873515848299007,-0.41318190550079226,
-0.8366989831730619,-0.41318190550079226,
-0.7998821180471168,-0.41318190550079226,
-0.7630652529211717,-0.41318190550079226,
-0.7262483877952266,-0.41318190550079226,
-0.6894315226692815,-0.41318190550079226,
-0.6526146575433365,-0.41318190550079226,
-0.6157977924173914,-0.41318190550079226,
-0.5789809272914461,-0.41318190550079226,
-0.5421640621655011,-0.41318190550079226,
-0.505347197039556,-0.41318190550079226,
-0.46853033191361093,-0.41318190550079226,
-0.43171346678766587,-0.41318190550079226,
-0.3948966016617208,-0.41318190550079226,
-0.35807973653577574,-0.41318190550079226,
-0.32126287140983045,-0.41318190550079226,
-0.2844460062838854,-0.41318190550079226,
-0.24762914115794032,-0.41318190550079226,
-0.21081227603199526,-0.41318190550079226,
-0.1739954109060502,-0.41318190550079226,
-0.13717854578010513,-0.41318190550079226,
-0.10036168065415985,-0.41318190550079226,
-0.06354481552821478,-0.41318190550079226,
-0.026727950402269718,-0.41318190550079226,
0.010088914723675346,-0.41318190550079226,
0.04690577984962041,-0.41318190550079226,
0.08372264497556547,-0.41318190550079226,
0.12053951010151076,-0.41318190550079226,
0.15735637522745582,-0.41318190550079226,
0.1941732403534009,-0.41318190550079226,
0.23099010547934595,-0.41318190550079226,
0.267806970605291,-0.41318190550079226,
0.3046238357312361,-0.41318190550079226,
0.34144070085718115,-0.41318190550079226,
0.3782575659831262,-0.41318190550079226,
0.4150744311090713,-0.41318190550079226,
0.45189129623501634,-0.41318190550079226,
0.48870816136096185,-0.41318190550079226,
0.5255250264869069,-0.41318190550079226,
0.562341891612852,-0.41318190550079226,
0.599158756738797,-0.41318190550079226,
0.6359756218647421,-0.41318190550079226,
0.6727924869906872,-0.41318190550079226,-2.466506812761504
0.7096093521166322,-0.41318190550079226,-2.4604222451697915
0.7464262172425773,-0.41318190550079226,-2.4546970723967543
0.7832430823685224,-0.41318190550079226,-2.4495824624742286
0.8200599474944674,-0.41318190550079226,-2.4457524444727676
0.8568768126204125,-0.41318190550079226,-2.4421171582916896
0.8936936777463576,-0.41318190550079226,-2.4397646030062052
0.9305105428723026,-0.41318190550079226,-2.4387849816056884
0.9673274079982481,-0.41318190550079226,-2.4373595365796987
1.0041442731241932,-0.41318190550079226,-2.437643208547011
1.0409611382501383,-0.41318190550079226,-2.438407724624
1.0777780033760833,-0.41318190550079226,-2.4399086667923537
1.1145948685020284,-0.41318190550079226,-2.441543423895472
1.1514117336279734,-0.41318190550079226,-2.4443878531917145
1.1882285987539185,-0.41318190550079226,-2.4482928668632207
1.2250454638798636,-0.41318190550079226,-2.452505571732905
1.2618623290058086,-0.41318190550079226,-2.459324451333067
1.2986791941317537,-0.41318190550079226,-2.465632398893697
1.3354960592576988,-0.41318190550079226,-2.4714524755078577
1.3723129243836438,-0.41318190550079226,-2.477842944532626
1.409129789509589,-0.41318190550079226,-2.4864895872009245
1.4459466546355344,-0.41318190550079226,-2.494954279305433
1.4827635197614795,-0.41318190550079226,-2.504233652865559
1.5195803848874245,-0.41318190550079226,-2.51474584213572
1.5563972500133696,-0.41318190550079226,-2.525410029926958
1.5932141151393147,-0.41318190550079226,-2.537619190036757
1.6300309802652597,-0.41318190550079226,-2.5500586695875604
1.6668478453912048,-0.41318190550079226,-2.563324216261381
1.7036647105171498,-0.41318190550079226,-2.577704940484164
1.740481575643095,-0.41318190550079226,-2.5925015109693454
1.77729844076904,-0.41318190550079226,-2.6075600084867543
1.814115305894985,-0.41318190550079226,-2.6243546100499304
1.85093217102093,-0.41318190550079226,-2.6410325387237914
1.8877490361468756,-0.41318190550079226,-2.6599219676158627
1.9245659012728207,-0.41318190550079226,-2.6779647130427953
1.9613827663987657,-0.41318190550079226,-2.6970945275122005
1.9981996315247104,-0.41318190550079226,
-1.646670015943854,-0.3805787149942843,
-1.609853150817909,-0.3805787149942843,
-1.573036285691964,-0.3805787149942843,
-1.536219420566019,-0.3805787149942843,
-1.4994025554400736,-0.3805787149942843,
-1.4625856903141286,-0.3805787149942843,
-1.4257688251881835,-0.3805787149942843,
-1.3889519600622384,-0.3805787149942843,
-1.3521350949362934,-0.3805787149942843,
-1.315318229810348,-0.3805787149942843,
-1.278501364684403,-0.3805787149942843,
-1.241684499558458,-0.3805787149942843,
-1.2048676344325129,-0.3805787149942843,
-1.1680507693065678,-0.3805787149942843,
-1.1312339041806228,-0.3805787149942843,
-1.0944170390546777,-0.3805787149942843,
-1.0576001739287326,-0.3805787149942843,
-1.0207833088027876,-0.3805787149942843,
-0.9839664436768423,-0.3805787149942843,
-0.9471495785508972,-0.3805787149942843,
-0.9103327134249521,-0.3805787149942843,
-0.873515848299007,-0.3805787149942843,
-0.8366989831730619,-0.3805787149942843,
-0.7998821180471168,-0.3805787149942843,
-0.7630652529211717,-0.3805787149942843,
-0.7262483877952266,-0.3805787149942843,
-0.6894315226692815,-0.3805787149942843,
-0.6526146575433365,-0.3805787149942843,
-0.6157977924173914,-0.3805787149942843,
-0.5789809272914461,-0.3805787149942843,
-0.5421640621655011,-0.3805787149942843,
-0.505347197039556,-0.3805787149942843,
-0.46853033191361093,-0.3805787149942843,
-0.43171346678766587,-0.3805787149942843,
-0.3948966016617208,-0.3805787149942843,
-0.35807973653577574,-0.3805787149942843,
-0.32126287140983045,-0.3805787149942843,
-0.2844460062838854,-0.3805787149942843,
-0.24762914115794032,-0.3805787149942843,
-0.21081227603199526,-0.3805787149942843,
-0.1739954109060502,-0.3805787149942843,
-0.13717854578010513,-0.3805787149942843,
-0.10036168065415985,-0.3805787149942843,
-0.06354481552821478,-0.3805787149942843,
-0.026727950402269718,-0.3805787149942843,
0.010088914723675346,-0.3805787149942843,
0.04690577984962041,-0.3805787149942843,
0.08372264497556547,-0.3805787149942843,
0.12053951010151076,-0.3805787149942843,
0.15735637522745582,-0.3805787149942843,
0.1941732403534009,-0.3805787149942843,
0.23099010547934595,-0.3805787149942843,
0.267806970605291,-0.3805787149942843,
0.3046238357312361,-0.3805787149942843,
0.34144070085718115,-0.3805787149942843,
0.3782575659831262,-0.3805787149942843,
0.4150744311090713,-0.3805787149942843,
0.45189129623501634,-0.3805787149942843,
0.48870816136096185,-0.3805787149942843,
0.5255250264869069,-0.3805787149942843,
0.562341891612852,-0.3805787149942843,
0.599158756738797,-0.3805787149942843,
0.6359756218647421,-0.3805787149942843,-2.4655729030575904
0.6727924869906872,-0.3805787149942843,-2.4593120017948475
0.7096093521166322,-0.3805787149942843,-2.453582809445056
0.7464262172425773,-0.3805787149942843,-2.4482603967564516
0.7832430823685224,-0.3805787149942843,-2.4446624826428835
0.8200599474944674,-0.3805787149942843,-2.441656381078135
0.8568768126204125,-0.3805787149942843,-2.439085426210826
0.8936936777463576,-0.3805787149942843,-2.4376124926944263
0.9305105428723026,-0.3805787149942843,-2.4365605002564816
0.9673274079982481,-0.3805787149942843,-2.436934540061139
1.0041442731241932,-0.3805787149942843,-2.4374738167396846
1.0409611382501383,-0.3805787149942843,-2.4396742192033973
1.0777780033760833,-0.3805787149942843,-2.441786848376708
1.1145948685020284,-0.3805787149942843,-2.4441303134633348
1.1514117336279734,-0.3805787149942843,-2.4475100835480283
1.1882285987539185,-0.3805787149942843,-2.451802715735717
1.2250454638798636,-0.3805787149942843,-2.4571348329368092
1.2618623290058086,-0.3805787149942843,-2.4642183426414817
1.2986791941317537,-0.3805787149942843,-2.4713976563955002
1.3354960592576988,-0.3805787149942843,-2.4775119533680376
1.3723129243836438,-0.3805787149942843,-2.485191733170263
1.409129789509589,-0.3805787149942843,-2.49434448354552
1.4459466546355344,-0.3805787149942843,-2.5032096632478655
1.4827635197614795,-0.3805787149942843,-2.514181164735498
1.5195803848874245,-0.3805787149942843,-2.5247523595287933
1.5563972500133696,-0.3805787149942843,-2.5366817316986925
1.5932141151393147,-0.3805787149942843,-2.549116326832483
1.6300309802652597,-0.3805787149942843,-2.5624278613741214
1.6668478453912048,-0.3805787149942843,-2.576199954250093
1.7036647105171498,-0.3805787149942843,-2.5911712450417905
1.740481575643095,-0.3805787149942843,-2.607120603727191
1.77729844076904,-0.3805787149942843,-2.622725508438355
1.814115305894985,-0.3805787149942843,-2.6393881341034318
1.85093217102093,-0.3805787149942843,-2.657185006337012
1.8877490361468756,-0.3805787149942843,-2.676100281401535
1.9245659012728207,-0.3805787149942843,-2.6948475642927114
1.9613827663987657,-0.3805787149942843,-2.7150503092772342
1.9981996315247104,-0.3805787149942843,
-1.646670015943854,-0.34797552448777624,
-1.609853150817909,-0.34797552448777624,
-1.573036285691964,-0.34797552448777624,
-1.536219420566019,-0.34797552448777624,
-1.4994025554400736,-0.34797552448777624,
-1.4625856903141286,-0.34797552448777624,
-1.4257688251881835,-0.34797552448777624,
-1.3889519600622384,-0.34797552448777624,
-1.3521350949362934,-0.34797552448777624,
-1.315318229810348,-0.34797552448777624,
-1.278501364684403,-0.34797552448777624,
-1.241684499558458,-0.34797552448777624,
-1.2048676344325129,-0.34797552448777624,
-1.1680507693065678,-0.34797552448777624,
-1.1312339041806228,-0.34797552448777624,
-1.0944170390546777,-0.34797552448777624,
-1.0576001739287326,-0.34797552448777624,
-1.0207833088027876,-0.34797552448777624,
-0.9839664436768423,-0.34797552448777624,
-0.9471495785508972,-0.34797552448777624,
-0.9103327134249521,-0.34797552448777624,
-0.873515848299007,-0.34797552448777624,
-0.8366989831730619,-0.34797552448777624,
-0.7998821180471168,-0.34797552448777624,
-0.7630652529211717,-0.34797552448777624,
-0.7262483877952266,-0.34797552448777624,
-0.6894315226692815,-0.34797552448777624,
-0.6526146575433365,-0.34797552448777624,
-0.6157977924173914,-0.34797552448777624,
-0.5789809272914461,-0.34797552448777624,
-0.5421640621655011,-0.34797552448777624,
-0.505347197039556,-0.34797552448777624,
-0.46853033191361093,-0.34797552448777624,
-0.43171346678766587,-0.34797552448777624,
-0.3948966016617208,-0.34797552448777624,
-0.35807973653577574,-0.34797552448777624,
-0.32126287140983045,-0.34797552448777624,
-0.2844460062838854,-0.34797552448777624,
-0.24762914115794032,-0.34797552448777624,
-0.21081227603199526,-0.34797552448777624,
-0.1739954109060502,-0.34797552448777624,
-0.13717854578010513,-0.34797552448777624,
-0.10036168065415985,-0.34797552448777624,
-0.06354481552821478,-0.34797552448777624,
-0.026727950402269718,-0.34797552448777624,
0.010088914723675346,-0.34797552448777624,
0.04690577984962041,-0.34797552448777624,
0.08372264497556547,-0.34797552448777624,
0.12053951010151076,-0.34797552448777624,
0.15735637522745582,-0.34797552448777624,
0.1941732403534009,-0.34797552448777624,
0.23099010547934595,-0.34797552448777624,
0.267806970605291,-0.34797552448777624,
0.3046238357312361,-0.34797552448777624,
0.34144070085718115,-0.34797552448777624,
0.3782575659831262,-0.34797552448777624,
0.4150744311090713,-0.34797552448777624,
0.45189129623501634,-0.34797552448777624,
0.48870816136096185,-0.34797552448777624,
0.5255250264869069,-0.34797552448777624,
0.562341891612852,-0.34797552448777624,-2.4741899770130775
0.599158756738797,-0.34797552448777624,-2.464876250568713
0.6359756218647421,-0.34797552448777624,-2.458772132988398
0.6727924869906872,-0.34797552448777624,-2.4524411708011504
0.7096093521166322,-0.34797552448777624,-2.446856871211236
0.7464262172425773,-0.34797552448777624,-2.4427503109515647
0.7832430823685224,-0.34797552448777624,-2.4403321267134945
0.8200599474944674,-0.34797552448777624,-2.438518371603907
0.8568768126204125,-0.34797552448777624,-2.437267587169484
0.8936936777463576,-0.34797552448777624,-2.4360892718543
0.9305105428723026,-0.34797552448777624,-2.4362763972428185
0.9673274079982481,-0.34797552448777624,-2.4369410667540783
1.0041442731241932,-0.34797552448777624,-2.438904891696169
1.0409611382501383,-0.34797552448777624,-2.4412225109270875
1.0777780033760833,-0.34797552448777624,-2.443565453365508
1.1145948685020284,-0.34797552448777624,-2.4470767556814783
1.1514117336279734,-0.34797552448777624,-2.451207939203452
1.1882285987539185,-0.34797552448777624,-2.4565371937043423
1.2250454638798636,-0.34797552448777624,-2.4625795671755712
1.2618623290058086,-0.34797552448777624,-2.470221309178835
1.2986791941317537,-0.34797552448777624,-2.477112084189732
1.3354960592576988,-0.34797552448777624,-2.48439669646382
1.3723129243836438,-0.34797552448777624,-2.492816323832331
1.409129789509589,-0.34797552448777624,-2.50258072366275
1.4459466546355344,-0.34797552448777624,-2.513485998511259
1.4827635197614795,-0.34797552448777624,-2.5241335469975583
1.5195803848874245,-0.34797552448777624,-2.535626187206351
1.5563972500133696,-0.34797552448777624,-2.5481731748008696
1.5932141151393147,-0.34797552448777624,-2.561086762613863
1.6300309802652597,-0.34797552448777624,-2.5753212454706613
1.6668478453912048,-0.34797552448777624,-2.589578068656367
1.7036647105171498,-0.34797552448777624,-2.6061983573105083
1.740481575643095,-0.34797552448777624,-2.622890370528731
1.77729844076904,-0.34797552448777624,-2.6385767347370797
1.814115305894985,-0.34797552448777624,-2.6559440532987555
1.85093217102093,-0.34797552448777624,-2.674424745168148
1.8877490361468756,-0.34797552448777624,-2.6928796746653427
1.9245659012728207,-0.34797552448777624,-2.7130292080667484
1.9613827663987657,-0.34797552448777624,-2.7333358054101753
1.9981996315247104,-0.34797552448777624,
-1.646670015943854,-0.3153723339812682,
-1.609853150817909,-0.3153723339812682,
-1.573036285691964,-0.3153723339812682,
-1.536219420566019,-0.3153723339812682,
-1.4994025554400736,-0.3153723339812682,
-1.4625856903141286,-0.3153723339812682,
-1.4257688251881835,-0.3153723339812682,
-1.3889519600622384,-0.3153723339812682,
-1.3521350949362934,-0.3153723339812682,
-1.315318229810348,-0.3153723339812682,
-1.278501364684403,-0.3153723339812682,
-1.241684499558458,-0.3153723339812682,
-1.2048676344325129,-0.3153723339812682,
-1.1680507693065678,-0.3153723339812682,
-1.1312339041806228,-0.3153723339812682,
-1.0944170390546777,-0.3153723339812682,
-1.0576001739287326,-0.3153723339812682,
-1.0207833088027876,-0.3153723339812682,
-0.9839664436768423,-0.3153723339812682,
-0.9471495785508972,-0.3153723339812682,
-0.9103327134249521,-0.3153723339812682,
-0.873515848299007,-0.3153723339812682,
-0.8366989831730619,-0.3153723339812682,
-0.7998821180471168,-0.3153723339812682,
-0.7630652529211717,-0.3153723339812682,
-0.7262483877952266,-0.3153723339812682,
-0.6894315226692815,-0.3153723339812682,
-0.6526146575433365,-0.3153723339812682,
-0.6157977924173914,-0.3153723339812682,
-0.5789809272914461,-0.3153723339812682,
-0.5421640621655011,-0.3153723339812682,
-0.505347197039556,-0.3153723339812682,
-0.46853033191361093,-0.3153723339812682,
-0.43171346678766587,-0.3153723339812682,
-0.3948966016617208,-0.3153723339812682,
-0.35807973653577574,-0.3153723339812682,
-0.32126287140983045,-0.3153723339812682,
-0.2844460062838854,-0.3153723339812682,
-0.24762914115794032,-0.3153723339812682,
-0.21081227603199526,-0.3153723339812682,
-0.1739954109060502,-0.3153723339812682,
-0.13717854578010513,-0.3153723339812682,
-0.10036168065415985,-0.3153723339812682,
-0.06354481552821478,-0.3153723339812682,
-0.026727950402269718,-0.3153723339812682,
0.010088914723675346,-0.3153723339812682,
0.04690577984962041,-0.3153723339812682,
0.08372264497556547,-0.3153723339812682,
0.12053951010151076,-0.3153723339812682,
0.15735637522745582,-0.3153723339812682,
0.1941732403534009,-0.3153723339812682,
0.23099010547934595,-0.3153723339812682,
0.267806970605291,-0.3153723339812682,
0.3046238357312361,-0.3153723339812682,
0.34144070085718115,-0.3153723339812682,
0.3782575659831262,-0.3153723339812682,
0.4150744311090713,-0.3153723339812682,
0.45189129623501634,-0.3153723339812682,
0.48870816136096185,-0.3153723339812682,
0.5255250264869069,-0.3153723339812682,-2.470698395136696
0.562341891612852,-0.3153723339812682,-2.4632837970565533
0.599158756738797,-0.3153723339812682,-2.4567894531294954
0.6359756218647421,-0.3153723339812682,-2.451407307709401
0.6727924869906872,-0.3153723339812682,-2.4460413132322123
0.7096093521166322,-0.3153723339812682,-2.4428982208281704
0.7464262172425773,-0.3153723339812682,-2.4392302046041525
0.7832430823685224,-0.3153723339812682,-2.4374186347062667
0.8200599474944674,-0.3153723339812682,-2.4360496064083845
0.8568768126204125,-0.3153723339812682,-2.43551901998978
0.8936936777463576,-0.3153723339812682,-2.435790102902712
0.9305105428723026,-0.3153723339812682,-2.4361327701766475
0.9673274079982481,-0.3153723339812682,-2.4378757250299667
1.0041442731241932,-0.3153723339812682,-2.441005689111328
1.0409611382501383,-0.3153723339812682,-2.4433600208467228
1.0777780033760833,-0.3153723339812682,-2.4467517961342202
1.1145948685020284,-0.3153723339812682,-2.450737723699165
1.1514117336279734,-0.3153723339812682,-2.455896990093183
1.1882285987539185,-0.3153723339812682,-2.4620647041273296
1.2250454638798636,-0.3153723339812682,-2.4684988239665033
1.2618623290058086,-0.3153723339812682,-2.476334706706244
1.2986791941317537,-0.3153723339812682,-2.4841705894459833
1.3354960592576988,-0.3153723339812682,-2.4920994675664803
1.3723129243836438,-0.3153723339812682,-2.501895066957344
1.409129789509589,-0.3153723339812682,-2.512146100279527
1.4459466546355344,-0.3153723339812682,-2.5234231995554115
1.4827635197614795,-0.3153723339812682,-2.534513345103689
1.5195803848874245,-0.3153723339812682,-2.546852337811812
1.5563972500133696,-0.3153723339812682,-2.5597050897554947
1.5932141151393147,-0.3153723339812682,-2.5741251125161164
1.6300309802652597,-0.3153723339812682,-2.5892036357757933
1.6668478453912048,-0.3153723339812682,-2.604039967649734
1.7036647105171498,-0.3153723339812682,-2.621339496714117
1.740481575643095,-0.3153723339812682,-2.6382041290800875
1.77729844076904,-0.3153723339812682,-2.654791405201806
1.814115305894985,-0.3153723339812682,-2.672805517441476
1.85093217102093,-0.3153723339812682,-2.6919428820704256
1.8877490361468756,-0.3153723339812682,-2.7110150612387636
1.9245659012728207,-0.3153723339812682,-2.7312496646728266
1.9613827663987657,-0.3153723339812682,-2.7520889659463412
1.9981996315247104,-0.3153723339812682,
-1.646670015943854,-0.28276914347476023,
-1.609853150817909,-0.28276914347476023,
-1.573036285691964,-0.28276914347476023,
-1.536219420566019,-0.28276914347476023,
-1.4994025554400736,-0.28276914347476023,
-1.4625856903141286,-0.28276914347476023,
-1.4257688251881835,-0.28276914347476023,
-1.3889519600622384,-0.28276914347476023,
-1.3521350949362934,-0.28276914347476023,
-1.315318229810348,-0.28276914347476023,
-1.278501364684403,-0.28276914347476023,
-1.241684499558458,-0.28276914347476023,
-1.2048676344325129,-0.28276914347476023,
-1.1680507693065678,-0.28276914347476023,
-1.1312339041806228,-0.28276914347476023,
-1.0944170390546777,-0.28276914347476023,
-1.0576001739287326,-0.28276914347476023,
-1.0207833088027876,-0.28276914347476023,
-0.9839664436768423,-0.28276914347476023,
-0.9471495785508972,-0.28276914347476023,
-0.9103327134249521,-0.28276914347476023,
-0.873515848299007,-0.28276914347476023,
-0.8366989831730619,-0.28276914347476023,
-0.7998821180471168,-0.28276914347476023,
-0.7630652529211717,-0.28276914347476023,
-0.7262483877952266,-0.28276914347476023,
-0.6894315226692815,-0.28276914347476023,
-0.6526146575433365,-0.28276914347476023,
-0.6157977924173914,-0.28276914347476023,
-0.5789809272914461,-0.28276914347476023,
-0.5421640621655011,-0.28276914347476023,
-0.505347197039556,-0.28276914347476023,
-0.46853033191361093,-0.28276914347476023,
-0.43171346678766587,-0.28276914347476023,
-0.3948966016617208,-0.28276914347476023,
-0.35807973653577574,-0.28276914347476023,
-0.32126287140983045,-0.28276914347476023,
-0.2844460062838854,-0.28276914347476023,
-0.24762914115794032,-0.28276914347476023,
-0.21081227603199526,-0.28276914347476023,
-0.1739954109060502,-0.28276914347476023,
-0.13717854578010513,-0.28276914347476023,
-0.10036168065415985,-0.28276914347476023,
-0.06354481552821478,-0.28276914347476023,
-0.026727950402269718,-0.28276914347476023,
0.010088914723675346,-0.28276914347476023,
0.04690577984962041,-0.28276914347476023,
0.08372264497556547,-0.28276914347476023,
0.12053951010151076,-0.28276914347476023,
0.15735637522745582,-0.28276914347476023,
0.1941732403534009,-0.28276914347476023,
0.23099010547934595,-0.28276914347476023,
0.267806970605291,-0.28276914347476023,
0.3046238357312361,-0.28276914347476023,
0.34144070085718115,-0.28276914347476023,
0.3782575659831262,-0.28276914347476023,
0.4150744311090713,-0.28276914347476023,
0.45189129623501634,-0.28276914347476023,
0.48870816136096185,-0.28276914347476023,-2.469415110644432
0.5255250264869069,-0.28276914347476023,-2.4617376400586757
0.562341891612852,-0.28276914347476023,-2.4553498864584915
0.599158756738797,-0.28276914347476023,-2.449866120726962
0.6359756218647421,-0.28276914347476023,-2.4452102686706314
0.6727924869906872,-0.28276914347476023,-2.4411219691423973
0.7096093521166322,-0.28276914347476023,-2.4385741540483163
0.7464262172425773,-0.28276914347476023,-2.4366119626353404
0.7832430823685224,-0.28276914347476023,-2.435180199642982
0.8200599474944674,-0.28276914347476023,-2.4343719138828983
0.8568768126204125,-0.28276914347476023,-2.4347072978236257
0.8936936777463576,-0.28276914347476023,-2.4356810606897725
0.9305105428723026,-0.28276914347476023,-2.436894364263763
0.9673274079982481,-0.28276914347476023,-2.4394189512952815
1.0041442731241932,-0.28276914347476023,-2.4424711377691524
1.0409611382501383,-0.28276914347476023,-2.446227969058746
1.0777780033760833,-0.28276914347476023,-2.4504955316901516
1.1145948685020284,-0.28276914347476023,-2.4552717949735956
1.1514117336279734,-0.28276914347476023,-2.460960692569355
1.1882285987539185,-0.28276914347476023,-2.4677937274024204
1.2250454638798636,-0.28276914347476023,-2.4747722848430205
1.2618623290058086,-0.28276914347476023,-2.483010496757397
1.2986791941317537,-0.28276914347476023,-2.4915154875677534
1.3354960592576988,-0.28276914347476023,-2.501799070009098
1.3723129243836438,-0.28276914347476023,-2.5119566609030493
1.409129789509589,-0.28276914347476023,-2.522234169946252
1.4459466546355344,-0.28276914347476023,-2.533113630698674
1.4827635197614795,-0.28276914347476023,-2.545979770501501
1.5195803848874245,-0.28276914347476023,-2.5592798422264225
1.5563972500133696,-0.28276914347476023,-2.572820298648592
1.5932141151393147,-0.28276914347476023,-2.588478696656648
1.6300309802652597,-0.28276914347476023,-2.60342697597141
1.6668478453912048,-0.28276914347476023,-2.619089074786192
1.7036647105171498,-0.28276914347476023,-2.6364806361177253
1.740481575643095,-0.28276914347476023,-2.6527028321443824
1.77729844076904,-0.28276914347476023,-2.6699789356203967
1.814115305894985,-0.28276914347476023,-2.688858509124432
1.85093217102093,-0.28276914347476023,-2.709160201627346
1.8877490361468756,-0.28276914347476023,-2.7290739656268412
1.9245659012728207,-0.28276914347476023,-2.7502357355795324
1.9613827663987657,-0.28276914347476023,-2.771337121495704
1.9981996315247104,-0.28276914347476023,
-1.646670015943854,-0.25016595296825217,
-1.609853150817909,-0.25016595296825217,
-1.573036285691964,-0.25016595296825217,
-1.536219420566019,-0.25016595296825217,
-1.4994025554400736,-0.25016595296825217,
-1.4625856903141286,-0.25016595296825217,
-1.4257688251881835,-0.25016595296825217,
-1.3889519600622384,-0.25016595296825217,
-1.3521350949362934,-0.25016595296825217,
-1.315318229810348,-0.25016595296825217,
-1.278501364684403,-0.25016595296825217,
-1.241684499558458,-0.25016595296825217,
-1.2048676344325129,-0.25016595296825217,
-1.1680507693065678,-0.25016595296825217,
-1.1312339041806228,-0.25016595296825217,
-1.0944170390546777,-0.25016595296825217,
-1.0576001739287326,-0.25016595296825217,
-1.0207833088027876,-0.25016595296825217,
-0.9839664436768423,-0.25016595296825217,
-0.9471495785508972,-0.25016595296825217,
-0.9103327134249521,-0.25016595296825217,
-0.873515848299007,-0.25016595296825217,
-0.8366989831730619,-0.25016595296825217,
-0.7998821180471168,-0.25016595296825217,
-0.7630652529211717,-0.25016595296825217,
-0.7262483877952266,-0.25016595296825217,
-0.6894315226692815,-0.25016595296825217,
-0.6526146575433365,-0.25016595296825217,
-0.6157977924173914,-0.25016595296825217,
-0.5789809272914461,-0.25016595296825217,
-0.5421640621655011,-0.25016595296825217,
-0.505347197039556,-0.25016595296825217,
-0.46853033191361093,-0.25016595296825217,
-0.43171346678766587,-0.25016595296825217,
-0.3948966016617208,-0.25016595296825217,
-0.35807973653577574,-0.25016595296825217,
-0.32126287140983045,-0.25016595296825217,
-0.2844460062838854,-0.25016595296825217,
-0.24762914115794032,-0.25016595296825217,
-0.21081227603199526,-0.25016595296825217,
-0.1739954109060502,-0.25016595296825217,
-0.13717854578010513,-0.25016595296825217,
-0.10036168065415985,-0.25016595296825217,
-0.06354481552821478,-0.25016595296825217,
-0.026727950402269718,-0.25016595296825217,
0.010088914723675346,-0.25016595296825217,
0.04690577984962041,-0.25016595296825217,
0.08372264497556547,-0.25016595296825217,
0.12053951010151076,-0.25016595296825217,
0.15735637522745582,-0.25016595296825217,
0.1941732403534009,-0.25016595296825217,
0.23099010547934595,-0.25016595296825217,
0.267806970605291,-0.25016595296825217,
0.3046238357312361,-0.25016595296825217,
0.34144070085718115,-0.25016595296825217,
0.3782575659831262,-0.25016595296825217,
0.4150744311090713,-0.25016595296825217,-2.4768813618277625
0.45189129623501634,-0.25016595296825217,-2.467647384124972
0.48870816136096185,-0.25016595296825217,-2.459939877201232
0.5255250264869069,-0.25016595296825217,-2.454639477802856
0.562341891612852,-0.25016595296825217,-2.4492508410742726
0.599158756738797,-0.25016595296825217,-2.4454750732492463
0.6359756218647421,-0.25016595296825217,-2.4407064922483794
0.6727924869906872,-0.25016595296825217,-2.4379993931495916
0.7096093521166322,-0.25016595296825217,-2.4358029633098086
0.7464262172425773,-0.25016595296825217,-2.434857130675045
0.7832430823685224,-0.25016595296825217,-2.4334986843665565
0.8200599474944674,-0.25016595296825217,-2.4338774322151258
0.8568768126204125,-0.25016595296825217,-2.435831298564626
0.8936936777463576,-0.25016595296825217,-2.4373468340191144
0.9305105428723026,-0.25016595296825217,-2.4386193987825355
0.9673274079982481,-0.25016595296825217,-2.441313030762565
1.0041442731241932,-0.25016595296825217,-2.4453247598104237
1.0409611382501383,-0.25016595296825217,-2.449796981506906
1.0777780033760833,-0.25016595296825217,-2.454813450343173
1.1145948685020284,-0.25016595296825217,-2.460525072588291
1.1514117336279734,-0.25016595296825217,-2.4667559222292814
1.1882285987539185,-0.25016595296825217,-2.4749714754208365
1.2250454638798636,-0.25016595296825217,-2.482477403279769
1.2618623290058086,-0.25016595296825217,-2.490677136924347
1.2986791941317537,-0.25016595296825217,-2.500257221395223
1.3354960592576988,-0.25016595296825217,-2.5108991316818634
1.3723129243836438,-0.25016595296825217,-2.5215329040242613
1.409129789509589,-0.25016595296825217,-2.532823396356327
1.4459466546355344,-0.25016595296825217,-2.544877291019177
1.4827635197614795,-0.25016595296825217,-2.5576120940258997
1.5195803848874245,-0.25016595296825217,-2.5717131159321585
1.5563972500133696,-0.25016595296825217,-2.5869222290780303
1.5932141151393147,-0.25016595296825217,-2.6025380104879763
1.6300309802652597,-0.25016595296825217,-2.618798940282457
1.6668478453912048,-0.25016595296825217,-2.63391633945917
1.7036647105171498,-0.25016595296825217,-2.651201505280693
1.740481575643095,-0.25016595296825217,-2.669425071003774
1.77729844076904,-0.25016595296825217,-2.687253462684362
1.814115305894985,-0.25016595296825217,-2.7067280888199887
1.85093217102093,-0.25016595296825217,-2.727548385465223
1.8877490361468756,-0.25016595296825217,-2.748184123876672
1.9245659012728207,-0.25016595296825217,-2.769401316763809
1.9613827663987657,-0.25016595296825217,-2.7907662259999753
1.9981996315247104,-0.25016595296825217,
-1.646670015943854,-0.21756276246174422,
-1.609853150817909,-0.21756276246174422,
-1.573036285691964,-0.21756276246174422,
-1.536219420566019,-0.21756276246174422,
-1.4994025554400736,-0.21756276246174422,
-1.4625856903141286,-0.21756276246174422,
-1.4257688251881835,-0.21756276246174422,
-1.3889519600622384,-0.21756276246174422,
-1.3521350949362934,-0.21756276246174422,
-1.315318229810348,-0.21756276246174422,
-1.278501364684403,-0.21756276246174422,
-1.241684499558458,-0.21756276246174422,
-1.2048676344325129,-0.21756276246174422,
-1.1680507693065678,-0.21756276246174422,
-1.1312339041806228,-0.21756276246174422,
-1.0944170390546777,-0.21756276246174422,
-1.0576001739287326,-0.21756276246174422,
-1.0207833088027876,-0.21756276246174422,
-0.9839664436768423,-0.21756276246174422,
-0.9471495785508972,-0.21756276246174422,
-0.9103327134249521,-0.21756276246174422,
-0.873515848299007,-0.21756276246174422,
-0.8366989831730619,-0.21756276246174422,
-0.7998821180471168,-0.21756276246174422,
-0.7630652529211717,-0.21756276246174422,
-0.7262483877952266,-0.21756276246174422,
-0.6894315226692815,-0.21756276246174422,
-0.6526146575433365,-0.21756276246174422,
-0.6157977924173914,-0.21756276246174422,
-0.5789809272914461,-0.21756276246174422,
-0.5421640621655011,-0.21756276246174422,
-0.505347197039556,-0.21756276246174422,
-0.46853033191361093,-0.21756276246174422,
-0.43171346678766587,-0.21756276246174422,
-0.3948966016617208,-0.21756276246174422,
-0.35807973653577574,-0.21756276246174422,
-0.32126287140983045,-0.21756276246174422,
-0.2844460062838854,-0.21756276246174422,
-0.24762914115794032,-0.21756276246174422,
-0.21081227603199526,-0.21756276246174422,
-0.1739954109060502,-0.21756276246174422,
-0.13717854578010513,-0.21756276246174422,
-0.10036168065415985,-0.21756276246174422,
-0.06354481552821478,-0.21756276246174422,
-0.026727950402269718,-0.21756276246174422,
0.010088914723675346,-0.21756276246174422,
0.04690577984962041,-0.21756276246174422,
0.08372264497556547,-0.21756276246174422,
0.12053951010151076,-0.21756276246174422,
0.15735637522745582,-0.21756276246174422,
0.1941732403534009,-0.21756276246174422,
0.23099010547934595,-0.21756276246174422,
0.267806970605291,-0.21756276246174422,
0.3046238357312361,-0.21756276246174422,
0.34144070085718115,-0.21756276246174422,
0.3782575659831262,-0.21756276246174422,-2.4753731613431116
0.4150744311090713,-0.21756276246174422,-2.466232289292072
0.45189129623501634,-0.21756276246174422,-2.4597262217656333
0.48870816136096185,-0.21756276246174422,-2.4530964166717792
0.5255250264869069,-0.21756276246174422,-2.4479394529578538
0.562341891612852,-0.21756276246174422,-2.4444491272870477
0.599158756738797,-0.21756276246174422,-2.4410987056707993
0.6359756218647421,-0.21756276246174422,-2.437481445514262
0.6727924869906872,-0.21756276246174422,-2.43491449804315
0.7096093521166322,-0.21756276246174422,-2.434472319522196
0.7464262172425773,-0.21756276246174422,-2.434241203411367
0.7832430823685224,-0.21756276246174422,-2.4332589761911647
0.8200599474944674,-0.21756276246174422,-2.434201751370825
0.8568768126204125,-0.21756276246174422,-2.4366737346820164
0.8936936777463576,-0.21756276246174422,-2.4385897596787673
0.9305105428723026,-0.21756276246174422,-2.4405612893164976
0.9673274079982481,-0.21756276246174422,-2.4444472206192263
1.0041442731241932,-0.21756276246174422,-2.4488430548670173
1.0409611382501383,-0.21756276246174422,-2.4541979611341955
1.0777780033760833,-0.21756276246174422,-2.46014138165715
1.1145948685020284,-0.21756276246174422,-2.466531026432583
1.1514117336279734,-0.21756276246174422,-2.4735943398177778
1.1882285987539185,-0.21756276246174422,-2.4821179164214398
1.2250454638798636,-0.21756276246174422,-2.490242083642335
1.2618623290058086,-0.21756276246174422,-2.4995433862219705
1.2986791941317537,-0.21756276246174422,-2.509695968179873
1.3354960592576988,-0.21756276246174422,-2.5201442792769417
1.3723129243836438,-0.21756276246174422,-2.531724897698927
1.409129789509589,-0.21756276246174422,-2.5437869951294494
1.4459466546355344,-0.21756276246174422,-2.5568937501253783
1.4827635197614795,-0.21756276246174422,-2.5709193869922147
1.5195803848874245,-0.21756276246174422,-2.585829310234221
1.5563972500133696,-0.21756276246174422,-2.6008969988704482
1.5932141151393147,-0.21756276246174422,-2.6172073534971014
1.6300309802652597,-0.21756276246174422,-2.6336092816095777
1.6668478453912048,-0.21756276246174422,-2.6493297665908004
1.7036647105171498,-0.21756276246174422,-2.6679915555100555
1.740481575643095,-0.21756276246174422,-2.686308051082282
1.77729844076904,-0.21756276246174422,-2.7054538606200236
1.814115305894985,-0.21756276246174422,-2.725275649192313
1.85093217102093,-0.21756276246174422,-2.7458126925260156
1.8877490361468756,-0.21756276246174422,-2.7666717775704255
1.9245659012728207,-0.21756276246174422,-2.787940895920458
1.9613827663987657,-0.21756276246174422,-2.8107490175155108
1.9981996315247104,-0.21756276246174422,
-1.646670015943854,-0.18495957195523616,
-1.609853150817909,-0.18495957195523616,
-1.573036285691964,-0.18495957195523616,
-1.536219420566019,-0.18495957195523616,
-1.4994025554400736,-0.18495957195523616,
-1.4625856903141286,-0.18495957195523616,
-1.4257688251881835,-0.18495957195523616,
-1.3889519600622384,-0.18495957195523616,
-1.3521350949362934,-0.18495957195523616,
-1.315318229810348,-0.18495957195523616,
-1.278501364684403,-0.18495957195523616,
-1.241684499558458,-0.18495957195523616,
-1.2048676344325129,-0.18495957195523616,
-1.1680507693065678,-0.18495957195523616,
-1.1312339041806228,-0.18495957195523616,
-1.0944170390546777,-0.18495957195523616,
-1.0576001739287326,-0.18495957195523616,
-1.0207833088027876,-0.18495957195523616,
-0.9839664436768423,-0.18495957195523616,
-0.9471495785508972,-0.18495957195523616,
-0.9103327134249521,-0.18495957195523616,
-0.873515848299007,-0.18495957195523616,
-0.8366989831730619,-0.18495957195523616,
-0.7998821180471168,-0.18495957195523616,
-0.7630652529211717,-0.18495957195523616,
-0.7262483877952266,-0.18495957195523616,
-0.6894315226692815,-0.18495957195523616,
-0.6526146575433365,-0.18495957195523616,
-0.6157977924173914,-0.18495957195523616,
-0.5789809272914461,-0.18495957195523616,
-0.5421640621655011,-0.18495957195523616,
-0.505347197039556,-0.18495957195523616,
-0.46853033191361093,-0.18495957195523616,
-0.43171346678766587,-0.18495957195523616,
-0.3948966016617208,-0.18495957195523616,
-0.35807973653577574,-0.18495957195523616,
-0.32126287140983045,-0.18495957195523616,
-0.2844460062838854,-0.18495957195523616,
-0.24762914115794032,-0.18495957195523616,
-0.21081227603199526,-0.18495957195523616,
-0.1739954109060502,-0.18495957195523616,
-0.13717854578010513,-0.18495957195523616,
-0.10036168065415985,-0.18495957195523616,
-0.06354481552821478,-0.18495957195523616,
-0.026727950402269718,-0.18495957195523616,
0.010088914723675346,-0.18495957195523616,
0.04690577984962041,-0.18495957195523616,
0.08372264497556547,-0.18495957195523616,
0.12053951010151076,-0.18495957195523616,
0.15735637522745582,-0.18495957195523616,
0.1941732403534009,-0.18495957195523616,
0.23099010547934595,-0.18495957195523616,
0.267806970605291,-0.18495957195523616,
0.3046238357312361,-0.18495957195523616,-2.483946830857432
0.34144070085718115,-0.18495957195523616,-2.4733980790831
0.3782575659831262,-0.18495957195523616,-2.465541372722583
0.4150744311090713,-0.18495957195523616,-2.4581294640995726
0.45189129623501634,-0.18495957195523616,-2.451838898983815
0.48870816136096185,-0.18495957195523616,-2.4470401641575714
0.5255250264869069,-0.18495957195523616,-2.44302816680527
0.562341891612852,-0.18495957195523616,-2.4403432606318556
0.599158756738797,-0.18495957195523616,-2.437455279602903
0.6359756218647421,-0.18495957195523616,-2.4346288709648407
0.6727924869906872,-0.18495957195523616,-2.433600665198184
0.7096093521166322,-0.18495957195523616,-2.433226556491605
0.7464262172425773,-0.18495957195523616,-2.4330620524770494
0.7832430823685224,-0.18495957195523616,-2.4334260173271085
0.8200599474944674,-0.18495957195523616,-2.4351231115429495
0.8568768126204125,-0.18495957195523616,-2.4378415288885114
0.8936936777463576,-0.18495957195523616,-2.440845482763063
0.9305105428723026,-0.18495957195523616,-2.444400088887336
0.9673274079982481,-0.18495957195523616,-2.448068855270593
1.0041442731241932,-0.18495957195523616,-2.453468978549136
1.0409611382501383,-0.18495957195523616,-2.4596453357705474
1.0777780033760833,-0.18495957195523616,-2.466123145465454
1.1145948685020284,-0.18495957195523616,-2.4733603194299003
1.1514117336279734,-0.18495957195523616,-2.480541862578095
1.1882285987539185,-0.18495957195523616,-2.4895459456240063
1.2250454638798636,-0.18495957195523616,-2.4992731277491913
1.2618623290058086,-0.18495957195523616,-2.5095322679442122
1.2986791941317537,-0.18495957195523616,-2.5198449736933255
1.3354960592576988,-0.18495957195523616,-2.531788155474297
1.3723129243836438,-0.18495957195523616,-2.5442417985630925
1.409129789509589,-0.18495957195523616,-2.556600945755376
1.4459466546355344,-0.18495957195523616,-2.56922887122179
1.4827635197614795,-0.18495957195523616,-2.584125529586656
1.5195803848874245,-0.18495957195523616,-2.5994353948388396
1.5563972500133696,-0.18495957195523616,-2.6149743284561158
1.5932141151393147,-0.18495957195523616,-2.631908699017117
1.6300309802652597,-0.18495957195523616,-2.648324013570752
1.6668478453912048,-0.18495957195523616,-2.665439268373256
1.7036647105171498,-0.18495957195523616,-2.6847772321105676
1.740481575643095,-0.18495957195523616,-2.7033415696157927
1.77729844076904,-0.18495957195523616,-2.723186190352105
1.814115305894985,-0.18495957195523616,-2.743165580724275
1.85093217102093,-0.18495957195523616,-2.7637893449510207
1.8877490361468756,-0.18495957195523616,-2.7849466818537816
1.9245659012728207,-0.18495957195523616,-2.807332300797231
1.9613827663987657,-0.18495957195523616,-2.830754116027103
1.9981996315247104,-0.18495957195523616,
-1.646670015943854,-0.1523563814487281,
-1.609853150817909,-0.1523563814487281,
-1.573036285691964,-0.1523563814487281,
-1.536219420566019,-0.1523563814487281,
-1.4994025554400736,-0.1523563814487281,
-1.4625856903141286,-0.1523563814487281,
-1.4257688251881835,-0.1523563814487281,
-1.3889519600622384,-0.1523563814487281,
-1.3521350949362934,-0.1523563814487281,
-1.315318229810348,-0.1523563814487281,
-1.278501364684403,-0.1523563814487281,
-1.241684499558458,-0.1523563814487281,
-1.2048676344325129,-0.1523563814487281,
-1.1680507693065678,-0.1523563814487281,
-1.1312339041806228,-0.1523563814487281,
-1.0944170390546777,-0.1523563814487281,
-1.0576001739287326,-0.1523563814487281,
-1.0207833088027876,-0.1523563814487281,
-0.9839664436768423,-0.1523563814487281,
-0.9471495785508972,-0.1523563814487281,
-0.9103327134249521,-0.1523563814487281,
-0.873515848299007,-0.1523563814487281,
-0.8366989831730619,-0.1523563814487281,
-0.7998821180471168,-0.1523563814487281,
-0.7630652529211717,-0.1523563814487281,
-0.7262483877952266,-0.1523563814487281,
-0.6894315226692815,-0.1523563814487281,
-0.6526146575433365,-0.1523563814487281,
-0.6157977924173914,-0.1523563814487281,
-0.5789809272914461,-0.1523563814487281,
-0.5421640621655011,-0.1523563814487281,
-0.505347197039556,-0.1523563814487281,
-0.46853033191361093,-0.1523563814487281,
-0.43171346678766587,-0.1523563814487281,
-0.3948966016617208,-0.1523563814487281,
-0.35807973653577574,-0.1523563814487281,
-0.32126287140983045,-0.1523563814487281,
-0.2844460062838854,-0.1523563814487281,
-0.24762914115794032,-0.1523563814487281,
-0.21081227603199526,-0.1523563814487281,
-0.1739954109060502,-0.1523563814487281,
-0.13717854578010513,-0.1523563814487281,
-0.10036168065415985,-0.1523563814487281,
-0.06354481552821478,-0.1523563814487281,
-0.026727950402269718,-0.1523563814487281,
0.010088914723675346,-0.1523563814487281,
0.04690577984962041,-0.1523563814487281,
0.08372264497556547,-0.1523563814487281,
0.12053951010151076,-0.1523563814487281,
0.15735637522745582,-0.1523563814487281,
0.1941732403534009,-0.1523563814487281,
0.23099010547934595,-0.1523563814487281,
0.267806970605291,-0.1523563814487281,-2.482031485404754
0.3046238357312361,-0.1523563814487281,-2.4717198959433544
0.34144070085718115,-0.1523563814487281,-2.465260320630769
0.3782575659831262,-0.1523563814487281,-2.457651246535026
0.4150744311090713,-0.1523563814487281,-2.451111480396906
0.45189129623501634,-0.1523563814487281,-2.447017520344359
0.48870816136096185,-0.1523563814487281,-2.442234297330564
0.5255250264869069,-0.1523563814487281,-2.438313547619632
0.562341891612852,-0.1523563814487281,-2.435953643876155
0.599158756738797,-0.1523563814487281,-2.434113895473596
0.6359756218647421,-0.1523563814487281,-2.4326626105561653
0.6727924869906872,-0.1523563814487281,-2.4322292800059873
0.7096093521166322,-0.1523563814487281,-2.431978689197341
0.7464262172425773,-0.1523563814487281,-2.4333177620746014
0.7832430823685224,-0.1523563814487281,-2.4346568349518622
0.8200599474944674,-0.1523563814487281,-2.436710538421503
0.8568768126204125,-0.1523563814487281,-2.4395624257385373
0.8936936777463576,-0.1523563814487281,-2.4439888776491725
0.9305105428723026,-0.1523563814487281,-2.4483136867155975
0.9673274079982481,-0.1523563814487281,-2.4526137129959897
1.0041442731241932,-0.1523563814487281,-2.4585519213912024
1.0409611382501383,-0.1523563814487281,-2.464825141840072
1.0777780033760833,-0.1523563814487281,-2.4720236658359953
1.1145948685020284,-0.1523563814487281,-2.4802105774921306
1.1514117336279734,-0.1523563814487281,-2.4889804721960633
1.1882285987539185,-0.1523563814487281,-2.498129335252405
1.2250454638798636,-0.1523563814487281,-2.5080445479161533
1.2618623290058086,-0.1523563814487281,-2.5194850647701044
1.2986791941317537,-0.1523563814487281,-2.5300930548934684
1.3354960592576988,-0.1523563814487281,-2.5435831409871374
1.3723129243836438,-0.1523563814487281,-2.556958783754122
1.409129789509589,-0.1523563814487281,-2.569370451391805
1.4459466546355344,-0.1523563814487281,-2.582161641177282
1.4827635197614795,-0.1523563814487281,-2.5974299087604553
1.5195803848874245,-0.1523563814487281,-2.6133810182216033
1.5563972500133696,-0.1523563814487281,-2.6294495167969245
1.5932141151393147,-0.1523563814487281,-2.646260370041913
1.6300309802652597,-0.1523563814487281,-2.6641336695320215
1.6668478453912048,-0.1523563814487281,-2.6823023948549563
1.7036647105171498,-0.1523563814487281,-2.701111950674081
1.740481575643095,-0.1523563814487281,-2.720376951882055
1.77729844076904,-0.1523563814487281,-2.7401357806217175
1.814115305894985,-0.1523563814487281,-2.7612759176222497
1.85093217102093,-0.1523563814487281,-2.782908625177374
1.8877490361468756,-0.1523563814487281,-2.80488509576862
1.9245659012728207,-0.1523563814487281,-2.8275122702928375
1.9613827663987657,-0.1523563814487281,-2.851220984667163
1.9981996315247104,-0.1523563814487281,
-1.646670015943854,-0.11975319094222003,
-1.609853150817909,-0.11975319094222003,
-1.573036285691964,-0.11975319094222003,
-1.536219420566019,-0.11975319094222003,
-1.4994025554400736,-0.11975319094222003,
-1.4625856903141286,-0.11975319094222003,
-1.4257688251881835,-0.11975319094222003,
-1.3889519600622384,-0.11975319094222003,
-1.3521350949362934,-0.11975319094222003,
-1.315318229810348,-0.11975319094222003,
-1.278501364684403,-0.11975319094222003,
-1.241684499558458,-0.11975319094222003,
-1.2048676344325129,-0.11975319094222003,
-1.1680507693065678,-0.11975319094222003,
-1.1312339041806228,-0.11975319094222003,
-1.0944170390546777,-0.11975319094222003,
-1.0576001739287326,-0.11975319094222003,
-1.0207833088027876,-0.11975319094222003,
-0.9839664436768423,-0.11975319094222003,
-0.9471495785508972,-0.11975319094222003,
-0.9103327134249521,-0.11975319094222003,
-0.873515848299007,-0.11975319094222003,
-0.8366989831730619,-0.11975319094222003,
-0.7998821180471168,-0.11975319094222003,
-0.7630652529211717,-0.11975319094222003,
-0.7262483877952266,-0.11975319094222003,
-0.6894315226692815,-0.11975319094222003,
-0.6526146575433365,-0.11975319094222003,
-0.6157977924173914,-0.11975319094222003,
-0.5789809272914461,-0.11975319094222003,
-0.5421640621655011,-0.11975319094222003,
-0.505347197039556,-0.11975319094222003,
-0.46853033191361093,-0.11975319094222003,
-0.43171346678766587,-0.11975319094222003,
-0.3948966016617208,-0.11975319094222003,
-0.35807973653577574,-0.11975319094222003,
-0.32126287140983045,-0.11975319094222003,
-0.2844460062838854,-0.11975319094222003,
-0.24762914115794032,-0.11975319094222003,
-0.21081227603199526,-0.11975319094222003,
-0.1739954109060502,-0.11975319094222003,
-0.13717854578010513,-0.11975319094222003,
-0.10036168065415985,-0.11975319094222003,
-0.06354481552821478,-0.11975319094222003,
-0.026727950402269718,-0.11975319094222003,
0.010088914723675346,-0.11975319094222003,
0.04690577984962041,-0.11975319094222003,
0.08372264497556547,-0.11975319094222003,
0.12053951010151076,-0.11975319094222003,
0.15735637522745582,-0.11975319094222003,
0.1941732403534009,-0.11975319094222003,-2.4920168883061953
0.23099010547934595,-0.11975319094222003,-2.4804419815997583
0.267806970605291,-0.11975319094222003,-2.4706262620630888
0.3046238357312361,-0.11975319094222003,-2.4638514463908874
0.34144070085718115,-0.11975319094222003,-2.4571225621784385
0.3782575659831262,-0.11975319094222003,-2.450142375803533
0.4150744311090713,-0.11975319094222003,-2.4457032652702417
0.45189129623501634,-0.11975319094222003,-2.442126169553623
0.48870816136096185,-0.11975319094222003,-2.43801137978818
0.5255250264869069,-0.11975319094222003,-2.4350639718635803
0.562341891612852,-0.11975319094222003,-2.433435058045347
0.599158756738797,-0.11975319094222003,-2.4325076801278014
0.6359756218647421,-0.11975319094222003,-2.4311502986874745
0.6727924869906872,-0.11975319094222003,-2.4314096764789817
0.7096093521166322,-0.11975319094222003,-2.4334627472508323
0.7464262172425773,-0.11975319094222003,-2.4354427013948166
0.7832430823685224,-0.11975319094222003,-2.436749099469431
0.8200599474944674,-0.11975319094222003,-2.4395639876037496
0.8568768126204125,-0.11975319094222003,-2.4430527411826466
0.8936936777463576,-0.11975319094222003,-2.4476063948463116
0.9305105428723026,-0.11975319094222003,-2.4524260342014346
0.9673274079982481,-0.11975319094222003,-2.4582076493138167
1.0041442731241932,-0.11975319094222003,-2.4642962744745955
1.0409611382501383,-0.11975319094222003,-2.471293624082535
1.0777780033760833,-0.11975319094222003,-2.479194402127017
1.1145948685020284,-0.11975319094222003,-2.488257607372569
1.1514117336279734,-0.11975319094222003,-2.4973926024402564
1.1882285987539185,-0.11975319094222003,-2.5068913644075304
1.2250454638798636,-0.11975319094222003,-2.5176623449605464
1.2618623290058086,-0.11975319094222003,-2.5294307662111377
1.2986791941317537,-0.11975319094222003,-2.541702688654927
1.3354960592576988,-0.11975319094222003,-2.5551927747485963
1.3723129243836438,-0.11975319094222003,-2.5686828608422654
1.409129789509589,-0.11975319094222003,-2.5821294120339466
1.4459466546355344,-0.11975319094222003,-2.596550369867818
1.4827635197614795,-0.11975319094222003,-2.612104675617787
1.5195803848874245,-0.11975319094222003,-2.6279807151315477
1.5563972500133696,-0.11975319094222003,-2.6441706801549145
1.5932141151393147,-0.11975319094222003,-2.6623339411451226
1.6300309802652597,-0.11975319094222003,-2.68058214274102
1.6668478453912048,-0.11975319094222003,-2.6991731342122742
1.7036647105171498,-0.11975319094222003,-2.718182379375726
1.740481575643095,-0.11975319094222003,-2.737562195270212
1.77729844076904,-0.11975319094222003,-2.759048683452614
1.814115305894985,-0.11975319094222003,-2.7800439129139916
1.85093217102093,-0.11975319094222003,-2.802302692290911
1.8877490361468756,-0.11975319094222003,-2.8257451563945324
1.9245659012728207,-0.11975319094222003,-2.8483560005631596
1.9613827663987657,-0.11975319094222003,-2.8716517934485726
1.9981996315247104,-0.11975319094222003,
-1.646670015943854,-0.0871500004357122,
-1.609853150817909,-0.0871500004357122,
-1.573036285691964,-0.0871500004357122,
-1.536219420566019,-0.0871500004357122,
-1.4994025554400736,-0.0871500004357122,
-1.4625856903141286,-0.0871500004357122,
-1.4257688251881835,-0.0871500004357122,
-1.3889519600622384,-0.0871500004357122,
-1.3521350949362934,-0.0871500004357122,
-1.315318229810348,-0.0871500004357122,
-1.278501364684403,-0.0871500004357122,
-1.241684499558458,-0.0871500004357122,
-1.2048676344325129,-0.0871500004357122,
-1.1680507693065678,-0.0871500004357122,
-1.1312339041806228,-0.0871500004357122,
-1.0944170390546777,-0.0871500004357122,
-1.0576001739287326,-0.0871500004357122,
-1.0207833088027876,-0.0871500004357122,
-0.9839664436768423,-0.0871500004357122,
-0.9471495785508972,-0.0871500004357122,
-0.9103327134249521,-0.0871500004357122,
-0.873515848299007,-0.0871500004357122,
-0.8366989831730619,-0.0871500004357122,
-0.7998821180471168,-0.0871500004357122,
-0.7630652529211717,-0.0871500004357122,
-0.7262483877952266,-0.0871500004357122,
-0.6894315226692815,-0.0871500004357122,
-0.6526146575433365,-0.0871500004357122,
-0.6157977924173914,-0.0871500004357122,
-0.5789809272914461,-0.0871500004357122,
-0.5421640621655011,-0.0871500004357122,
-0.505347197039556,-0.0871500004357122,
-0.46853033191361093,-0.0871500004357122,
-0.43171346678766587,-0.0871500004357122,
-0.3948966016617208,-0.0871500004357122,
-0.35807973653577574,-0.0871500004357122,
-0.32126287140983045,-0.0871500004357122,
-0.2844460062838854,-0.0871500004357122,
-0.24762914115794032,-0.0871500004357122,
-0.21081227603199526,-0.0871500004357122,
-0.1739954109060502,-0.0871500004357122,
-0.13717854578010513,-0.0871500004357122,
-0.10036168065415985,-0.0871500004357122,
-0.06354481552821478,-0.0871500004357122,
-0.026727950402269718,-0.0871500004357122,
0.010088914723675346,-0.0871500004357122,
0.04690577984962041,-0.0871500004357122,
0.08372264497556547,-0.0871500004357122,
0.12053951010151076,-0.0871500004357122,
0.15735637522745582,-0.0871500004357122,-2.490722516746618
0.1941732403534009,-0.0871500004357122,-2.480118370791724
0.23099010547934595,-0.0871500004357122,-2.4695142248368303
0.267806970605291,-0.0871500004357122,-2.4622308021549886
0.3046238357312361,-0.0871500004357122,-2.4563804878118223
0.34144070085718115,-0.0871500004357122,-2.4495743929920333
0.3782575659831262,-0.0871500004357122,-2.4448112733093685
0.4150744311090713,-0.0871500004357122,-2.4404227745085025
0.45189129623501634,-0.0871500004357122,-2.4368099289548875
0.48870816136096185,-0.0871500004357122,-2.4348036900595442
0.5255250264869069,-0.0871500004357122,-2.432973192473721
0.562341891612852,-0.0871500004357122,-2.4315654434211362
0.599158756738797,-0.0871500004357122,-2.4315530829933207
0.6359756218647421,-0.0871500004357122,-2.430932522157163
0.6727924869906872,-0.0871500004357122,-2.432006686984982
0.7096093521166322,-0.0871500004357122,-2.4341727441759993
0.7464262172425773,-0.0871500004357122,-2.4373996550649104
0.7832430823685224,-0.0871500004357122,-2.43911343375672
0.8200599474944674,-0.0871500004357122,-2.442902994143265
0.8568768126204125,-0.0871500004357122,-2.446946519772447
0.8936936777463576,-0.0871500004357122,-2.4517973980350645
0.9305105428723026,-0.0871500004357122,-2.4576366599018327
0.9673274079982481,-0.0871500004357122,-2.464175058993606
1.0041442731241932,-0.0871500004357122,-2.4714089391572207
1.0409611382501383,-0.0871500004357122,-2.478676164931897
1.0777780033760833,-0.0871500004357122,-2.4878769272133345
1.1145948685020284,-0.0871500004357122,-2.4969150299709617
1.1514117336279734,-0.0871500004357122,-2.5069024846207237
1.1882285987539185,-0.0871500004357122,-2.5171877360526107
1.2250454638798636,-0.0871500004357122,-2.5285651931723585
1.2618623290058086,-0.0871500004357122,-2.540221577709179
1.2986791941317537,-0.0871500004357122,-2.5539469975918268
1.3354960592576988,-0.0871500004357122,-2.567558300070628
1.3723129243836438,-0.0871500004357122,-2.581169602549429
1.409129789509589,-0.0871500004357122,-2.5956074884635885
1.4459466546355344,-0.0871500004357122,-2.610359810824606
1.4827635197614795,-0.0871500004357122,-2.6264417130226327
1.5195803848874245,-0.0871500004357122,-2.642793583525966
1.5563972500133696,-0.0871500004357122,-2.660676123261649
1.5932141151393147,-0.0871500004357122,-2.6780792324319047
1.6300309802652597,-0.0871500004357122,-2.6978076292612307
1.6668478453912048,-0.0871500004357122,-2.717173329062724
1.7036647105171498,-0.0871500004357122,-2.736749818254206
1.740481575643095,-0.0871500004357122,-2.7574534444950958
1.77729844076904,-0.0871500004357122,-2.7780947561810816
1.814115305894985,-0.0871500004357122,-2.7990953371441716
1.85093217102093,-0.0871500004357122,-2.8223053709461734
1.8877490361468756,-0.0871500004357122,-2.845635785067314
1.9245659012728207,-0.0871500004357122,-2.868894129593513
1.9613827663987657,-0.0871500004357122,-2.892852907976091
1.9981996315247104,-0.0871500004357122,
-1.646670015943854,-0.05454680992920413,
-1.609853150817909,-0.05454680992920413,
-1.573036285691964,-0.05454680992920413,
-1.536219420566019,-0.05454680992920413,
-1.4994025554400736,-0.05454680992920413,
-1.4625856903141286,-0.05454680992920413,
-1.4257688251881835,-0.05454680992920413,
-1.3889519600622384,-0.05454680992920413,
-1.3521350949362934,-0.05454680992920413,
-1.315318229810348,-0.05454680992920413,
-1.278501364684403,-0.05454680992920413,
-1.241684499558458,-0.05454680992920413,
-1.2048676344325129,-0.05454680992920413,
-1.1680507693065678,-0.05454680992920413,
-1.1312339041806228,-0.05454680992920413,
-1.0944170390546777,-0.05454680992920413,
-1.0576001739287326,-0.05454680992920413,
-1.0207833088027876,-0.05454680992920413,
-0.9839664436768423,-0.05454680992920413,
-0.9471495785508972,-0.05454680992920413,
-0.9103327134249521,-0.05454680992920413,
-0.873515848299007,-0.05454680992920413,
-0.8366989831730619,-0.05454680992920413,
-0.7998821180471168,-0.05454680992920413,
-0.7630652529211717,-0.05454680992920413,
-0.7262483877952266,-0.05454680992920413,
-0.6894315226692815,-0.05454680992920413,
-0.6526146575433365,-0.05454680992920413,
-0.6157977924173914,-0.05454680992920413,
-0.5789809272914461,-0.05454680992920413,
-0.5421640621655011,-0.05454680992920413,
-0.505347197039556,-0.05454680992920413,
-0.46853033191361093,-0.05454680992920413,
-0.43171346678766587,-0.05454680992920413,
-0.3948966016617208,-0.05454680992920413,
-0.35807973653577574,-0.05454680992920413,
-0.32126287140983045,-0.05454680992920413,
-0.2844460062838854,-0.05454680992920413,
-0.24762914115794032,-0.05454680992920413,
-0.21081227603199526,-0.05454680992920413,
-0.1739954109060502,-0.05454680992920413,
-0.13717854578010513,-0.05454680992920413,
-0.10036168065415985,-0.05454680992920413,
-0.06354481552821478,-0.05454680992920413,
-0.026727950402269718,-0.05454680992920413,
0.010088914723675346,-0.05454680992920413,
0.04690577984962041,-0.05454680992920413,
0.08372264497556547,-0.05454680992920413,
0.12053951010151076,-0.05454680992920413,-2.4889915928045605
0.15735637522745582,-0.05454680992920413,-2.4781532459196276
0.1941732403534009,-0.05454680992920413,-2.468070861659859
0.23099010547934595,-0.05454680992920413,-2.46086886882099
0.267806970605291,-0.05454680992920413,-2.454318067444304
0.3046238357312361,-0.05454680992920413,-2.448470451655629
0.34144070085718115,-0.05454680992920413,-2.443638918159044
0.3782575659831262,-0.05454680992920413,-2.439730787923168
0.4150744311090713,-0.05454680992920413,-2.4366571308377356
0.45189129623501634,-0.05454680992920413,-2.43411018081349
0.48870816136096185,-0.05454680992920413,-2.432040239623384
0.5255250264869069,-0.05454680992920413,-2.4311072983933184
0.562341891612852,-0.05454680992920413,-2.43058376351501
0.599158756738797,-0.05454680992920413,-2.430543376500615
0.6359756218647421,-0.05454680992920413,-2.431633641175835
0.6727924869906872,-0.05454680992920413,-2.432810761379567
0.7096093521166322,-0.05454680992920413,-2.4351415571258874
0.7464262172425773,-0.05454680992920413,-2.4384639206171124
0.7832430823685224,-0.05454680992920413,-2.4421664154697713
0.8200599474944674,-0.05454680992920413,-2.446698863122626
0.8568768126204125,-0.05454680992920413,-2.4515155724239204
0.8936936777463576,-0.05454680992920413,-2.4577591082090278
0.9305105428723026,-0.05454680992920413,-2.463655522631808
0.9673274079982481,-0.05454680992920413,-2.47123579184014
1.0041442731241932,-0.05454680992920413,-2.4786027054466038
1.0409611382501383,-0.05454680992920413,-2.487335445506341
1.0777780033760833,-0.05454680992920413,-2.4965594522996515
1.1145948685020284,-0.05454680992920413,-2.5062754166153227
1.1514117336279734,-0.05454680992920413,-2.517287951262837
1.1882285987539185,-0.05454680992920413,-2.5279560101410388
1.2250454638798636,-0.05454680992920413,-2.5396386648777485
1.2618623290058086,-0.05454680992920413,-2.552684663862928
1.2986791941317537,-0.05454680992920413,-2.566677684140507
1.3354960592576988,-0.05454680992920413,-2.5803499500181464
1.3723129243836438,-0.05454680992920413,-2.5934529532331005
1.409129789509589,-0.05454680992920413,-2.60976736971417
1.4459466546355344,-0.05454680992920413,-2.6248891285500355
1.4827635197614795,-0.05454680992920413,-2.641172668196362
1.5195803848874245,-0.05454680992920413,-2.6590363186185675
1.5563972500133696,-0.05454680992920413,-2.677203391689745
1.5932141151393147,-0.05454680992920413,-2.6958810398395574
1.6300309802652597,-0.05454680992920413,-2.715051696246677
1.6668478453912048,-0.05454680992920413,-2.7344854993093666
1.7036647105171498,-0.05454680992920413,-2.7548273923333655
1.740481575643095,-0.05454680992920413,-2.775394421635328
1.77729844076904,-0.05454680992920413,-2.7968648548960324
1.814115305894985,-0.05454680992920413,-2.818820955857749
1.85093217102093,-0.05454680992920413,-2.8414568655112684
1.8877490361468756,-0.05454680992920413,-2.8644978175765052
1.9245659012728207,-0.05454680992920413,-2.889113405538276
1.9613827663987657,-0.05454680992920413,-2.9142484282743233
1.9981996315247104,-0.05454680992920413,
-1.646670015943854,-0.02194361942269607,
-1.609853150817909,-0.02194361942269607,
-1.573036285691964,-0.02194361942269607,
-1.536219420566019,-0.02194361942269607,
-1.4994025554400736,-0.02194361942269607,
-1.4625856903141286,-0.02194361942269607,
-1.4257688251881835,-0.02194361942269607,
-1.3889519600622384,-0.02194361942269607,
-1.3521350949362934,-0.02194361942269607,
-1.315318229810348,-0.02194361942269607,
-1.278501364684403,-0.02194361942269607,
-1.241684499558458,-0.02194361942269607,
-1.2048676344325129,-0.02194361942269607,
-1.1680507693065678,-0.02194361942269607,
-1.1312339041806228,-0.02194361942269607,
-1.0944170390546777,-0.02194361942269607,
-1.0576001739287326,-0.02194361942269607,
-1.0207833088027876,-0.02194361942269607,
-0.9839664436768423,-0.02194361942269607,
-0.9471495785508972,-0.02194361942269607,
-0.9103327134249521,-0.02194361942269607,
-0.873515848299007,-0.02194361942269607,
-0.8366989831730619,-0.02194361942269607,
-0.7998821180471168,-0.02194361942269607,
-0.7630652529211717,-0.02194361942269607,
-0.7262483877952266,-0.02194361942269607,
-0.6894315226692815,-0.02194361942269607,
-0.6526146575433365,-0.02194361942269607,
-0.6157977924173914,-0.02194361942269607,
-0.5789809272914461,-0.02194361942269607,
-0.5421640621655011,-0.02194361942269607,
-0.505347197039556,-0.02194361942269607,
-0.46853033191361093,-0.02194361942269607,
-0.43171346678766587,-0.02194361942269607,
-0.3948966016617208,-0.02194361942269607,
-0.35807973653577574,-0.02194361942269607,
-0.32126287140983045,-0.02194361942269607,
-0.2844460062838854,-0.02194361942269607,
-0.24762914115794032,-0.02194361942269607,
-0.21081227603199526,-0.02194361942269607,
-0.1739954109060502,-0.02194361942269607,
-0.13717854578010513,-0.02194361942269607,
-0.10036168065415985,-0.02194361942269607,
-0.06354481552821478,-0.02194361942269607,
-0.026727950402269718,-0.02194361942269607,
0.010088914723675346,-0.02194361942269607,
0.04690577984962041,-0.02194361942269607,
0.08372264497556547,-0.02194361942269607,-2.4873186608319564
0.12053951010151076,-0.02194361942269607,-2.476436366750756
0.15735637522745582,-0.02194361942269607,-2.4675114882407954
0.1941732403534009,-0.02194361942269607,-2.4601147028643093
0.23099010547934595,-0.02194361942269607,-2.452923549760296
0.267806970605291,-0.02194361942269607,-2.448087788964151
0.3046238357312361,-0.02194361942269607,-2.4431238475892787
0.34144070085718115,-0.02194361942269607,-2.439325946839853
0.3782575659831262,-0.02194361942269607,-2.435910991114816
0.4150744311090713,-0.02194361942269607,-2.4334614583457546
0.45189129623501634,-0.02194361942269607,-2.431301550458495
0.48870816136096185,-0.02194361942269607,-2.430830071597003
0.5255250264869069,-0.02194361942269607,-2.430569518481768
0.562341891612852,-0.02194361942269607,-2.430249602351121
0.599158756738797,-0.02194361942269607,-2.4310291697607345
0.6359756218647421,-0.02194361942269607,-2.432435858459323
0.6727924869906872,-0.02194361942269607,-2.435227751228017
0.7096093521166322,-0.02194361942269607,-2.438061690992441
0.7464262172425773,-0.02194361942269607,-2.4416538075947387
0.7832430823685224,-0.02194361942269607,-2.4462689641291284
0.8200599474944674,-0.02194361942269607,-2.450931829792329
0.8568768126204125,-0.02194361942269607,-2.4574867294678335
0.8936936777463576,-0.02194361942269607,-2.4637486687669017
0.9305105428723026,-0.02194361942269607,-2.470171645763059
0.9673274079982481,-0.02194361942269607,-2.4782217436997893
1.0041442731241932,-0.02194361942269607,-2.4864318988013
1.0409611382501383,-0.02194361942269607,-2.496235670711982
1.0777780033760833,-0.02194361942269607,-2.5054685115432282
1.1145948685020284,-0.02194361942269607,-2.516607290335765
1.1514117336279734,-0.02194361942269607,-2.5276734179049507
1.1882285987539185,-0.02194361942269607,-2.538645766915264
1.2250454638798636,-0.02194361942269607,-2.550897387545934
1.2618623290058086,-0.02194361942269607,-2.564450794214956
1.2986791941317537,-0.02194361942269607,-2.578884299739167
1.3354960592576988,-0.02194361942269607,-2.593141599965665
1.3723129243836438,-0.02194361942269607,-2.607232346360261
1.409129789509589,-0.02194361942269607,-2.6239272509647518
1.4459466546355344,-0.02194361942269607,-2.640291475955908
1.4827635197614795,-0.02194361942269607,-2.657091622074605
1.5195803848874245,-0.02194361942269607,-2.6751646259602
1.5563972500133696,-0.02194361942269607,-2.6938824101541554
1.5932141151393147,-0.02194361942269607,-2.712838582912533
1.6300309802652597,-0.02194361942269607,-2.7320488727715144
1.6668478453912048,-0.02194361942269607,-2.752570195492329
1.7036647105171498,-0.02194361942269607,-2.772878351628303
1.740481575643095,-0.02194361942269607,-2.7942141465919503
1.77729844076904,-0.02194361942269607,-2.8158918190456586
1.814115305894985,-0.02194361942269607,-2.839643119944273
1.85093217102093,-0.02194361942269607,-2.8627473860334764
1.8877490361468756,-0.02194361942269607,-2.8858328371746205
1.9245659012728207,-0.02194361942269607,-2.9100930443241335
1.9613827663987657,-0.02194361942269607,-2.9347849518627322
1.9981996315247104,-0.02194361942269607,
-1.646670015943854,0.010659571083811992,
-1.609853150817909,0.010659571083811992,
-1.573036285691964,0.010659571083811992,
-1.536219420566019,0.010659571083811992,
-1.4994025554400736,0.010659571083811992,
-1.4625856903141286,0.010659571083811992,
-1.4257688251881835,0.010659571083811992,
-1.3889519600622384,0.010659571083811992,
-1.3521350949362934,0.010659571083811992,
-1.315318229810348,0.010659571083811992,
-1.278501364684403,0.010659571083811992,
-1.241684499558458,0.010659571083811992,
-1.2048676344325129,0.010659571083811992,
-1.1680507693065678,0.010659571083811992,
-1.1312339041806228,0.010659571083811992,
-1.0944170390546777,0.010659571083811992,
-1.0576001739287326,0.010659571083811992,
-1.0207833088027876,0.010659571083811992,
-0.9839664436768423,0.010659571083811992,
-0.9471495785508972,0.010659571083811992,
-0.9103327134249521,0.010659571083811992,
-0.873515848299007,0.010659571083811992,
-0.8366989831730619,0.010659571083811992,
-0.7998821180471168,0.010659571083811992,
-0.7630652529211717,0.010659571083811992,
-0.7262483877952266,0.010659571083811992,
-0.6894315226692815,0.010659571083811992,
-0.6526146575433365,0.010659571083811992,
-0.6157977924173914,0.010659571083811992,
-0.5789809272914461,0.010659571083811992,
-0.5421640621655011,0.010659571083811992,
-0.505347197039556,0.010659571083811992,
-0.46853033191361093,0.010659571083811992,
-0.43171346678766587,0.010659571083811992,
-0.3948966016617208,0.010659571083811992,
-0.35807973653577574,0.010659571083811992,
-0.32126287140983045,0.010659571083811992,
-0.2844460062838854,0.010659571083811992,
-0.24762914115794032,0.010659571083811992,
-0.21081227603199526,0.010659571083811992,
-0.1739954109060502,0.010659571083811992,
-0.13717854578010513,0.010659571083811992,
-0.10036168065415985,0.010659571083811992,
-0.06354481552821478,0.010659571083811992,
-0.026727950402269718,0.010659571083811992,
0.010088914723675346,0.010659571083811992,
0.04690577984962041,0.010659571083811992,-2.4862563135312588
0.08372264497556547,0.010659571083811992,-2.4759176110846663
0.12053951010151076,0.010659571083811992,-2.465625331635215
0.15735637522745582,0.010659571083811992,-2.4599483021467896
0.1941732403534009,0.010659571083811992,-2.4524699105656493
0.23099010547934595,0.010659571083811992,-2.44666365110181
0.267806970605291,0.010659571083811992,-2.4422228029843276
0.3046238357312361,0.010659571083811992,-2.438027553895229
0.34144070085718115,0.010659571083811992,-2.4354434765275803
0.3782575659831262,0.010659571083811992,-2.432795097113166
0.4150744311090713,0.010659571083811992,-2.430843037991511
0.45189129623501634,0.010659571083811992,-2.429767718504385
0.48870816136096185,0.010659571083811992,-2.4293977294806623
0.5255250264869069,0.010659571083811992,-2.4296924912647793
0.562341891612852,0.010659571083811992,-2.4308739221440003
0.599158756738797,0.010659571083811992,-2.432138259430317
0.6359756218647421,0.010659571083811992,-2.434919225100743
0.6727924869906872,0.010659571083811992,-2.437711117869437
0.7096093521166322,0.010659571083811992,-2.4411195539286323
0.7464262172425773,0.010659571083811992,-2.445432436205233
0.7832430823685224,0.010659571083811992,-2.4507540181508327
0.8200599474944674,0.010659571083811992,-2.4567005023481348
0.8568768126204125,0.010659571083811992,-2.463312110269406
0.8936936777463576,0.010659571083811992,-2.4698434727694685
0.9305105428723026,0.010659571083811992,-2.477441346122091
0.9673274079982481,0.010659571083811992,-2.4858879794765714
1.0041442731241932,0.010659571083811992,-2.494865923938116
1.0409611382501383,0.010659571083811992,-2.5048760010072693
1.0777780033760833,0.010659571083811992,-2.5152637231524633
1.1145948685020284,0.010659571083811992,-2.526201119701268
1.1514117336279734,0.010659571083811992,-2.537705571516773
1.1882285987539185,0.010659571083811992,-2.5505240586184468
1.2250454638798636,0.010659571083811992,-2.5637026997531573
1.2618623290058086,0.010659571083811992,-2.5769874129507384
1.2986791941317537,0.010659571083811992,-2.5916568557526336
1.3354960592576988,0.010659571083811992,-2.6059741519871307
1.3723129243836438,0.010659571083811992,-2.6221509237349094
1.409129789509589,0.010659571083811992,-2.6380759520129153
1.4459466546355344,0.010659571083811992,-2.655766691211671
1.4827635197614795,0.010659571083811992,-2.673047976838865
1.5195803848874245,0.010659571083811992,-2.691292933301833
1.5563972500133696,0.010659571083811992,-2.710149767562599
1.5932141151393147,0.010659571083811992,-2.7298642550440575
1.6300309802652597,0.010659571083811992,-2.74981954652763
1.6668478453912048,0.010659571083811992,-2.770850956586485
1.7036647105171498,0.010659571083811992,-2.7908981707632794
1.740481575643095,0.010659571083811992,-2.8130354276056524
1.77729844076904,0.010659571083811992,-2.8354662609272587
1.814115305894985,0.010659571083811992,-2.8593216533589887
1.85093217102093,0.010659571083811992,-2.883795364161201
1.8877490361468756,0.010659571083811992,-2.907115453655264
1.9245659012728207,0.010659571083811992,-2.9315107559167877
1.9613827663987657,0.010659571083811992,
1.9981996315247104,0.010659571083811992,
-1.646670015943854,0.043262761590320054,
-1.609853150817909,0.043262761590320054,
-1.573036285691964,0.043262761590320054,
-1.536219420566019,0.043262761590320054,
-1.4994025554400736,0.043262761590320054,
-1.4625856903141286,0.043262761590320054,
-1.4257688251881835,0.043262761590320054,
-1.3889519600622384,0.043262761590320054,
-1.3521350949362934,0.043262761590320054,
-1.315318229810348,0.043262761590320054,
-1.278501364684403,0.043262761590320054,
-1.241684499558458,0.043262761590320054,
-1.2048676344325129,0.043262761590320054,
-1.1680507693065678,0.043262761590320054,
-1.1312339041806228,0.043262761590320054,
-1.0944170390546777,0.043262761590320054,
-1.0576001739287326,0.043262761590320054,
-1.0207833088027876,0.043262761590320054,
-0.9839664436768423,0.043262761590320054,
-0.9471495785508972,0.043262761590320054,
-0.9103327134249521,0.043262761590320054,
-0.873515848299007,0.043262761590320054,
-0.8366989831730619,0.043262761590320054,
-0.7998821180471168,0.043262761590320054,
-0.7630652529211717,0.043262761590320054,
-0.7262483877952266,0.043262761590320054,
-0.6894315226692815,0.043262761590320054,
-0.6526146575433365,0.043262761590320054,
-0.6157977924173914,0.043262761590320054,
-0.5789809272914461,0.043262761590320054,
-0.5421640621655011,0.043262761590320054,
-0.505347197039556,0.043262761590320054,
-0.46853033191361093,0.043262761590320054,
-0.43171346678766587,0.043262761590320054,
-0.3948966016617208,0.043262761590320054,
-0.35807973653577574,0.043262761590320054,
-0.32126287140983045,0.043262761590320054,
-0.2844460062838854,0.043262761590320054,
-0.24762914115794032,0.043262761590320054,
-0.21081227603199526,0.043262761590320054,
-0.1739954109060502,0.043262761590320054,
-0.13717854578010513,0.043262761590320054,
-0.10036168065415985,0.043262761590320054,
-0.06354481552821478,0.043262761590320054,
-0.026727950402269718,0.043262761590320054,
0.010088914723675346,0.043262761590320054,-2.485560591927837
0.04690577984962041,0.043262761590320054,-2.475393803914326
0.08372264497556547,0.043262761590320054,-2.4659336135443297
0.12053951010151076,0.043262761590320054,-2.4583284103182415
0.15735637522745582,0.043262761590320054,-2.4524659015156405
0.1941732403534009,0.043262761590320054,-2.4458724506465463
0.23099010547934595,0.043262761590320054,-2.4417911940320725
0.267806970605291,0.043262761590320054,-2.4374543592888016
0.3046238357312361,0.043262761590320054,-2.4339684284381775
0.34144070085718115,0.043262761590320054,-2.432339152299191
0.3782575659831262,0.043262761590320054,-2.43056485549544
0.4150744311090713,0.043262761590320054,-2.4301394642366407
0.45189129623501634,0.043262761590320054,-2.429265208281046
0.48870816136096185,0.043262761590320054,-2.429220589298182
0.5255250264869069,0.043262761590320054,-2.4299995417525833
0.562341891612852,0.043262761590320054,-2.4324984582789755
0.599158756738797,0.043262761590320054,-2.4345128296602585
0.6359756218647421,0.043262761590320054,-2.437480947560087
0.6727924869906872,0.043262761590320054,-2.440869981607061
0.7096093521166322,0.043262761590320054,-2.4452540991421974
0.7464262172425773,0.043262761590320054,-2.4502322696852983
0.7832430823685224,0.043262761590320054,-2.4559695365182237
0.8200599474944674,0.043262761590320054,-2.4624753380741247
0.8568768126204125,0.043262761590320054,-2.4692644439675817
0.8936936777463576,0.043262761590320054,-2.477309021582485
0.9305105428723026,0.043262761590320054,-2.485505609902771
0.9673274079982481,0.043262761590320054,-2.494571029147493
1.0041442731241932,0.043262761590320054,-2.5039749245257323
1.0409611382501383,0.043262761590320054,-2.5142700676101426
1.0777780033760833,0.043262761590320054,-2.525858409389624
1.1145948685020284,0.043262761590320054,-2.5368477688480913
1.1514117336279734,0.043262761590320054,-2.549500265823032
1.1882285987539185,0.043262761590320054,-2.562481760742162
1.2250454638798636,0.043262761590320054,-2.5757740465590513
1.2618623290058086,0.043262761590320054,-2.5901377084789337
1.2986791941317537,0.043262761590320054,-2.6050118320508204
1.3354960592576988,0.043262761590320054,-2.6214475016803824
1.3723129243836438,0.043262761590320054,-2.637525982011679
1.409129789509589,0.043262761590320054,-2.6542477843496823
1.4459466546355344,0.043262761590320054,-2.6709219416965366
1.4827635197614795,0.043262761590320054,-2.688591743182891
1.5195803848874245,0.043262761590320054,-2.708470983887966
1.5563972500133696,0.043262761590320054,-2.72803621027446
1.5932141151393147,0.043262761590320054,-2.748014370681317
1.6300309802652597,0.043262761590320054,-2.7672084100257464
1.6668478453912048,0.043262761590320054,-2.7898906388552853
1.7036647105171498,0.043262761590320054,-2.8115149484671766
1.740481575643095,0.043262761590320054,-2.8329685151778667
1.77729844076904,0.043262761590320054,-2.8551121597405995
1.814115305894985,0.043262761590320054,-2.8785823995603
1.85093217102093,0.043262761590320054,-2.903307743478664
1.8877490361468756,0.043262761590320054,-2.9277762902036213
1.9245659012728207,0.043262761590320054,
1.9613827663987657,0.043262761590320054,
1.9981996315247104,0.043262761590320054,
-1.646670015943854,0.0758659520968279,
-1.609853150817909,0.0758659520968279,
-1.573036285691964,0.0758659520968279,
-1.536219420566019,0.0758659520968279,
-1.4994025554400736,0.0758659520968279,
-1.4625856903141286,0.0758659520968279,
-1.4257688251881835,0.0758659520968279,
-1.3889519600622384,0.0758659520968279,
-1.3521350949362934,0.0758659520968279,
-1.315318229810348,0.0758659520968279,
-1.278501364684403,0.0758659520968279,
-1.241684499558458,0.0758659520968279,
-1.2048676344325129,0.0758659520968279,
-1.1680507693065678,0.0758659520968279,
-1.1312339041806228,0.0758659520968279,
-1.0944170390546777,0.0758659520968279,
-1.0576001739287326,0.0758659520968279,
-1.0207833088027876,0.0758659520968279,
-0.9839664436768423,0.0758659520968279,
-0.9471495785508972,0.0758659520968279,
-0.9103327134249521,0.0758659520968279,
-0.873515848299007,0.0758659520968279,
-0.8366989831730619,0.0758659520968279,
-0.7998821180471168,0.0758659520968279,
-0.7630652529211717,0.0758659520968279,
-0.7262483877952266,0.0758659520968279,
-0.6894315226692815,0.0758659520968279,
-0.6526146575433365,0.0758659520968279,
-0.6157977924173914,0.0758659520968279,
-0.5789809272914461,0.0758659520968279,
-0.5421640621655011,0.0758659520968279,
-0.505347197039556,0.0758659520968279,
-0.46853033191361093,0.0758659520968279,
-0.43171346678766587,0.0758659520968279,
-0.3948966016617208,0.0758659520968279,
-0.35807973653577574,0.0758659520968279,
-0.32126287140983045,0.0758659520968279,
-0.2844460062838854,0.0758659520968279,
-0.24762914115794032,0.0758659520968279,
-0.21081227603199526,0.0758659520968279,
-0.1739954109060502,0.0758659520968279,
-0.13717854578010513,0.0758659520968279,
-0.10036168065415985,0.0758659520968279,
-0.06354481552821478,0.0758659520968279,
-0.026727950402269718,0.0758659520968279,-2.4834505853817204
0.010088914723675346,0.0758659520968279,-2.47363814238722
0.04690577984962041,0.0758659520968279,-2.4640639441378376
0.08372264497556547,0.0758659520968279,-2.4569240008387294
0.12053951010151076,0.0758659520968279,-2.4504859648229593
0.15735637522745582,0.0758659520968279,-2.4461019307477927
0.1941732403534009,0.0758659520968279,-2.441233716559453
0.23099010547934595,0.0758659520968279,-2.4375109691916377
0.267806970605291,0.0758659520968279,-2.4337279156971103
0.3046238357312361,0.0758659520968279,-2.4311491681254163
0.34144070085718115,0.0758659520968279,-2.4300792351757488
0.3782575659831262,0.0758659520968279,-2.4299164196125953
0.4150744311090713,0.0758659520968279,-2.429395068710852
0.45189129623501634,0.0758659520968279,-2.4289871168813977
0.48870816136096185,0.0758659520968279,-2.430251889455196
0.5255250264869069,0.0758659520968279,-2.4317884839792203
0.562341891612852,0.0758659520968279,-2.434124712705202
0.599158756738797,0.0758659520968279,-2.4375856747345783
0.6359756218647421,0.0758659520968279,-2.4413567567384202
0.6727924869906872,0.0758659520968279,-2.4450810798221863
0.7096093521166322,0.0758659520968279,-2.4507847066024353
0.7464262172425773,0.0758659520968279,-2.45636646587908
0.7832430823685224,0.0758659520968279,-2.4619835174431133
0.8200599474944674,0.0758659520968279,-2.468706604389438
0.8568768126204125,0.0758659520968279,-2.4763713731219763
0.8936936777463576,0.0758659520968279,-2.485271365658712
0.9305105428723026,0.0758659520968279,-2.4938746716896145
0.9673274079982481,0.0758659520968279,-2.503704374832852
1.0041442731241932,0.0758659520968279,-2.513724504164677
1.0409611382501383,0.0758659520968279,-2.524611303176775
1.0777780033760833,0.0758659520968279,-2.5361728948361684
1.1145948685020284,0.0758659520968279,-2.5481548374184437
1.1514117336279734,0.0758659520968279,-2.5615584020082047
1.1882285987539185,0.0758659520968279,-2.574638741294359
1.2250454638798636,0.0758659520968279,-2.5893689322556597
1.2618623290058086,0.0758659520968279,-2.604655637105729
1.2986791941317537,0.0758659520968279,-2.6190962587473408
1.3354960592576988,0.0758659520968279,-2.6363393259277066
1.3723129243836438,0.0758659520968279,-2.6526061371016976
1.409129789509589,0.0758659520968279,-2.6699391493306655
1.4459466546355344,0.0758659520968279,-2.686884254280999
1.4827635197614795,0.0758659520968279,-2.705791603627076
1.5195803848874245,0.0758659520968279,-2.7257253850555028
1.5563972500133696,0.0758659520968279,-2.7452548371385843
1.5932141151393147,0.0758659520968279,-2.764913271562178
1.6300309802652597,0.0758659520968279,-2.7865434153909967
1.6668478453912048,0.0758659520968279,-2.8090249795105686
1.7036647105171498,0.0758659520968279,-2.8313396363813386
1.740481575643095,0.0758659520968279,-2.8529975998244255
1.77729844076904,0.0758659520968279,-2.874776230013741
1.814115305894985,0.0758659520968279,-2.8991369456867613
1.85093217102093,0.0758659520968279,-2.9238427367082482
1.8877490361468756,0.0758659520968279,
1.9245659012728207,0.0758659520968279,
1.9613827663987657,0.0758659520968279,
1.9981996315247104,0.0758659520968279,
-1.646670015943854,0.10846914260333596,
-1.609853150817909,0.10846914260333596,
-1.573036285691964,0.10846914260333596,
-1.536219420566019,0.10846914260333596,
-1.4994025554400736,0.10846914260333596,
-1.4625856903141286,0.10846914260333596,
-1.4257688251881835,0.10846914260333596,
-1.3889519600622384,0.10846914260333596,
-1.3521350949362934,0.10846914260333596,
-1.315318229810348,0.10846914260333596,
-1.278501364684403,0.10846914260333596,
-1.241684499558458,0.10846914260333596,
-1.2048676344325129,0.10846914260333596,
-1.1680507693065678,0.10846914260333596,
-1.1312339041806228,0.10846914260333596,
-1.0944170390546777,0.10846914260333596,
-1.0576001739287326,0.10846914260333596,
-1.0207833088027876,0.10846914260333596,
-0.9839664436768423,0.10846914260333596,
-0.9471495785508972,0.10846914260333596,
-0.9103327134249521,0.10846914260333596,
-0.873515848299007,0.10846914260333596,
-0.8366989831730619,0.10846914260333596,
-0.7998821180471168,0.10846914260333596,
-0.7630652529211717,0.10846914260333596,
-0.7262483877952266,0.10846914260333596,
-0.6894315226692815,0.10846914260333596,
-0.6526146575433365,0.10846914260333596,
-0.6157977924173914,0.10846914260333596,
-0.5789809272914461,0.10846914260333596,
-0.5421640621655011,0.10846914260333596,
-0.505347197039556,0.10846914260333596,
-0.46853033191361093,0.10846914260333596,
-0.43171346678766587,0.10846914260333596,
-0.3948966016617208,0.10846914260333596,
-0.35807973653577574,0.10846914260333596,
-0.32126287140983045,0.10846914260333596,
-0.2844460062838854,0.10846914260333596,
-0.24762914115794032,0.10846914260333596,
-0.21081227603199526,0.10846914260333596,
-0.1739954109060502,0.10846914260333596,
-0.13717854578010513,0.10846914260333596,
-0.10036168065415985,0.10846914260333596,
-0.06354481552821478,0.10846914260333596,-2.4822224759486637
-0.026727950402269718,0.10846914260333596,-2.4728549199201537
0.010088914723675346,0.10846914260333596,-2.4634515476117786
0.04690577984962041,0.10846914260333596,-2.4560536615427075
0.08372264497556547,0.10846914260333596,-2.4495157382016064
0.12053951010151076,0.10846914260333596,-2.44492590334723
0.15735637522745582,0.10846914260333596,-2.4405360103024307
0.1941732403534009,0.10846914260333596,-2.4365010699136236
0.23099010547934595,0.10846914260333596,-2.4335182400497803
0.267806970605291,0.10846914260333596,-2.4310611259548662
0.3046238357312361,0.10846914260333596,-2.4291876192537774
0.34144070085718115,0.10846914260333596,-2.429065191947425
0.3782575659831262,0.10846914260333596,-2.4288653333216024
0.4150744311090713,0.10846914260333596,-2.4286654746957783
0.45189129623501634,0.10846914260333596,-2.429603579603154
0.48870816136096185,0.10846914260333596,-2.4315203321461683
0.5255250264869069,0.10846914260333596,-2.433938551223909
0.562341891612852,0.10846914260333596,-2.4369799009193254
0.599158756738797,0.10846914260333596,-2.4410451896646865
0.6359756218647421,0.10846914260333596,-2.4451384937894174
0.6727924869906872,0.10846914260333596,-2.4505747307829773
0.7096093521166322,0.10846914260333596,-2.4562245962821097
0.7464262172425773,0.10846914260333596,-2.4621018193217448
0.7832430823685224,0.10846914260333596,-2.4684929646610283
0.8200599474944674,0.10846914260333596,-2.476586358179232
0.8568768126204125,0.10846914260333596,-2.48460357949586
0.8936936777463576,0.10846914260333596,-2.493435764802191
0.9305105428723026,0.10846914260333596,-2.5030284174507127
0.9673274079982481,0.10846914260333596,-2.5132849315575867
1.0041442731241932,0.10846914260333596,-2.5240891623198336
1.0409611382501383,0.10846914260333596,-2.536529930735819
1.0777780033760833,0.10846914260333596,-2.548579874339042
1.1145948685020284,0.10846914260333596,-2.5607187491321692
1.1514117336279734,0.10846914260333596,-2.574133545944615
1.1882285987539185,0.10846914260333596,-2.5880379264630067
1.2250454638798636,0.10846914260333596,-2.603684661193898
1.2618623290058086,0.10846914260333596,-2.6188287882518053
1.2986791941317537,0.10846914260333596,-2.634055322598345
1.3354960592576988,0.10846914260333596,-2.6503243795718765
1.3723129243836438,0.10846914260333596,-2.6676807872870683
1.409129789509589,0.10846914260333596,-2.6855226879212255
1.4459466546355344,0.10846914260333596,-2.7032968655549525
1.4827635197614795,0.10846914260333596,-2.723521478537272
1.5195803848874245,0.10846914260333596,-2.7432600352275918
1.5563972500133696,0.10846914260333596,-2.7634443814024783
1.5932141151393147,0.10846914260333596,-2.7832616209964125
1.6300309802652597,0.10846914260333596,-2.805842481872877
1.6668478453912048,0.10846914260333596,-2.8275459000873515
1.7036647105171498,0.10846914260333596,-2.850560441189232
1.740481575643095,0.10846914260333596,-2.8724962054351155
1.77729844076904,0.10846914260333596,-2.896084740121226
1.814115305894985,0.10846914260333596,
1.85093217102093,0.10846914260333596,
1.8877490361468756,0.10846914260333596,
1.9245659012728207,0.10846914260333596,
1.9613827663987657,0.10846914260333596,
1.9981996315247104,0.10846914260333596,
-1.646670015943854,0.14107233310984402,
-1.609853150817909,0.14107233310984402,
-1.573036285691964,0.14107233310984402,
-1.536219420566019,0.14107233310984402,
-1.4994025554400736,0.14107233310984402,
-1.4625856903141286,0.14107233310984402,
-1.4257688251881835,0.14107233310984402,
-1.3889519600622384,0.14107233310984402,
-1.3521350949362934,0.14107233310984402,
-1.315318229810348,0.14107233310984402,
-1.278501364684403,0.14107233310984402,
-1.241684499558458,0.14107233310984402,
-1.2048676344325129,0.14107233310984402,
-1.1680507693065678,0.14107233310984402,
-1.1312339041806228,0.14107233310984402,
-1.0944170390546777,0.14107233310984402,
-1.0576001739287326,0.14107233310984402,
-1.0207833088027876,0.14107233310984402,
-0.9839664436768423,0.14107233310984402,
-0.9471495785508972,0.14107233310984402,
-0.9103327134249521,0.14107233310984402,
-0.873515848299007,0.14107233310984402,
-0.8366989831730619,0.14107233310984402,
-0.7998821180471168,0.14107233310984402,
-0.7630652529211717,0.14107233310984402,
-0.7262483877952266,0.14107233310984402,
-0.6894315226692815,0.14107233310984402,
-0.6526146575433365,0.14107233310984402,
-0.6157977924173914,0.14107233310984402,
-0.5789809272914461,0.14107233310984402,
-0.5421640621655011,0.14107233310984402,
-0.505347197039556,0.14107233310984402,
-0.46853033191361093,0.14107233310984402,
-0.43171346678766587,0.14107233310984402,
-0.3948966016617208,0.14107233310984402,
-0.35807973653577574,0.14107233310984402,
-0.32126287140983045,0.14107233310984402,
-0.2844460062838854,0.14107233310984402,
-0.24762914115794032,0.14107233310984402,
-0.21081227603199526,0.14107233310984402,
-0.1739954109060502,0.14107233310984402,
-0.13717854578010513,0.14107233310984402,
-0.10036168065415985,0.14107233310984402,-2.4800113941141935
-0.06354481552821478,0.14107233310984402,-2.471284328132357
-0.026727950402269718,0.14107233310984402,-2.462514120520843
0.010088914723675346,0.14107233310984402,-2.4550439413981877
0.04690577984962041,0.14107233310984402,-2.448330206388403
0.08372264497556547,0.14107233310984402,-2.4440829831399484
0.12053951010151076,0.14107233310984402,-2.4399931851370593
0.15735637522745582,0.14107233310984402,-2.436800507815157
0.1941732403534009,0.14107233310984402,-2.433332961388976
0.23099010547934595,0.14107233310984402,-2.430627912387006
0.267806970605291,0.14107233310984402,-2.4289262313320523
0.3046238357312361,0.14107233310984402,-2.428314782817174
0.34144070085718115,0.14107233310984402,-2.428225430078564
0.3782575659831262,0.14107233310984402,-2.4283884677514815
0.4150744311090713,0.14107233310984402,-2.429280709269978
0.45189129623501634,0.14107233310984402,-2.4309681387786237
0.48870816136096185,0.14107233310984402,-2.433509631436527
0.5255250264869069,0.14107233310984402,-2.4362545289946818
0.562341891612852,0.14107233310984402,-2.4402582313441084
0.599158756738797,0.14107233310984402,-2.4442174714998854
0.6359756218647421,0.14107233310984402,-2.4493404127741267
0.6727924869906872,0.14107233310984402,-2.4560924585719848
0.7096093521166322,0.14107233310984402,-2.4617432070453584
0.7464262172425773,0.14107233310984402,-2.4681946144372464
0.7832430823685224,0.14107233310984402,-2.4755665884080575
0.8200599474944674,0.14107233310984402,-2.4842188086589703
0.8568768126204125,0.14107233310984402,-2.493053127181385
0.8936936777463576,0.14107233310984402,-2.5023992348262905
0.9305105428723026,0.14107233310984402,-2.512310072221045
0.9673274079982481,0.14107233310984402,-2.5236942113892917
1.0041442731241932,0.14107233310984402,-2.5360345400692648
1.0409611382501383,0.14107233310984402,-2.5483748687492374
1.0777780033760833,0.14107233310984402,-2.561250025456646
1.1145948685020284,0.14107233310984402,-2.5734285152886294
1.1514117336279734,0.14107233310984402,-2.5865774422040233
1.1882285987539185,0.14107233310984402,-2.602343333167707
1.2250454638798636,0.14107233310984402,-2.6180905278316775
1.2618623290058086,0.14107233310984402,-2.6330826882334315
1.2986791941317537,0.14107233310984402,-2.649190917325254
1.3354960592576988,0.14107233310984402,-2.665989266386033
1.3723129243836438,0.14107233310984402,-2.6841997991969433
1.409129789509589,0.14107233310984402,-2.702422841701239
1.4459466546355344,0.14107233310984402,-2.7211770535160213
1.4827635197614795,0.14107233310984402,-2.740771458329542
1.5195803848874245,0.14107233310984402,-2.7606018901242724
1.5563972500133696,0.14107233310984402,-2.781335020203313
1.5932141151393147,0.14107233310984402,-2.802081201940757
1.6300309802652597,0.14107233310984402,-2.8247321932169966
1.6668478453912048,0.14107233310984402,-2.8453417049459633
1.7036647105171498,0.14107233310984402,-2.8690391815024094
1.740481575643095,0.14107233310984402,-2.894017739186757
1.77729844076904,0.14107233310984402,
1.814115305894985,0.14107233310984402,
1.85093217102093,0.14107233310984402,
1.8877490361468756,0.14107233310984402,
1.9245659012728207,0.14107233310984402,
1.9613827663987657,0.14107233310984402,
1.9981996315247104,0.14107233310984402,
-1.646670015943854,0.17367552361635208,
-1.609853150817909,0.17367552361635208,
-1.573036285691964,0.17367552361635208,
-1.536219420566019,0.17367552361635208,
-1.4994025554400736,0.17367552361635208,
-1.4625856903141286,0.17367552361635208,
-1.4257688251881835,0.17367552361635208,
-1.3889519600622384,0.17367552361635208,
-1.3521350949362934,0.17367552361635208,
-1.315318229810348,0.17367552361635208,
-1.278501364684403,0.17367552361635208,
-1.241684499558458,0.17367552361635208,
-1.2048676344325129,0.17367552361635208,
-1.1680507693065678,0.17367552361635208,
-1.1312339041806228,0.17367552361635208,
-1.0944170390546777,0.17367552361635208,
-1.0576001739287326,0.17367552361635208,
-1.0207833088027876,0.17367552361635208,
-0.9839664436768423,0.17367552361635208,
-0.9471495785508972,0.17367552361635208,
-0.9103327134249521,0.17367552361635208,
-0.873515848299007,0.17367552361635208,
-0.8366989831730619,0.17367552361635208,
-0.7998821180471168,0.17367552361635208,
-0.7630652529211717,0.17367552361635208,
-0.7262483877952266,0.17367552361635208,
-0.6894315226692815,0.17367552361635208,
-0.6526146575433365,0.17367552361635208,
-0.6157977924173914,0.17367552361635208,
-0.5789809272914461,0.17367552361635208,
-0.5421640621655011,0.17367552361635208,
-0.505347197039556,0.17367552361635208,
-0.46853033191361093,0.17367552361635208,
-0.43171346678766587,0.17367552361635208,
-0.3948966016617208,0.17367552361635208,
-0.35807973653577574,0.17367552361635208,
-0.32126287140983045,0.17367552361635208,
-0.2844460062838854,0.17367552361635208,
-0.24762914115794032,0.17367552361635208,
-0.21081227603199526,0.17367552361635208,
-0.1739954109060502,0.17367552361635208,
-0.13717854578010513,0.17367552361635208,-2.4799014825731134
-0.10036168065415985,0.17367552361635208,-2.469617418110917
-0.06354481552821478,0.17367552361635208,-2.4613929581786014
-0.026727950402269718,0.17367552361635208,-2.454265222686093
0.010088914723675346,0.17367552361635208,-2.448544473040707
0.04690577984962041,0.17367552361635208,-2.4433610986413123
0.08372264497556547,0.17367552361635208,-2.4393510397071743
0.12053951010151076,0.17367552361635208,-2.4357776438903898
0.15735637522745582,0.17367552361635208,-2.4332133666346745
0.1941732403534009,0.17367552361635208,-2.4302404343255954
0.23099010547934595,0.17367552361635208,-2.428632735316564
0.267806970605291,0.17367552361635208,-2.4285816764432004
0.3046238357312361,0.17367552361635208,-2.427933749537571
0.34144070085718115,0.17367552361635208,-2.4285936574140843
0.3782575659831262,0.17367552361635208,-2.4294900359074334
0.4150744311090713,0.17367552361635208,-2.4309815956305365
0.45189129623501634,0.17367552361635208,-2.4329573477918673
0.48870816136096185,0.17367552361635208,-2.436146754929948
0.5255250264869069,0.17367552361635208,-2.4397095819727594
0.562341891612852,0.17367552361635208,-2.444409206213013
0.599158756738797,0.17367552361635208,-2.449937577891825
0.6359756218647421,0.17367552361635208,-2.4554823273782467
0.6727924869906872,0.17367552361635208,-2.460823640469209
0.7096093521166322,0.17367552361635208,-2.46760167595569
0.7464262172425773,0.17367552361635208,-2.4752548279600575
0.7832430823685224,0.17367552361635208,-2.4832879712412455
0.8200599474944674,0.17367552361635208,-2.4922492357416735
0.8568768126204125,0.17367552361635208,-2.5020655473948414
0.8936936777463576,0.17367552361635208,-2.5121541600524964
0.9305105428723026,0.17367552361635208,-2.522353177018442
0.9673274079982481,0.17367552361635208,-2.535105729420122
1.0041442731241932,0.17367552361635208,-2.5477714029855116
1.0409611382501383,0.17367552361635208,-2.5603202464986685
1.0777780033760833,0.17367552361635208,-2.5728527275598694
1.1145948685020284,0.17367552361635208,-2.5861205324384366
1.1514117336279734,0.17367552361635208,-2.6002510767263978
1.1882285987539185,0.17367552361635208,-2.6163233130743584
1.2250454638798636,0.17367552361635208,-2.6320505670150287
1.2618623290058086,0.17367552361635208,-2.646838833364737
1.2986791941317537,0.17367552361635208,-2.6647224282167197
1.3354960592576988,0.17367552361635208,-2.682058241217836
1.3723129243836438,0.17367552361635208,-2.7013112167939055
1.409129789509589,0.17367552361635208,-2.719009985533696
1.4459466546355344,0.17367552361635208,-2.738655956106009
1.4827635197614795,0.17367552361635208,-2.758305177333766
1.5195803848874245,0.17367552361635208,-2.778380732428148
1.5563972500133696,0.17367552361635208,-2.8003633415949354
1.5932141151393147,0.17367552361635208,-2.8215914615384268
1.6300309802652597,0.17367552361635208,-2.8447777939770633
1.6668478453912048,0.17367552361635208,-2.8671178348637145
1.7036647105171498,0.17367552361635208,-2.890188374617224
1.740481575643095,0.17367552361635208,
1.77729844076904,0.17367552361635208,
1.814115305894985,0.17367552361635208,
1.85093217102093,0.17367552361635208,
1.8877490361468756,0.17367552361635208,
1.9245659012728207,0.17367552361635208,
1.9613827663987657,0.17367552361635208,
1.9981996315247104,0.17367552361635208,
-1.646670015943854,0.20627871412286014,
-1.609853150817909,0.20627871412286014,
-1.573036285691964,0.20627871412286014,
-1.536219420566019,0.20627871412286014,
-1.4994025554400736,0.20627871412286014,
-1.4625856903141286,0.20627871412286014,
-1.4257688251881835,0.20627871412286014,
-1.3889519600622384,0.20627871412286014,
-1.3521350949362934,0.20627871412286014,
-1.315318229810348,0.20627871412286014,
-1.278501364684403,0.20627871412286014,
-1.241684499558458,0.20627871412286014,
-1.2048676344325129,0.20627871412286014,
-1.1680507693065678,0.20627871412286014,
-1.1312339041806228,0.20627871412286014,
-1.0944170390546777,0.20627871412286014,
-1.0576001739287326,0.20627871412286014,
-1.0207833088027876,0.20627871412286014,
-0.9839664436768423,0.20627871412286014,
-0.9471495785508972,0.20627871412286014,
-0.9103327134249521,0.20627871412286014,
-0.873515848299007,0.20627871412286014,
-0.8366989831730619,0.20627871412286014,
-0.7998821180471168,0.20627871412286014,
-0.7630652529211717,0.20627871412286014,
-0.7262483877952266,0.20627871412286014,
-0.6894315226692815,0.20627871412286014,
-0.6526146575433365,0.20627871412286014,
-0.6157977924173914,0.20627871412286014,
-0.5789809272914461,0.20627871412286014,
-0.5421640621655011,0.20627871412286014,
-0.505347197039556,0.20627871412286014,
-0.46853033191361093,0.20627871412286014,
-0.43171346678766587,0.20627871412286014,
-0.3948966016617208,0.20627871412286014,
-0.35807973653577574,0.20627871412286014,
-0.32126287140983045,0.20627871412286014,
-0.2844460062838854,0.20627871412286014,
-0.24762914115794032,0.20627871412286014,
-0.21081227603199526,0.20627871412286014,
-0.1739954109060502,0.20627871412286014,
-0.13717854578010513,0.20627871412286014,-2.4688763721231664
-0.10036168065415985,0.20627871412286014,-2.4611335114375867
-0.06354481552821478,0.20627871412286014,-2.4536878877948025
-0.026727950402269718,0.20627871412286014,-2.4476666813090704
0.010088914723675346,0.20627871412286014,-2.443066735517524
0.04690577984962041,0.20627871412286014,-2.438391990894222
0.08372264497556547,0.20627871412286014,-2.43504144065635
0.12053951010151076,0.20627871412286014,-2.4326867178485707
0.15735637522745582,0.20627871412286014,-2.4300336645517993
0.1941732403534009,0.20627871412286014,-2.427879994811873
0.23099010547934595,0.20627871412286014,-2.4277446914964593
0.267806970605291,0.20627871412286014,-2.4282714997939605
0.3046238357312361,0.20627871412286014,-2.428300472626483
0.34144070085718115,0.20627871412286014,-2.4296028180064138
0.3782575659831262,0.20627871412286014,-2.4315870583670907
0.4150744311090713,0.20627871412286014,-2.4332859218670446
0.45189129623501634,0.20627871412286014,-2.4360698993944156
0.48870816136096185,0.20627871412286014,-2.439211886006872
0.5255250264869069,0.20627871412286014,-2.4442748377965584
0.562341891612852,0.20627871412286014,-2.4492935261576037
0.599158756738797,0.20627871412286014,-2.454987949677511
0.6359756218647421,0.20627871412286014,-2.461206645900512
0.6727924869906872,0.20627871412286014,-2.46767370444698
0.7096093521166322,0.20627871412286014,-2.4749291110612974
0.7464262172425773,0.20627871412286014,-2.4830877131736937
0.7832430823685224,0.20627871412286014,-2.492134291253048
0.8200599474944674,0.20627871412286014,-2.5015147071027948
0.8568768126204125,0.20627871412286014,-2.5116019231990117
0.8936936777463576,0.20627871412286014,-2.5221550714009666
0.9305105428723026,0.20627871412286014,-2.533593029439253
0.9673274079982481,0.20627871412286014,-2.545660228569072
1.0041442731241932,0.20627871412286014,-2.558943165024141
1.0409611382501383,0.20627871412286014,-2.5715698567258167
1.0777780033760833,0.20627871412286014,-2.5844604844678205
1.1145948685020284,0.20627871412286014,-2.5991022028948305
1.1514117336279734,0.20627871412286014,-2.6137919206701485
1.1882285987539185,0.20627871412286014,-2.6300737112099366
1.2250454638798636,0.20627871412286014,-2.6457995739778477
1.2618623290058086,0.20627871412286014,-2.662181177529475
1.2986791941317537,0.20627871412286014,-2.68055136992051
1.3354960592576988,0.20627871412286014,-2.6985029621913323
1.3723129243836438,0.20627871412286014,-2.7184591198946895
1.409129789509589,0.20627871412286014,-2.7361069637015465
1.4459466546355344,0.20627871412286014,-2.755328678732262
1.4827635197614795,0.20627871412286014,-2.7761997245421437
1.5195803848874245,0.20627871412286014,-2.7969612293521835
1.5563972500133696,0.20627871412286014,-2.8194132708982527
1.5932141151393147,0.20627871412286014,-2.841163334913463
1.6300309802652597,0.20627871412286014,-2.863711154398411
1.6668478453912048,0.20627871412286014,
1.7036647105171498,0.20627871412286014,
1.740481575643095,0.20627871412286014,
1.77729844076904,0.20627871412286014,
1.814115305894985,0.20627871412286014,
1.85093217102093,0.20627871412286014,
1.8877490361468756,0.20627871412286014,
1.9245659012728207,0.20627871412286014,
1.9613827663987657,0.20627871412286014,
1.9981996315247104,0.20627871412286014,
-1.646670015943854,0.2388819046293682,
-1.609853150817909,0.2388819046293682,
-1.573036285691964,0.2388819046293682,
-1.536219420566019,0.2388819046293682,
-1.4994025554400736,0.2388819046293682,
-1.4625856903141286,0.2388819046293682,
-1.4257688251881835,0.2388819046293682,
-1.3889519600622384,0.2388819046293682,
-1.3521350949362934,0.2388819046293682,
-1.315318229810348,0.2388819046293682,
-1.278501364684403,0.2388819046293682,
-1.241684499558458,0.2388819046293682,
-1.2048676344325129,0.2388819046293682,
-1.1680507693065678,0.2388819046293682,
-1.1312339041806228,0.2388819046293682,
-1.0944170390546777,0.2388819046293682,
-1.0576001739287326,0.2388819046293682,
-1.0207833088027876,0.2388819046293682,
-0.9839664436768423,0.2388819046293682,
-0.9471495785508972,0.2388819046293682,
-0.9103327134249521,0.2388819046293682,
-0.873515848299007,0.2388819046293682,
-0.8366989831730619,0.2388819046293682,
-0.7998821180471168,0.2388819046293682,
-0.7630652529211717,0.2388819046293682,
-0.7262483877952266,0.2388819046293682,
-0.6894315226692815,0.2388819046293682,
-0.6526146575433365,0.2388819046293682,
-0.6157977924173914,0.2388819046293682,
-0.5789809272914461,0.2388819046293682,
-0.5421640621655011,0.2388819046293682,
-0.505347197039556,0.2388819046293682,
-0.46853033191361093,0.2388819046293682,
-0.43171346678766587,0.2388819046293682,
-0.3948966016617208,0.2388819046293682,
-0.35807973653577574,0.2388819046293682,
-0.32126287140983045,0.2388819046293682,
-0.2844460062838854,0.2388819046293682,
-0.24762914115794032,0.2388819046293682,
-0.21081227603199526,0.2388819046293682,
-0.1739954109060502,0.2388819046293682,-2.4674566503709046
-0.13717854578010513,0.2388819046293682,-2.459879063176923
-0.10036168065415985,0.2388819046293682,-2.453045174054214
-0.06354481552821478,0.2388819046293682,-2.447042769720727
-0.026727950402269718,0.2388819046293682,-2.4411063149521453
0.010088914723675346,0.2388819046293682,-2.4375949624070588
0.04690577984962041,0.2388819046293682,-2.434555263986624
0.08372264497556547,0.2388819046293682,-2.431738778854112
0.12053951010151076,0.2388819046293682,-2.4289585823768673
0.15735637522745582,0.2388819046293682,-2.4278522018227067
0.1941732403534009,0.2388819046293682,-2.427155569188851
0.23099010547934595,0.2388819046293682,-2.427326284951002
0.267806970605291,0.2388819046293682,-2.427809456251282
0.3046238357312361,0.2388819046293682,-2.4279104067583304
0.34144070085718115,0.2388819046293682,-2.4306950535687513
0.3782575659831262,0.2388819046293682,-2.432715814048958
0.4150744311090713,0.2388819046293682,-2.4359423229048556
0.45189129623501634,0.2388819046293682,-2.43933122154939
0.48870816136096185,0.2388819046293682,-2.44362125789903
0.5255250264869069,0.2388819046293682,-2.448641483651821
0.562341891612852,0.2388819046293682,-2.4544298606872603
0.599158756738797,0.2388819046293682,-2.460998033032152
0.6359756218647421,0.2388819046293682,-2.4675407486250336
0.6727924869906872,0.2388819046293682,-2.4747600318043066
0.7096093521166322,0.2388819046293682,-2.483324816002861
0.7464262172425773,0.2388819046293682,-2.491411797804626
0.7832430823685224,0.2388819046293682,-2.50146301466494
0.8200599474944674,0.2388819046293682,-2.511074981177585
0.8568768126204125,0.2388819046293682,-2.521500212433124
0.8936936777463576,0.2388819046293682,-2.533144282906341
0.9305105428723026,0.2388819046293682,-2.5454339402330532
0.9673274079982481,0.2388819046293682,-2.557316797745214
1.0041442731241932,0.2388819046293682,-2.5704182362504797
1.0409611382501383,0.2388819046293682,-2.5840755514677682
1.0777780033760833,0.2388819046293682,-2.597848907431842
1.1145948685020284,0.2388819046293682,-2.6132006237958034
1.1514117336279734,0.2388819046293682,-2.6292052822297753
1.1882285987539185,0.2388819046293682,-2.6451519722781214
1.2250454638798636,0.2388819046293682,-2.661767307847517
1.2618623290058086,0.2388819046293682,-2.6788823188051194
1.2986791941317537,0.2388819046293682,-2.69732926745993
1.3354960592576988,0.2388819046293682,-2.7150969161121106
1.3723129243836438,0.2388819046293682,-2.734180337669771
1.409129789509589,0.2388819046293682,-2.754248640088604
1.4459466546355344,0.2388819046293682,-2.774126223006568
1.4827635197614795,0.2388819046293682,-2.794654196231232
1.5195803848874245,0.2388819046293682,-2.8151776309270553
1.5563972500133696,0.2388819046293682,-2.8382378034995144
1.5932141151393147,0.2388819046293682,-2.860358694635001
1.6300309802652597,0.2388819046293682,
1.6668478453912048,0.2388819046293682,
1.7036647105171498,0.2388819046293682,
1.740481575643095,0.2388819046293682,
1.77729844076904,0.2388819046293682,
1.814115305894985,0.2388819046293682,
1.85093217102093,0.2388819046293682,
1.8877490361468756,0.2388819046293682,
1.9245659012728207,0.2388819046293682,
1.9613827663987657,0.2388819046293682,
1.9981996315247104,0.2388819046293682,
-1.646670015943854,0.27148509513587604,
-1.609853150817909,0.27148509513587604,
-1.573036285691964,0.27148509513587604,
-1.536219420566019,0.27148509513587604,
-1.4994025554400736,0.27148509513587604,
-1.4625856903141286,0.27148509513587604,
-1.4257688251881835,0.27148509513587604,
-1.3889519600622384,0.27148509513587604,
-1.3521350949362934,0.27148509513587604,
-1.315318229810348,0.27148509513587604,
-1.278501364684403,0.27148509513587604,
-1.241684499558458,0.27148509513587604,
-1.2048676344325129,0.27148509513587604,
-1.1680507693065678,0.27148509513587604,
-1.1312339041806228,0.27148509513587604,
-1.0944170390546777,0.27148509513587604,
-1.0576001739287326,0.27148509513587604,
-1.0207833088027876,0.27148509513587604,
-0.9839664436768423,0.27148509513587604,
-0.9471495785508972,0.27148509513587604,
-0.9103327134249521,0.27148509513587604,
-0.873515848299007,0.27148509513587604,
-0.8366989831730619,0.27148509513587604,
-0.7998821180471168,0.27148509513587604,
-0.7630652529211717,0.27148509513587604,
-0.7262483877952266,0.27148509513587604,
-0.6894315226692815,0.27148509513587604,
-0.6526146575433365,0.27148509513587604,
-0.6157977924173914,0.27148509513587604,
-0.5789809272914461,0.27148509513587604,
-0.5421640621655011,0.27148509513587604,
-0.505347197039556,0.27148509513587604,
-0.46853033191361093,0.27148509513587604,
-0.43171346678766587,0.27148509513587604,
-0.3948966016617208,0.27148509513587604,
-0.35807973653577574,0.27148509513587604,
-0.32126287140983045,0.27148509513587604,
-0.2844460062838854,0.27148509513587604,
-0.24762914115794032,0.27148509513587604,
-0.21081227603199526,0.27148509513587604,-2.46709721486232
-0.1739954109060502,0.27148509513587604,-2.4596366536803465
-0.13717854578010513,0.27148509513587604,-2.4520600779921167
-0.10036168065415985,0.27148509513587604,-2.4463195565703706
-0.06354481552821478,0.27148509513587604,-2.4416952487816115
-0.026727950402269718,0.27148509513587604,-2.4374138903638736
0.010088914723675346,0.27148509513587604,-2.4343693209173525
0.04690577984962041,0.27148509513587604,-2.431338054875257
0.08372264497556547,0.27148509513587604,-2.428999619029497
0.12053951010151076,0.27148509513587604,-2.4274624000888965
0.15735637522745582,0.27148509513587604,-2.426846964361805
0.1941732403534009,0.27148509513587604,-2.4265211342355095
0.23099010547934595,0.27148509513587604,-2.427353983545915
0.267806970605291,0.27148509513587604,-2.4279865983027964
0.3046238357312361,0.27148509513587604,-2.430003855729351
0.34144070085718115,0.27148509513587604,-2.4326418545728288
0.3782575659831262,0.27148509513587604,-2.435618001154233
0.4150744311090713,0.27148509513587604,-2.4397775388447998
0.45189129623501634,0.27148509513587604,-2.4432086265420123
0.48870816136096185,0.27148509513587604,-2.448479494018062
0.5255250264869069,0.27148509513587604,-2.4544498566003345
0.562341891612852,0.27148509513587604,-2.460721652090051
0.599158756738797,0.27148509513587604,-2.467040645646827
0.6359756218647421,0.27148509513587604,-2.4746050047462558
0.6727924869906872,0.27148509513587604,-2.482658952064185
0.7096093521166322,0.27148509513587604,-2.4915352185782957
0.7464262172425773,0.27148509513587604,-2.500338366021857
0.7832430823685224,0.27148509513587604,-2.5107598993384657
0.8200599474944674,0.27148509513587604,-2.521074625291068
0.8568768126204125,0.27148509513587604,-2.5323823655998368
0.8936936777463576,0.27148509513587604,-2.544265691470525
0.9305105428723026,0.27148509513587604,-2.556886846620496
0.9673274079982481,0.27148509513587604,-2.569696482159367
1.0041442731241932,0.27148509513587604,-2.5832600014795997
1.0409611382501383,0.27148509513587604,-2.596466497998373
1.0777780033760833,0.27148509513587604,-2.611913501179213
1.1145948685020284,0.27148509513587604,-2.6269882341080715
1.1514117336279734,0.27148509513587604,-2.643405138140608
1.1882285987539185,0.27148509513587604,-2.66070594406572
1.2250454638798636,0.27148509513587604,-2.6777461365659425
1.2618623290058086,0.27148509513587604,-2.6952404697694528
1.2986791941317537,0.27148509513587604,-2.7138547122397805
1.3354960592576988,0.27148509513587604,-2.7324929769892483
1.3723129243836438,0.27148509513587604,-2.7523433640745716
1.409129789509589,0.27148509513587604,-2.7737380187884533
1.4459466546355344,0.27148509513587604,-2.7925929414894175
1.4827635197614795,0.27148509513587604,-2.8136866591658483
1.5195803848874245,0.27148509513587604,-2.833593914751479
1.5563972500133696,0.27148509513587604,
1.5932141151393147,0.27148509513587604,
1.6300309802652597,0.27148509513587604,
1.6668478453912048,0.27148509513587604,
1.7036647105171498,0.27148509513587604,
1.740481575643095,0.27148509513587604,
1.77729844076904,0.27148509513587604,
1.814115305894985,0.27148509513587604,
1.85093217102093,0.27148509513587604,
1.8877490361468756,0.27148509513587604,
1.9245659012728207,0.27148509513587604,
1.9613827663987657,0.27148509513587604,
1.9981996315247104,0.27148509513587604,
-1.646670015943854,0.3040882856423841,
-1.609853150817909,0.3040882856423841,
-1.573036285691964,0.3040882856423841,
-1.536219420566019,0.3040882856423841,
-1.4994025554400736,0.3040882856423841,
-1.4625856903141286,0.3040882856423841,
-1.4257688251881835,0.3040882856423841,
-1.3889519600622384,0.3040882856423841,
-1.3521350949362934,0.3040882856423841,
-1.315318229810348,0.3040882856423841,
-1.278501364684403,0.3040882856423841,
-1.241684499558458,0.3040882856423841,
-1.2048676344325129,0.3040882856423841,
-1.1680507693065678,0.3040882856423841,
-1.1312339041806228,0.3040882856423841,
-1.0944170390546777,0.3040882856423841,
-1.0576001739287326,0.3040882856423841,
-1.0207833088027876,0.3040882856423841,
-0.9839664436768423,0.3040882856423841,
-0.9471495785508972,0.3040882856423841,
-0.9103327134249521,0.3040882856423841,
-0.873515848299007,0.3040882856423841,
-0.8366989831730619,0.3040882856423841,
-0.7998821180471168,0.3040882856423841,
-0.7630652529211717,0.3040882856423841,
-0.7262483877952266,0.3040882856423841,
-0.6894315226692815,0.3040882856423841,
-0.6526146575433365,0.3040882856423841,
-0.6157977924173914,0.3040882856423841,
-0.5789809272914461,0.3040882856423841,
-0.5421640621655011,0.3040882856423841,
-0.505347197039556,0.3040882856423841,
-0.46853033191361093,0.3040882856423841,
-0.43171346678766587,0.3040882856423841,
-0.3948966016617208,0.3040882856423841,
-0.35807973653577574,0.3040882856423841,
-0.32126287140983045,0.3040882856423841,
-0.2844460062838854,0.3040882856423841,
-0.24762914115794032,0.3040882856423841,-2.4667377793537355
-0.21081227603199526,0.3040882856423841,-2.4583619543748574
-0.1739954109060502,0.3040882856423841,-2.4521648503862905
-0.13717854578010513,0.3040882856423841,-2.4456791830767988
-0.10036168065415985,0.3040882856423841,-2.440991269977743
-0.06354481552821478,0.3040882856423841,-2.43707176846735
-0.026727950402269718,0.3040882856423841,-2.434290677794765
0.010088914723675346,0.3040882856423841,-2.43122551443039
0.04690577984962041,0.3040882856423841,-2.428855640994719
0.08372264497556547,0.3040882856423841,-2.427479007653859
0.12053951010151076,0.3040882856423841,-2.42629901661011
0.15735637522745582,0.3040882856423841,-2.426203256787008
0.1941732403534009,0.3040882856423841,-2.42679200859687
0.23099010547934595,0.3040882856423841,-2.4279076383852645
0.267806970605291,0.3040882856423841,-2.4302109296804693
0.3046238357312361,0.3040882856423841,-2.4319194846952503
0.34144070085718115,0.3040882856423841,-2.435301907322129
0.3782575659831262,0.3040882856423841,-2.4389404337912617
0.4150744311090713,0.3040882856423841,-2.4435581200328143
0.45189129623501634,0.3040882856423841,-2.448146145298421
0.48870816136096185,0.3040882856423841,-2.4539731749206317
0.5255250264869069,0.3040882856423841,-2.460282752289069
0.562341891612852,0.3040882856423841,-2.466840284428682
0.599158756738797,0.3040882856423841,-2.4741131531080374
0.6359756218647421,0.3040882856423841,-2.4820307581596475
0.6727924869906872,0.3040882856423841,-2.491187966596036
0.7096093521166322,0.3040882856423841,-2.500114393899145
0.7464262172425773,0.3040882856423841,-2.509723620273836
0.7832430823685224,0.3040882856423841,-2.5201751083871327
0.8200599474944674,0.3040882856423841,-2.5322653877500017
0.8568768126204125,0.3040882856423841,-2.5437563776018344
0.8936936777463576,0.3040882856423841,-2.555419866396486
0.9305105428723026,0.3040882856423841,-2.568977285232709
0.9673274079982481,0.3040882856423841,-2.582474583532104
1.0041442731241932,0.3040882856423841,-2.596090290415449
1.0409611382501383,0.3040882856423841,-2.610674180249801
1.0777780033760833,0.3040882856423841,-2.6261149178316163
1.1145948685020284,0.3040882856423841,-2.6417079191487303
1.1514117336279734,0.3040882856423841,-2.6583343288592793
1.1882285987539185,0.3040882856423841,-2.6757570301379143
1.2250454638798636,0.3040882856423841,-2.694139249129024
1.2618623290058086,0.3040882856423841,-2.7114562433115217
1.2986791941317537,0.3040882856423841,-2.7313410284763986
1.3354960592576988,0.3040882856423841,-2.7502530713271014
1.3723129243836438,0.3040882856423841,-2.77045604444465
1.409129789509589,0.3040882856423841,-2.7899589742887008
1.4459466546355344,0.3040882856423841,-2.8113810971107283
1.4827635197614795,0.3040882856423841,-2.831291249553235
1.5195803848874245,0.3040882856423841,
1.5563972500133696,0.3040882856423841,
1.5932141151393147,0.3040882856423841,
1.6300309802652597,0.3040882856423841,
1.6668478453912048,0.3040882856423841,
1.7036647105171498,0.3040882856423841,
1.740481575643095,0.3040882856423841,
1.77729844076904,0.3040882856423841,
1.814115305894985,0.3040882856423841,
1.85093217102093,0.3040882856423841,
1.8877490361468756,0.3040882856423841,
1.9245659012728207,0.3040882856423841,
1.9613827663987657,0.3040882856423841,
1.9981996315247104,0.3040882856423841,
-1.646670015943854,0.33669147614889217,
-1.609853150817909,0.33669147614889217,
-1.573036285691964,0.33669147614889217,
-1.536219420566019,0.33669147614889217,
-1.4994025554400736,0.33669147614889217,
-1.4625856903141286,0.33669147614889217,
-1.4257688251881835,0.33669147614889217,
-1.3889519600622384,0.33669147614889217,
-1.3521350949362934,0.33669147614889217,
-1.315318229810348,0.33669147614889217,
-1.278501364684403,0.33669147614889217,
-1.241684499558458,0.33669147614889217,
-1.2048676344325129,0.33669147614889217,
-1.1680507693065678,0.33669147614889217,
-1.1312339041806228,0.33669147614889217,
-1.0944170390546777,0.33669147614889217,
-1.0576001739287326,0.33669147614889217,
-1.0207833088027876,0.33669147614889217,
-0.9839664436768423,0.33669147614889217,
-0.9471495785508972,0.33669147614889217,
-0.9103327134249521,0.33669147614889217,
-0.873515848299007,0.33669147614889217,
-0.8366989831730619,0.33669147614889217,
-0.7998821180471168,0.33669147614889217,
-0.7630652529211717,0.33669147614889217,
-0.7262483877952266,0.33669147614889217,
-0.6894315226692815,0.33669147614889217,
-0.6526146575433365,0.33669147614889217,
-0.6157977924173914,0.33669147614889217,
-0.5789809272914461,0.33669147614889217,
-0.5421640621655011,0.33669147614889217,
-0.505347197039556,0.33669147614889217,
-0.46853033191361093,0.33669147614889217,
-0.43171346678766587,0.33669147614889217,
-0.3948966016617208,0.33669147614889217,
-0.35807973653577574,0.33669147614889217,
-0.32126287140983045,0.33669147614889217,
-0.2844460062838854,0.33669147614889217,
-0.24762914115794032,0.33669147614889217,-2.457798783206987
-0.21081227603199526,0.33669147614889217,-2.4514356727631443
-0.1739954109060502,0.33669147614889217,-2.4457836252796863
-0.13717854578010513,0.33669147614889217,-2.4408053222816157
-0.10036168065415985,0.33669147614889217,-2.436461369389368
-0.06354481552821478,0.33669147614889217,-2.4331894028932846
-0.026727950402269718,0.33669147614889217,-2.431225272022136
0.010088914723675346,0.33669147614889217,-2.428411396963397
0.04690577984962041,0.33669147614889217,-2.4270116515604703
0.08372264497556547,0.33669147614889217,-2.426045553280268
0.12053951010151076,0.33669147614889217,-2.425945942914087
0.15735637522745582,0.33669147614889217,-2.426729210868319
0.1941732403534009,0.33669147614889217,-2.427696014674122
0.23099010547934595,0.33669147614889217,-2.4300467797686243
0.267806970605291,0.33669147614889217,-2.4325732169249736
0.3046238357312361,0.33669147614889217,-2.435373074224198
0.34144070085718115,0.33669147614889217,-2.4394424856703694
0.3782575659831262,0.33669147614889217,-2.4434051653512983
0.4150744311090713,0.33669147614889217,-2.4481786083791386
0.45189129623501634,0.33669147614889217,-2.453772138117696
0.48870816136096185,0.33669147614889217,-2.4595866310945063
0.5255250264869069,0.33669147614889217,-2.4664631862673563
0.562341891612852,0.33669147614889217,-2.4738906045075737
0.599158756738797,0.33669147614889217,-2.482031445186869
0.6359756218647421,0.33669147614889217,-2.490463890633194
0.6727924869906872,0.33669147614889217,-2.4994062356586757
0.7096093521166322,0.33669147614889217,-2.5095925105662986
0.7464262172425773,0.33669147614889217,-2.5201932736211843
0.7832430823685224,0.33669147614889217,-2.5312687946419103
0.8200599474944674,0.33669147614889217,-2.543445105143864
0.8568768126204125,0.33669147614889217,-2.55535221353394
0.8936936777463576,0.33669147614889217,-2.567242804098437
0.9305105428723026,0.33669147614889217,-2.5814214622788643
0.9673274079982481,0.33669147614889217,-2.5952146907351814
1.0041442731241932,0.33669147614889217,-2.609818290739618
1.0409611382501383,0.33669147614889217,-2.6255985505038613
1.0777780033760833,0.33669147614889217,-2.641128259116691
1.1145948685020284,0.33669147614889217,-2.6566449107864525
1.1514117336279734,0.33669147614889217,-2.6733043238807594
1.1882285987539185,0.33669147614889217,-2.6910951494425466
1.2250454638798636,0.33669147614889217,-2.7095455653751106
1.2618623290058086,0.33669147614889217,-2.7281706581948697
1.2986791941317537,0.33669147614889217,-2.7482944395410365
1.3354960592576988,0.33669147614889217,-2.7674573871399133
1.3723129243836438,0.33669147614889217,-2.78673644745844
1.409129789509589,0.33669147614889217,-2.8079566353208296
1.4459466546355344,0.33669147614889217,-2.838541915676813
1.4827635197614795,0.33669147614889217,
1.5195803848874245,0.33669147614889217,
1.5563972500133696,0.33669147614889217,
1.5932141151393147,0.33669147614889217,
1.6300309802652597,0.33669147614889217,
1.6668478453912048,0.33669147614889217,
1.7036647105171498,0.33669147614889217,
1.740481575643095,0.33669147614889217,
1.77729844076904,0.33669147614889217,
1.814115305894985,0.33669147614889217,
1.85093217102093,0.33669147614889217,
1.8877490361468756,0.33669147614889217,
1.9245659012728207,0.33669147614889217,
1.9613827663987657,0.33669147614889217,
1.9981996315247104,0.33669147614889217,
-1.646670015943854,0.3692946666554002,
-1.609853150817909,0.3692946666554002,
-1.573036285691964,0.3692946666554002,
-1.536219420566019,0.3692946666554002,
-1.4994025554400736,0.3692946666554002,
-1.4625856903141286,0.3692946666554002,
-1.4257688251881835,0.3692946666554002,
-1.3889519600622384,0.3692946666554002,
-1.3521350949362934,0.3692946666554002,
-1.315318229810348,0.3692946666554002,
-1.278501364684403,0.3692946666554002,
-1.241684499558458,0.3692946666554002,
-1.2048676344325129,0.3692946666554002,
-1.1680507693065678,0.3692946666554002,
-1.1312339041806228,0.3692946666554002,
-1.0944170390546777,0.3692946666554002,
-1.0576001739287326,0.3692946666554002,
-1.0207833088027876,0.3692946666554002,
-0.9839664436768423,0.3692946666554002,
-0.9471495785508972,0.3692946666554002,
-0.9103327134249521,0.3692946666554002,
-0.873515848299007,0.3692946666554002,
-0.8366989831730619,0.3692946666554002,
-0.7998821180471168,0.3692946666554002,
-0.7630652529211717,0.3692946666554002,
-0.7262483877952266,0.3692946666554002,
-0.6894315226692815,0.3692946666554002,
-0.6526146575433365,0.3692946666554002,
-0.6157977924173914,0.3692946666554002,
-0.5789809272914461,0.3692946666554002,
-0.5421640621655011,0.3692946666554002,
-0.505347197039556,0.3692946666554002,
-0.46853033191361093,0.3692946666554002,
-0.43171346678766587,0.3692946666554002,
-0.3948966016617208,0.3692946666554002,
-0.35807973653577574,0.3692946666554002,
-0.32126287140983045,0.3692946666554002,
-0.2844460062838854,0.3692946666554002,-2.4572833522220234
-0.24762914115794032,0.3692946666554002,-2.4505922909607203
-0.21081227603199526,0.3692946666554002,-2.445469498917017
-0.1739954109060502,0.3692946666554002,-2.4392389975150204
-0.13717854578010513,0.3692946666554002,-2.4363792238440043
-0.10036168065415985,0.3692946666554002,-2.4322151294859653
-0.06354481552821478,0.3692946666554002,-2.4296168650051566
-0.026727950402269718,0.3692946666554002,-2.427974922467192
0.010088914723675346,0.3692946666554002,-2.427116118365514
0.04690577984962041,0.3692946666554002,-2.4263349363778697
0.08372264497556547,0.3692946666554002,-2.4257190151222128
0.12053951010151076,0.3692946666554002,-2.426791607415809
0.15735637522745582,0.3692946666554002,-2.4279157788098904
0.1941732403534009,0.3692946666554002,-2.4298632017708153
0.23099010547934595,0.3692946666554002,-2.4326902860806765
0.267806970605291,0.3692946666554002,-2.435593822779377
0.3046238357312361,0.3692946666554002,-2.4389153614952264
0.34144070085718115,0.3692946666554002,-2.44358306401861
0.3782575659831262,0.3692946666554002,-2.44787605239415
0.4150744311090713,0.3692946666554002,-2.453710242273706
0.45189129623501634,0.3692946666554002,-2.4599689251862173
0.48870816136096185,0.3692946666554002,-2.4658230083447044
0.5255250264869069,0.3692946666554002,-2.4737286282865005
0.562341891612852,0.3692946666554002,-2.4814263099799696
0.599158756738797,0.3692946666554002,-2.489954918911555
0.6359756218647421,0.3692946666554002,-2.4990999097313957
0.6727924869906872,0.3692946666554002,-2.509202745886308
0.7096093521166322,0.3692946666554002,-2.5197468653587345
0.7464262172425773,0.3692946666554002,-2.5307171691962704
0.7832430823685224,0.3692946666554002,-2.5424403452521256
0.8200599474944674,0.3692946666554002,-2.554373277032866
0.8568768126204125,0.3692946666554002,-2.566321575250918
0.8936936777463576,0.3692946666554002,-2.5801734891595074
0.9305105428723026,0.3692946666554002,-2.5941142922803677
0.9673274079982481,0.3692946666554002,-2.609060325294215
1.0041442731241932,0.3692946666554002,-2.623878033714453
1.0409611382501383,0.3692946666554002,-2.6394401965654044
1.0777780033760833,0.3692946666554002,-2.6559803863881024
1.1145948685020284,0.3692946666554002,-2.6716901688736927
1.1514117336279734,0.3692946666554002,-2.689242097580411
1.1882285987539185,0.3692946666554002,-2.7083473955381407
1.2250454638798636,0.3692946666554002,-2.7264365245812594
1.2618623290058086,0.3692946666554002,-2.7461508588876575
1.2986791941317537,0.3692946666554002,-2.764040449799334
1.3354960592576988,0.3692946666554002,-2.7838798732269243
1.3723129243836438,0.3692946666554002,-2.8050626375740144
1.409129789509589,0.3692946666554002,
1.4459466546355344,0.3692946666554002,
1.4827635197614795,0.3692946666554002,
1.5195803848874245,0.3692946666554002,
1.5563972500133696,0.3692946666554002,
1.5932141151393147,0.3692946666554002,
1.6300309802652597,0.3692946666554002,
1.6668478453912048,0.3692946666554002,
1.7036647105171498,0.3692946666554002,
1.740481575643095,0.3692946666554002,
1.77729844076904,0.3692946666554002,
1.814115305894985,0.3692946666554002,
1.85093217102093,0.3692946666554002,
1.8877490361468756,0.3692946666554002,
1.9245659012728207,0.3692946666554002,
1.9613827663987657,0.3692946666554002,
1.9981996315247104,0.3692946666554002,
-1.646670015943854,0.4018978571619083,
-1.609853150817909,0.4018978571619083,
-1.573036285691964,0.4018978571619083,
-1.536219420566019,0.4018978571619083,
-1.4994025554400736,0.4018978571619083,
-1.4625856903141286,0.4018978571619083,
-1.4257688251881835,0.4018978571619083,
-1.3889519600622384,0.4018978571619083,
-1.3521350949362934,0.4018978571619083,
-1.315318229810348,0.4018978571619083,
-1.278501364684403,0.4018978571619083,
-1.241684499558458,0.4018978571619083,
-1.2048676344325129,0.4018978571619083,
-1.1680507693065678,0.4018978571619083,
-1.1312339041806228,0.4018978571619083,
-1.0944170390546777,0.4018978571619083,
-1.0576001739287326,0.4018978571619083,
-1.0207833088027876,0.4018978571619083,
-0.9839664436768423,0.4018978571619083,
-0.9471495785508972,0.4018978571619083,
-0.9103327134249521,0.4018978571619083,
-0.873515848299007,0.4018978571619083,
-0.8366989831730619,0.4018978571619083,
-0.7998821180471168,0.4018978571619083,
-0.7630652529211717,0.4018978571619083,
-0.7262483877952266,0.4018978571619083,
-0.6894315226692815,0.4018978571619083,
-0.6526146575433365,0.4018978571619083,
-0.6157977924173914,0.4018978571619083,
-0.5789809272914461,0.4018978571619083,
-0.5421640621655011,0.4018978571619083,
-0.505347197039556,0.4018978571619083,
-0.46853033191361093,0.4018978571619083,
-0.43171346678766587,0.4018978571619083,
-0.3948966016617208,0.4018978571619083,
-0.35807973653577574,0.4018978571619083,
-0.32126287140983045,0.4018978571619083,-2.4568906567338784
-0.2844460062838854,0.4018978571619083,-2.449917002732482
-0.24762914115794032,0.4018978571619083,-2.44445161964932
-0.21081227603199526,0.4018978571619083,-2.439678720947347
-0.1739954109060502,0.4018978571619083,-2.435896246510196
-0.13717854578010513,0.4018978571619083,-2.4323943121968075
-0.10036168065415985,0.4018978571619083,-2.429692012073745
-0.06354481552821478,0.4018978571619083,-2.427638068596578
-0.026727950402269718,0.4018978571619083,-2.4268253144650718
0.010088914723675346,0.4018978571619083,-2.426383725488487
0.04690577984962041,0.4018978571619083,-2.4255887908583573
0.08372264497556547,0.4018978571619083,-2.426395656126262
0.12053951010151076,0.4018978571619083,-2.42817729821926
0.15735637522745582,0.4018978571619083,-2.429735148135907
0.1941732403534009,0.4018978571619083,-2.432521229340458
0.23099010547934595,0.4018978571619083,-2.43534831365032
0.267806970605291,0.4018978571619083,-2.438571792565002
0.3046238357312361,0.4018978571619083,-2.443057173893726
0.34144070085718115,0.4018978571619083,-2.4478100665696996
0.3782575659831262,0.4018978571619083,-2.4532032176219287
0.4150744311090713,0.4018978571619083,-2.4596248080211
0.45189129623501634,0.4018978571619083,-2.4667835583719775
0.48870816136096185,0.4018978571619083,-2.4736486042516255
0.5255250264869069,0.4018978571619083,-2.481862849963566
0.562341891612852,0.4018978571619083,-2.4895533782763652
0.599158756738797,0.4018978571619083,-2.498635297924658
0.6359756218647421,0.4018978571619083,-2.509319677133418
0.6727924869906872,0.4018978571619083,-2.5195580141363685
0.7096093521166322,0.4018978571619083,-2.529933957585204
0.7464262172425773,0.4018978571619083,-2.5416804740847905
0.7832430823685224,0.4018978571619083,-2.553494363255719
0.8200599474944674,0.4018978571619083,-2.5662224821999473
0.8568768126204125,0.4018978571619083,-2.5789383520900686
0.8936936777463576,0.4018978571619083,-2.5926237961508947
0.9305105428723026,0.4018978571619083,-2.6075694505200646
0.9673274079982481,0.4018978571619083,-2.6228645940241733
1.0041442731241932,0.4018978571619083,-2.6381300566153465
1.0409611382501383,0.4018978571619083,-2.653788122917773
1.0777780033760833,0.4018978571619083,-2.670795031852301
1.1145948685020284,0.4018978571619083,-2.6882279023402353
1.1514117336279734,0.4018978571619083,-2.7059212023554045
1.1882285987539185,0.4018978571619083,-2.724429021256917
1.2250454638798636,0.4018978571619083,-2.7424737731064157
1.2618623290058086,0.4018978571619083,-2.7629187449253414
1.2986791941317537,0.4018978571619083,-2.781866528181355
1.3354960592576988,0.4018978571619083,-2.806301376751588
1.3723129243836438,0.4018978571619083,
1.409129789509589,0.4018978571619083,
1.4459466546355344,0.4018978571619083,
1.4827635197614795,0.4018978571619083,
1.5195803848874245,0.4018978571619083,
1.5563972500133696,0.4018978571619083,
1.5932141151393147,0.4018978571619083,
1.6300309802652597,0.4018978571619083,
1.6668478453912048,0.4018978571619083,
1.7036647105171498,0.4018978571619083,
1.740481575643095,0.4018978571619083,
1.77729844076904,0.4018978571619083,
1.814115305894985,0.4018978571619083,
1.85093217102093,0.4018978571619083,
1.8877490361468756,0.4018978571619083,
1.9245659012728207,0.4018978571619083,
1.9613827663987657,0.4018978571619083,
1.9981996315247104,0.4018978571619083,
-1.646670015943854,0.43450104766841613,
-1.609853150817909,0.43450104766841613,
-1.573036285691964,0.43450104766841613,
-1.536219420566019,0.43450104766841613,
-1.4994025554400736,0.43450104766841613,
-1.4625856903141286,0.43450104766841613,
-1.4257688251881835,0.43450104766841613,
-1.3889519600622384,0.43450104766841613,
-1.3521350949362934,0.43450104766841613,
-1.315318229810348,0.43450104766841613,
-1.278501364684403,0.43450104766841613,
-1.241684499558458,0.43450104766841613,
-1.2048676344325129,0.43450104766841613,
-1.1680507693065678,0.43450104766841613,
-1.1312339041806228,0.43450104766841613,
-1.0944170390546777,0.43450104766841613,
-1.0576001739287326,0.43450104766841613,
-1.0207833088027876,0.43450104766841613,
-0.9839664436768423,0.43450104766841613,
-0.9471495785508972,0.43450104766841613,
-0.9103327134249521,0.43450104766841613,
-0.873515848299007,0.43450104766841613,
-0.8366989831730619,0.43450104766841613,
-0.7998821180471168,0.43450104766841613,
-0.7630652529211717,0.43450104766841613,
-0.7262483877952266,0.43450104766841613,
-0.6894315226692815,0.43450104766841613,
-0.6526146575433365,0.43450104766841613,
-0.6157977924173914,0.43450104766841613,
-0.5789809272914461,0.43450104766841613,
-0.5421640621655011,0.43450104766841613,
-0.505347197039556,0.43450104766841613,
-0.46853033191361093,0.43450104766841613,
-0.43171346678766587,0.43450104766841613,
-0.3948966016617208,0.43450104766841613,
-0.35807973653577574,0.43450104766841613,-2.4562450399019484
-0.32126287140983045,0.43450104766841613,-2.450166487520328
-0.2844460062838854,0.43450104766841613,-2.443654661308555
-0.24762914115794032,0.43450104766841613,-2.4392093874596648
-0.21081227603199526,0.43450104766841613,-2.4354499715411646
-0.1739954109060502,0.43450104766841613,-2.4319773439615844
-0.13717854578010513,0.43450104766841613,-2.4294733228731613
-0.10036168065415985,0.43450104766841613,-2.427526760080907
-0.06354481552821478,0.43450104766841613,-2.4264109040754436
-0.026727950402269718,0.43450104766841613,-2.425816574957911
0.010088914723675346,0.43450104766841613,-2.4256237202984408
0.04690577984962041,0.43450104766841613,-2.4261626458369374
0.08372264497556547,0.43450104766841613,-2.4278579223241206
0.12053951010151076,0.43450104766841613,-2.4293331036322066
0.15735637522745582,0.43450104766841613,-2.431881173705229
0.1941732403534009,0.43450104766841613,-2.4353886444403727
0.23099010547934595,0.43450104766841613,-2.438732568250162
0.267806970605291,0.43450104766841613,-2.44324489546006
0.3046238357312361,0.43450104766841613,-2.4476659824406655
0.34144070085718115,0.43450104766841613,-2.452960533815052
0.3782575659831262,0.43450104766841613,-2.459842508968845
0.4150744311090713,0.43450104766841613,-2.466427527666225
0.45189129623501634,0.43450104766841613,-2.4737086336785103
0.48870816136096185,0.43450104766841613,-2.481451734622508
0.5255250264869069,0.43450104766841613,-2.4899970716406328
0.562341891612852,0.43450104766841613,-2.4986165944181637
0.599158756738797,0.43450104766841613,-2.5079661328210303
0.6359756218647421,0.43450104766841613,-2.5186108385362718
0.6727924869906872,0.43450104766841613,-2.5298963004429194
0.7096093521166322,0.43450104766841613,-2.541068885903258
0.7464262172425773,0.43450104766841613,-2.552912920673334
0.7832430823685224,0.43450104766841613,-2.5656199057398146
0.8200599474944674,0.43450104766841613,-2.578232575869427
0.8568768126204125,0.43450104766841613,-2.5917047608222794
0.8936936777463576,0.43450104766841613,-2.606735128920203
0.9305105428723026,0.43450104766841613,-2.6220264663717745
0.9673274079982481,0.43450104766841613,-2.637724074164651
1.0041442731241932,0.43450104766841613,-2.653231970916881
1.0409611382501383,0.43450104766841613,-2.6688957999823195
1.0777780033760833,0.43450104766841613,-2.686339269499193
1.1145948685020284,0.43450104766841613,-2.7038420115324477
1.1514117336279734,0.43450104766841613,-2.7223073150983854
1.1882285987539185,0.43450104766841613,-2.7405231559777974
1.2250454638798636,0.43450104766841613,-2.7596072352161833
1.2618623290058086,0.43450104766841613,-2.779256720242738
1.2986791941317537,0.43450104766841613,
1.3354960592576988,0.43450104766841613,
1.3723129243836438,0.43450104766841613,
1.409129789509589,0.43450104766841613,
1.4459466546355344,0.43450104766841613,
1.4827635197614795,0.43450104766841613,
1.5195803848874245,0.43450104766841613,
1.5563972500133696,0.43450104766841613,
1.5932141151393147,0.43450104766841613,
1.6300309802652597,0.43450104766841613,
1.6668478453912048,0.43450104766841613,
1.7036647105171498,0.43450104766841613,
1.740481575643095,0.43450104766841613,
1.77729844076904,0.43450104766841613,
1.814115305894985,0.43450104766841613,
1.85093217102093,0.43450104766841613,
1.8877490361468756,0.43450104766841613,
1.9245659012728207,0.43450104766841613,
1.9613827663987657,0.43450104766841613,
1.9981996315247104,0.43450104766841613,
-1.646670015943854,0.4671042381749242,
-1.609853150817909,0.4671042381749242,
-1.573036285691964,0.4671042381749242,
-1.536219420566019,0.4671042381749242,
-1.4994025554400736,0.4671042381749242,
-1.4625856903141286,0.4671042381749242,
-1.4257688251881835,0.4671042381749242,
-1.3889519600622384,0.4671042381749242,
-1.3521350949362934,0.4671042381749242,
-1.315318229810348,0.4671042381749242,
-1.278501364684403,0.4671042381749242,
-1.241684499558458,0.4671042381749242,
-1.2048676344325129,0.4671042381749242,
-1.1680507693065678,0.4671042381749242,
-1.1312339041806228,0.4671042381749242,
-1.0944170390546777,0.4671042381749242,
-1.0576001739287326,0.4671042381749242,
-1.0207833088027876,0.4671042381749242,
-0.9839664436768423,0.4671042381749242,
-0.9471495785508972,0.4671042381749242,
-0.9103327134249521,0.4671042381749242,
-0.873515848299007,0.4671042381749242,
-0.8366989831730619,0.4671042381749242,
-0.7998821180471168,0.4671042381749242,
-0.7630652529211717,0.4671042381749242,
-0.7262483877952266,0.4671042381749242,
-0.6894315226692815,0.4671042381749242,
-0.6526146575433365,0.4671042381749242,
-0.6157977924173914,0.4671042381749242,
-0.5789809272914461,0.4671042381749242,
-0.5421640621655011,0.4671042381749242,
-0.505347197039556,0.4671042381749242,
-0.46853033191361093,0.4671042381749242,
-0.43171346678766587,0.4671042381749242,
-0.3948966016617208,0.4671042381749242,
-0.35807973653577574,0.4671042381749242,-2.4492014061967966
-0.32126287140983045,0.4671042381749242,-2.4432283523654723
-0.2844460062838854,0.4671042381749242,-2.43903872413029
-0.24762914115794032,0.4671042381749242,-2.4353294586053984
-0.21081227603199526,0.4671042381749242,-2.4316892053260766
-0.1739954109060502,0.4671042381749242,-2.4290818045953273
-0.13717854578010513,0.4671042381749242,-2.4277177231083202
-0.10036168065415985,0.4671042381749242,-2.427095263329347
-0.06354481552821478,0.4671042381749242,-2.4255690408591275
-0.026727950402269718,0.4671042381749242,-2.4254043844039943
0.010088914723675346,0.4671042381749242,-2.4264983009737415
0.04690577984962041,0.4671042381749242,-2.4271871607076183
0.08372264497556547,0.4671042381749242,-2.4291108138307522
0.12053951010151076,0.4671042381749242,-2.4319193522348854
0.15735637522745582,0.4671042381749242,-2.434890346710276
0.1941732403534009,0.4671042381749242,-2.4387962675559267
0.23099010547934595,0.4671042381749242,-2.443022346873696
0.267806970605291,0.4671042381749242,-2.447483181525371
0.3046238357312361,0.4671042381749242,-2.4532938111942677
0.34144070085718115,0.4671042381749242,-2.459288245508613
0.3782575659831262,0.4671042381749242,-2.4663388471671093
0.4150744311090713,0.4671042381749242,-2.4732660327411184
0.45189129623501634,0.4671042381749242,-2.4811768848625237
0.48870816136096185,0.4671042381749242,-2.489398128773383
0.5255250264869069,0.4671042381749242,-2.4985960204362048
0.562341891612852,0.4671042381749242,-2.508017866031823
0.599158756738797,0.4671042381749242,-2.5183844795261687
0.6359756218647421,0.4671042381749242,-2.5289471852087875
0.6727924869906872,0.4671042381749242,-2.540632323787374
0.7096093521166322,0.4671042381749242,-2.5524681704770984
0.7464262172425773,0.4671042381749242,-2.564792487097778
0.7832430823685224,0.4671042381749242,-2.578045740455204
0.8200599474944674,0.4671042381749242,-2.5916868253064624
0.8568768126204125,0.4671042381749242,-2.605697590575659
0.8936936777463576,0.4671042381749242,-2.6209386096834453
0.9305105428723026,0.4671042381749242,-2.6362036747818367
0.9673274079982481,0.4671042381749242,-2.652316913363645
1.0041442731241932,0.4671042381749242,-2.668238070547453
1.0409611382501383,0.4671042381749242,-2.6843611978655852
1.0777780033760833,0.4671042381749242,-2.7018455106689503
1.1145948685020284,0.4671042381749242,-2.7199697133306766
1.1514117336279734,0.4671042381749242,-2.73855539989521
1.1882285987539185,0.4671042381749242,-2.7578555312197137
1.2250454638798636,0.4671042381749242,-2.77676870864573
1.2618623290058086,0.4671042381749242,
1.2986791941317537,0.4671042381749242,
1.3354960592576988,0.4671042381749242,
1.3723129243836438,0.4671042381749242,
1.409129789509589,0.4671042381749242,
1.4459466546355344,0.4671042381749242,
1.4827635197614795,0.4671042381749242,
1.5195803848874245,0.4671042381749242,
1.5563972500133696,0.4671042381749242,
1.5932141151393147,0.4671042381749242,
1.6300309802652597,0.4671042381749242,
1.6668478453912048,0.4671042381749242,
1.7036647105171498,0.4671042381749242,
1.740481575643095,0.4671042381749242,
1.77729844076904,0.4671042381749242,
1.814115305894985,0.4671042381749242,
1.85093217102093,0.4671042381749242,
1.8877490361468756,0.4671042381749242,
1.9245659012728207,0.4671042381749242,
1.9613827663987657,0.4671042381749242,
1.9981996315247104,0.4671042381749242,
-1.646670015943854,0.49970742868143225,
-1.609853150817909,0.49970742868143225,
-1.573036285691964,0.49970742868143225,
-1.536219420566019,0.49970742868143225,
-1.4994025554400736,0.49970742868143225,
-1.4625856903141286,0.49970742868143225,
-1.4257688251881835,0.49970742868143225,
-1.3889519600622384,0.49970742868143225,
-1.3521350949362934,0.49970742868143225,
-1.315318229810348,0.49970742868143225,
-1.278501364684403,0.49970742868143225,
-1.241684499558458,0.49970742868143225,
-1.2048676344325129,0.49970742868143225,
-1.1680507693065678,0.49970742868143225,
-1.1312339041806228,0.49970742868143225,
-1.0944170390546777,0.49970742868143225,
-1.0576001739287326,0.49970742868143225,
-1.0207833088027876,0.49970742868143225,
-0.9839664436768423,0.49970742868143225,
-0.9471495785508972,0.49970742868143225,
-0.9103327134249521,0.49970742868143225,
-0.873515848299007,0.49970742868143225,
-0.8366989831730619,0.49970742868143225,
-0.7998821180471168,0.49970742868143225,
-0.7630652529211717,0.49970742868143225,
-0.7262483877952266,0.49970742868143225,
-0.6894315226692815,0.49970742868143225,
-0.6526146575433365,0.49970742868143225,
-0.6157977924173914,0.49970742868143225,
-0.5789809272914461,0.49970742868143225,
-0.5421640621655011,0.49970742868143225,
-0.505347197039556,0.49970742868143225,
-0.46853033191361093,0.49970742868143225,
-0.43171346678766587,0.49970742868143225,
-0.3948966016617208,0.49970742868143225,-2.4482684696546766
-0.35807973653577574,0.49970742868143225,-2.4428716193310667
-0.32126287140983045,0.49970742868143225,-2.4385786335243296
-0.2844460062838854,0.49970742868143225,-2.4347352935839073
-0.24762914115794032,0.49970742868143225,-2.4315630385101197
-0.21081227603199526,0.49970742868143225,-2.4286816964930598
-0.1739954109060502,0.49970742868143225,-2.4271666255214965
-0.13717854578010513,0.49970742868143225,-2.4272264324783897
-0.10036168065415985,0.49970742868143225,-2.427597863189423
-0.06354481552821478,0.49970742868143225,-2.4262557004824807
-0.026727950402269718,0.49970742868143225,-2.426509148324083
0.010088914723675346,0.49970742868143225,-2.4277267103756603
0.04690577984962041,0.49970742868143225,-2.4293473618664008
0.08372264497556547,0.49970742868143225,-2.431656468560037
0.12053951010151076,0.49970742868143225,-2.4347096429373627
0.15735637522745582,0.49970742868143225,-2.438218799983204
0.1941732403534009,0.49970742868143225,-2.4428280488845173
0.23099010547934595,0.49970742868143225,-2.4474797708496387
0.267806970605291,0.49970742868143225,-2.4531487639526266
0.3046238357312361,0.49970742868143225,-2.459282176362981
0.34144070085718115,0.49970742868143225,-2.4655872347870305
0.3782575659831262,0.49970742868143225,-2.473055856058205
0.4150744311090713,0.49970742868143225,-2.4808024704364873
0.45189129623501634,0.49970742868143225,-2.4891045341783107
0.48870816136096185,0.49970742868143225,-2.498531213770324
0.5255250264869069,0.49970742868143225,-2.5079385424291676
0.562341891612852,0.49970742868143225,-2.518353914433431
0.599158756738797,0.49970742868143225,-2.528780811004907
0.6359756218647421,0.49970742868143225,-2.540465870155893
0.6727924869906872,0.49970742868143225,-2.5520373961515967
0.7096093521166322,0.49970742868143225,-2.5639975602369445
0.7464262172425773,0.49970742868143225,-2.577804986539678
0.7832430823685224,0.49970742868143225,-2.591577716376846
0.8200599474944674,0.49970742868143225,-2.605218801228104
0.8568768126204125,0.49970742868143225,-2.618868978469277
0.8936936777463576,0.49970742868143225,-2.634542933346986
0.9305105428723026,0.49970742868143225,-2.650179472185076
0.9673274079982481,0.49970742868143225,-2.666398224174653
1.0041442731241932,0.49970742868143225,-2.6823861833518787
1.0409611382501383,0.49970742868143225,-2.7003263022468205
1.0777780033760833,0.49970742868143225,-2.717572240493033
1.1145948685020284,0.49970742868143225,-2.7359223130247994
1.1514117336279734,0.49970742868143225,-2.754542443191473
1.1882285987539185,0.49970742868143225,-2.800490917008361
1.2250454638798636,0.49970742868143225,
1.2618623290058086,0.49970742868143225,
1.2986791941317537,0.49970742868143225,
1.3354960592576988,0.49970742868143225,
1.3723129243836438,0.49970742868143225,
1.409129789509589,0.49970742868143225,
1.4459466546355344,0.49970742868143225,
1.4827635197614795,0.49970742868143225,
1.5195803848874245,0.49970742868143225,
1.5563972500133696,0.49970742868143225,
1.5932141151393147,0.49970742868143225,
1.6300309802652597,0.49970742868143225,
1.6668478453912048,0.49970742868143225,
1.7036647105171498,0.49970742868143225,
1.740481575643095,0.49970742868143225,
1.77729844076904,0.49970742868143225,
1.814115305894985,0.49970742868143225,
1.85093217102093,0.49970742868143225,
1.8877490361468756,0.49970742868143225,
1.9245659012728207,0.49970742868143225,
1.9613827663987657,0.49970742868143225,
1.9981996315247104,0.49970742868143225,
-1.646670015943854,0.5323106191879403,
-1.609853150817909,0.5323106191879403,
-1.573036285691964,0.5323106191879403,
-1.536219420566019,0.5323106191879403,
-1.4994025554400736,0.5323106191879403,
-1.4625856903141286,0.5323106191879403,
-1.4257688251881835,0.5323106191879403,
-1.3889519600622384,0.5323106191879403,
-1.3521350949362934,0.5323106191879403,
-1.315318229810348,0.5323106191879403,
-1.278501364684403,0.5323106191879403,
-1.241684499558458,0.5323106191879403,
-1.2048676344325129,0.5323106191879403,
-1.1680507693065678,0.5323106191879403,
-1.1312339041806228,0.5323106191879403,
-1.0944170390546777,0.5323106191879403,
-1.0576001739287326,0.5323106191879403,
-1.0207833088027876,0.5323106191879403,
-0.9839664436768423,0.5323106191879403,
-0.9471495785508972,0.5323106191879403,
-0.9103327134249521,0.5323106191879403,
-0.873515848299007,0.5323106191879403,
-0.8366989831730619,0.5323106191879403,
-0.7998821180471168,0.5323106191879403,
-0.7630652529211717,0.5323106191879403,
-0.7262483877952266,0.5323106191879403,
-0.6894315226692815,0.5323106191879403,
-0.6526146575433365,0.5323106191879403,
-0.6157977924173914,0.5323106191879403,
-0.5789809272914461,0.5323106191879403,
-0.5421640621655011,0.5323106191879403,
-0.505347197039556,0.5323106191879403,
-0.46853033191361093,0.5323106191879403,
-0.43171346678766587,0.5323106191879403,-2.4484892076585405
-0.3948966016617208,0.5323106191879403,-2.4423971403336786
-0.35807973653577574,0.5323106191879403,-2.4382534887151333
-0.32126287140983045,0.5323106191879403,-2.4347574982235884
-0.2844460062838854,0.5323106191879403,-2.4312267740952005
-0.24762914115794032,0.5323106191879403,-2.4285912540288797
-0.21081227603199526,0.5323106191879403,-2.427366805595826
-0.1739954109060502,0.5323106191879403,-2.4259541245372276
-0.13717854578010513,0.5323106191879403,-2.4266590269799133
-0.10036168065415985,0.5323106191879403,-2.4270614619414586
-0.06354481552821478,0.5323106191879403,-2.4269423601058335
-0.026727950402269718,0.5323106191879403,-2.427724149126092
0.010088914723675346,0.5323106191879403,-2.4291142942570976
0.04690577984962041,0.5323106191879403,-2.431764492024885
0.08372264497556547,0.5323106191879403,-2.434929451656763
0.12053951010151076,0.5323106191879403,-2.4381780724636952
0.15735637522745582,0.5323106191879403,-2.442924408461092
0.1941732403534009,0.5323106191879403,-2.447516881784059
0.23099010547934595,0.5323106191879403,-2.453153264628651
0.267806970605291,0.5323106191879403,-2.458413018534084
0.3046238357312361,0.5323106191879403,-2.4653719495478965
0.34144070085718115,0.5323106191879403,-2.472705266043369
0.3782575659831262,0.5323106191879403,-2.480378544779491
0.4150744311090713,0.5323106191879403,-2.4886450332834675
0.45189129623501634,0.5323106191879403,-2.498240918213644
0.48870816136096185,0.5323106191879403,-2.507899731627961
0.5255250264869069,0.5323106191879403,-2.5175240410925688
0.562341891612852,0.5323106191879403,-2.5282577842077774
0.599158756738797,0.5323106191879403,-2.539381021981411
0.6359756218647421,0.5323106191879403,-2.5513904372833585
0.6727924869906872,0.5323106191879403,-2.562961021746611
0.7096093521166322,0.5323106191879403,-2.5764677984653153
0.7464262172425773,0.5323106191879403,-2.5902279400060917
0.7832430823685224,0.5323106191879403,-2.604151993458748
0.8200599474944674,0.5323106191879403,-2.618076046911404
0.8568768126204125,0.5323106191879403,-2.632619879066001
0.8936936777463576,0.5323106191879403,-2.6484741792698676
0.9305105428723026,0.5323106191879403,-2.664405621887143
0.9673274079982481,0.5323106191879403,-2.6803202632150116
1.0041442731241932,0.5323106191879403,-2.6985605687439547
1.0409611382501383,0.5323106191879403,-2.7160140519009244
1.0777780033760833,0.5323106191879403,-2.7335342339656963
1.1145948685020284,0.5323106191879403,-2.7521411380172776
1.1514117336279734,0.5323106191879403,
1.1882285987539185,0.5323106191879403,
1.2250454638798636,0.5323106191879403,
1.2618623290058086,0.5323106191879403,
1.2986791941317537,0.5323106191879403,
1.3354960592576988,0.5323106191879403,
1.3723129243836438,0.5323106191879403,
1.409129789509589,0.5323106191879403,
1.4459466546355344,0.5323106191879403,
1.4827635197614795,0.5323106191879403,
1.5195803848874245,0.5323106191879403,
1.5563972500133696,0.5323106191879403,
1.5932141151393147,0.5323106191879403,
1.6300309802652597,0.5323106191879403,
1.6668478453912048,0.5323106191879403,
1.7036647105171498,0.5323106191879403,
1.740481575643095,0.5323106191879403,
1.77729844076904,0.5323106191879403,
1.814115305894985,0.5323106191879403,
1.85093217102093,0.5323106191879403,
1.8877490361468756,0.5323106191879403,
1.9245659012728207,0.5323106191879403,
1.9613827663987657,0.5323106191879403,
1.9981996315247104,0.5323106191879403,
-1.646670015943854,0.5649138096944484,
-1.609853150817909,0.5649138096944484,
-1.573036285691964,0.5649138096944484,
-1.536219420566019,0.5649138096944484,
-1.4994025554400736,0.5649138096944484,
-1.4625856903141286,0.5649138096944484,
-1.4257688251881835,0.5649138096944484,
-1.3889519600622384,0.5649138096944484,
-1.3521350949362934,0.5649138096944484,
-1.315318229810348,0.5649138096944484,
-1.278501364684403,0.5649138096944484,
-1.241684499558458,0.5649138096944484,
-1.2048676344325129,0.5649138096944484,
-1.1680507693065678,0.5649138096944484,
-1.1312339041806228,0.5649138096944484,
-1.0944170390546777,0.5649138096944484,
-1.0576001739287326,0.5649138096944484,
-1.0207833088027876,0.5649138096944484,
-0.9839664436768423,0.5649138096944484,
-0.9471495785508972,0.5649138096944484,
-0.9103327134249521,0.5649138096944484,
-0.873515848299007,0.5649138096944484,
-0.8366989831730619,0.5649138096944484,
-0.7998821180471168,0.5649138096944484,
-0.7630652529211717,0.5649138096944484,
-0.7262483877952266,0.5649138096944484,
-0.6894315226692815,0.5649138096944484,
-0.6526146575433365,0.5649138096944484,
-0.6157977924173914,0.5649138096944484,
-0.5789809272914461,0.5649138096944484,
-0.5421640621655011,0.5649138096944484,
-0.505347197039556,0.5649138096944484,
-0.46853033191361093,0.5649138096944484,-2.4483614610712077
-0.43171346678766587,0.5649138096944484,-2.4422445008266696
-0.3948966016617208,0.5649138096944484,-2.4377784956885717
-0.35807973653577574,0.5649138096944484,-2.4341818498493546
-0.32126287140983045,0.5649138096944484,-2.4309302878506283
-0.2844460062838854,0.5649138096944484,-2.428477206838157
-0.24762914115794032,0.5649138096944484,-2.4275111104722638
-0.21081227603199526,0.5649138096944484,-2.4263848652386653
-0.1739954109060502,0.5649138096944484,-2.4252538819520235
-0.13717854578010513,0.5649138096944484,-2.425870916549119
-0.10036168065415985,0.5649138096944484,-2.426397167770053
-0.06354481552821478,0.5649138096944484,-2.4274552002358085
-0.026727950402269718,0.5649138096944484,-2.429350034316139
0.010088914723675346,0.5649138096944484,-2.431689365799114
0.04690577984962041,0.5649138096944484,-2.43480831816736
0.08372264497556547,0.5649138096944484,-2.438565599322149
0.12053951010151076,0.5649138096944484,-2.4431537366462317
0.15735637522745582,0.5649138096944484,-2.4482751927277953
0.1941732403534009,0.5649138096944484,-2.453697446292092
0.23099010547934595,0.5649138096944484,-2.4592068841191312
0.267806970605291,0.5649138096944484,-2.4657323612067827
0.3046238357312361,0.5649138096944484,-2.472976405628421
0.34144070085718115,0.5649138096944484,-2.4806239997664896
0.3782575659831262,0.5649138096944484,-2.488585624303723
0.4150744311090713,0.5649138096944484,-2.497719944574857
0.45189129623501634,0.5649138096944484,-2.5073773022489774
0.48870816136096185,0.5649138096944484,-2.517435717504791
0.5255250264869069,0.5649138096944484,-2.5279649458051185
0.562341891612852,0.5649138096944484,-2.5382911098859515
0.599158756738797,0.5649138096944484,-2.5502050283440343
0.6359756218647421,0.5649138096944484,-2.5625716554426283
0.6727924869906872,0.5649138096944484,-2.575695912174279
0.7096093521166322,0.5649138096944484,-2.588938036693686
0.7464262172425773,0.5649138096944484,-2.6026508934725054
0.7832430823685224,0.5649138096944484,-2.6170980906074925
0.8200599474944674,0.5649138096944484,-2.632248784214646
0.8568768126204125,0.5649138096944484,-2.647459641856795
0.8936936777463576,0.5649138096944484,-2.6634461037744797
0.9305105428723026,0.5649138096944484,-2.6792930406135187
0.9673274079982481,0.5649138096944484,-2.6964943049250842
1.0041442731241932,0.5649138096944484,-2.7138399263960356
1.0409611382501383,0.5649138096944484,-2.731473709630428
1.0777780033760833,0.5649138096944484,-2.756542661393237
1.1145948685020284,0.5649138096944484,
1.1514117336279734,0.5649138096944484,
1.1882285987539185,0.5649138096944484,
1.2250454638798636,0.5649138096944484,
1.2618623290058086,0.5649138096944484,
1.2986791941317537,0.5649138096944484,
1.3354960592576988,0.5649138096944484,
1.3723129243836438,0.5649138096944484,
1.409129789509589,0.5649138096944484,
1.4459466546355344,0.5649138096944484,
1.4827635197614795,0.5649138096944484,
1.5195803848874245,0.5649138096944484,
1.5563972500133696,0.5649138096944484,
1.5932141151393147,0.5649138096944484,
1.6300309802652597,0.5649138096944484,
1.6668478453912048,0.5649138096944484,
1.7036647105171498,0.5649138096944484,
1.740481575643095,0.5649138096944484,
1.77729844076904,0.5649138096944484,
1.814115305894985,0.5649138096944484,
1.85093217102093,0.5649138096944484,
1.8877490361468756,0.5649138096944484,
1.9245659012728207,0.5649138096944484,
1.9613827663987657,0.5649138096944484,
1.9981996315247104,0.5649138096944484,
-1.646670015943854,0.5975170002009564,
-1.609853150817909,0.5975170002009564,
-1.573036285691964,0.5975170002009564,
-1.536219420566019,0.5975170002009564,
-1.4994025554400736,0.5975170002009564,
-1.4625856903141286,0.5975170002009564,
-1.4257688251881835,0.5975170002009564,
-1.3889519600622384,0.5975170002009564,
-1.3521350949362934,0.5975170002009564,
-1.315318229810348,0.5975170002009564,
-1.278501364684403,0.5975170002009564,
-1.241684499558458,0.5975170002009564,
-1.2048676344325129,0.5975170002009564,
-1.1680507693065678,0.5975170002009564,
-1.1312339041806228,0.5975170002009564,
-1.0944170390546777,0.5975170002009564,
-1.0576001739287326,0.5975170002009564,
-1.0207833088027876,0.5975170002009564,
-0.9839664436768423,0.5975170002009564,
-0.9471495785508972,0.5975170002009564,
-0.9103327134249521,0.5975170002009564,
-0.873515848299007,0.5975170002009564,
-0.8366989831730619,0.5975170002009564,
-0.7998821180471168,0.5975170002009564,
-0.7630652529211717,0.5975170002009564,
-0.7262483877952266,0.5975170002009564,
-0.6894315226692815,0.5975170002009564,
-0.6526146575433365,0.5975170002009564,
-0.6157977924173914,0.5975170002009564,
-0.5789809272914461,0.5975170002009564,
-0.5421640621655011,0.5975170002009564,
-0.505347197039556,0.5975170002009564,-2.447837498651945
-0.46853033191361093,0.5975170002009564,-2.4431569176558754
-0.43171346678766587,0.5975170002009564,-2.4378132992853683
-0.3948966016617208,0.5975170002009564,-2.4343367267757254
-0.35807973653577574,0.5975170002009564,-2.4312948998365007
-0.32126287140983045,0.5975170002009564,-2.4283455958589037
-0.2844460062838854,0.5975170002009564,-2.427078291980224
-0.24762914115794032,0.5975170002009564,-2.426421173599546
-0.21081227603199526,0.5975170002009564,-2.42543874483288
-0.1739954109060502,0.5975170002009564,-2.4259820155705056
-0.13717854578010513,0.5975170002009564,-2.4266037175817483
-0.10036168065415985,0.5975170002009564,-2.4273663927459155
-0.06354481552821478,0.5975170002009564,-2.4292355422219907
-0.026727950402269718,0.5975170002009564,-2.432030950108982
0.010088914723675346,0.5975170002009564,-2.4345179035962614
0.04690577984962041,0.5975170002009564,-2.438619841236761
0.08372264497556547,0.5975170002009564,-2.443510994035117
0.12053951010151076,0.5975170002009564,-2.4487054310723266
0.15735637522745582,0.5975170002009564,-2.453899868109536
0.1941732403534009,0.5975170002009564,-2.4600459253452445
0.23099010547934595,0.5975170002009564,-2.4652071976146113
0.267806970605291,0.5975170002009564,-2.473256893797095
0.3046238357312361,0.5975170002009564,-2.4807548111092665
0.34144070085718115,0.5975170002009564,-2.488975495843702
0.3782575659831262,0.5975170002009564,-2.497100145163434
0.4150744311090713,0.5975170002009564,-2.507183079688109
0.45189129623501634,0.5975170002009564,-2.516864882210438
0.48870816136096185,0.5975170002009564,-2.5280471827108593
0.5255250264869069,0.5975170002009564,-2.5387130199221026
0.562341891612852,0.5975170002009564,-2.5496352845732955
0.599158756738797,0.5975170002009564,-2.5619347353801536
0.6359756218647421,0.5975170002009564,-2.5749497710443623
0.6727924869906872,0.5975170002009564,-2.5882288655073604
0.7096093521166322,0.5975170002009564,-2.6014562582373713
0.7464262172425773,0.5975170002009564,-2.616176874805088
0.7832430823685224,0.5975170002009564,-2.6318776893632916
0.8200599474944674,0.5975170002009564,-2.6470283829704453
0.8568768126204125,0.5975170002009564,-2.662453242751304
0.8936936777463576,0.5975170002009564,-2.67872451413982
0.9305105428723026,0.5975170002009564,-2.695117173706802
0.9673274079982481,0.5975170002009564,-2.712462795177754
1.0041442731241932,0.5975170002009564,-2.7296817643892757
1.0409611382501383,0.5975170002009564,
1.0777780033760833,0.5975170002009564,
1.1145948685020284,0.5975170002009564,
1.1514117336279734,0.5975170002009564,
1.1882285987539185,0.5975170002009564,
1.2250454638798636,0.5975170002009564,
1.2618623290058086,0.5975170002009564,
1.2986791941317537,0.5975170002009564,
1.3354960592576988,0.5975170002009564,
1.3723129243836438,0.5975170002009564,
1.409129789509589,0.5975170002009564,
1.4459466546355344,0.5975170002009564,
1.4827635197614795,0.5975170002009564,
1.5195803848874245,0.5975170002009564,
1.5563972500133696,0.5975170002009564,
1.5932141151393147,0.5975170002009564,
1.6300309802652597,0.5975170002009564,
1.6668478453912048,0.5975170002009564,
1.7036647105171498,0.5975170002009564,
1.740481575643095,0.5975170002009564,
1.77729844076904,0.5975170002009564,
1.814115305894985,0.5975170002009564,
1.85093217102093,0.5975170002009564,
1.8877490361468756,0.5975170002009564,
1.9245659012728207,0.5975170002009564,
1.9613827663987657,0.5975170002009564,
1.9981996315247104,0.5975170002009564,
-1.646670015943854,0.6301201907074643,
-1.609853150817909,0.6301201907074643,
-1.573036285691964,0.6301201907074643,
-1.536219420566019,0.6301201907074643,
-1.4994025554400736,0.6301201907074643,
-1.4625856903141286,0.6301201907074643,
-1.4257688251881835,0.6301201907074643,
-1.3889519600622384,0.6301201907074643,
-1.3521350949362934,0.6301201907074643,
-1.315318229810348,0.6301201907074643,
-1.278501364684403,0.6301201907074643,
-1.241684499558458,0.6301201907074643,
-1.2048676344325129,0.6301201907074643,
-1.1680507693065678,0.6301201907074643,
-1.1312339041806228,0.6301201907074643,
-1.0944170390546777,0.6301201907074643,
-1.0576001739287326,0.6301201907074643,
-1.0207833088027876,0.6301201907074643,
-0.9839664436768423,0.6301201907074643,
-0.9471495785508972,0.6301201907074643,
-0.9103327134249521,0.6301201907074643,
-0.873515848299007,0.6301201907074643,
-0.8366989831730619,0.6301201907074643,
-0.7998821180471168,0.6301201907074643,
-0.7630652529211717,0.6301201907074643,
-0.7262483877952266,0.6301201907074643,
-0.6894315226692815,0.6301201907074643,
-0.6526146575433365,0.6301201907074643,
-0.6157977924173914,0.6301201907074643,
-0.5789809272914461,0.6301201907074643,
-0.5421640621655011,0.6301201907074643,
-0.505347197039556,0.6301201907074643,-2.442498997655048
-0.46853033191361093,0.6301201907074643,-2.4379523742405436
-0.43171346678766587,0.6301201907074643,-2.4338286505266202
-0.3948966016617208,0.6301201907074643,-2.431137089989726
-0.35807973653577574,0.6301201907074643,-2.4287466235908646
-0.32126287140983045,0.6301201907074643,-2.4267784374274557
-0.2844460062838854,0.6301201907074643,-2.425930760219627
-0.24762914115794032,0.6301201907074643,-2.425282219913783
-0.21081227603199526,0.6301201907074643,-2.425336749865798
-0.1739954109060502,0.6301201907074643,-2.426411571507131
-0.13717854578010513,0.6301201907074643,-2.428101474676755
-0.10036168065415985,0.6301201907074643,-2.4295703562018636
-0.06354481552821478,0.6301201907074643,-2.431758259922973
-0.026727950402269718,0.6301201907074643,-2.4350086902057533
0.010088914723675346,0.6301201907074643,-2.438671215674123
0.04690577984962041,0.6301201907074643,-2.4426767777576615
0.08372264497556547,0.6301201907074643,-2.4485005714343693
0.12053951010151076,0.6301201907074643,-2.454330106454067
0.15735637522745582,0.6301201907074643,-2.4595245434912765
0.1941732403534009,0.6301201907074643,-2.466082124208726
0.23099010547934595,0.6301201907074643,-2.472867977824265
0.267806970605291,0.6301201907074643,-2.4795863281313926
0.3046238357312361,0.6301201907074643,-2.4888512851408855
0.34144070085718115,0.6301201907074643,-2.4975095818917326
0.3782575659831262,0.6301201907074643,-2.506209875437709
0.4150744311090713,0.6301201907074643,-2.5166879743735495
0.45189129623501634,0.6301201907074643,-2.5273440652423242
0.48870816136096185,0.6301201907074643,-2.538867593121055
0.5255250264869069,0.6301201907074643,-2.5494272295714033
0.562341891612852,0.6301201907074643,-2.561166948928138
0.599158756738797,0.6301201907074643,-2.5738180023119237
0.6359756218647421,0.6301201907074643,-2.5872600509716803
0.6727924869906872,0.6301201907074643,-2.60068369550542
0.7096093521166322,0.6301201907074643,-2.6153954712805265
0.7464262172425773,0.6301201907074643,-2.629505516907063
0.7832430823685224,0.6301201907074643,-2.644509532699834
0.8200599474944674,0.6301201907074643,-2.6605430104314127
0.8568768126204125,0.6301201907074643,-2.6772552706533164
0.8936936777463576,0.6301201907074643,-2.6938886529506156
0.9305105428723026,0.6301201907074643,-2.7105483006947786
0.9673274079982481,0.6301201907074643,-2.7279035184989104
1.0041442731241932,0.6301201907074643,
1.0409611382501383,0.6301201907074643,
1.0777780033760833,0.6301201907074643,
1.1145948685020284,0.6301201907074643,
1.1514117336279734,0.6301201907074643,
1.1882285987539185,0.6301201907074643,
1.2250454638798636,0.6301201907074643,
1.2618623290058086,0.6301201907074643,
1.2986791941317537,0.6301201907074643,
1.3354960592576988,0.6301201907074643,
1.3723129243836438,0.6301201907074643,
1.409129789509589,0.6301201907074643,
1.4459466546355344,0.6301201907074643,
1.4827635197614795,0.6301201907074643,
1.5195803848874245,0.6301201907074643,
1.5563972500133696,0.6301201907074643,
1.5932141151393147,0.6301201907074643,
1.6300309802652597,0.6301201907074643,
1.6668478453912048,0.6301201907074643,
1.7036647105171498,0.6301201907074643,
1.740481575643095,0.6301201907074643,
1.77729844076904,0.6301201907074643,
1.814115305894985,0.6301201907074643,
1.85093217102093,0.6301201907074643,
1.8877490361468756,0.6301201907074643,
1.9245659012728207,0.6301201907074643,
1.9613827663987657,0.6301201907074643,
1.9981996315247104,0.6301201907074643,
-1.646670015943854,0.6627233812139723,
-1.609853150817909,0.6627233812139723,
-1.573036285691964,0.6627233812139723,
-1.536219420566019,0.6627233812139723,
-1.4994025554400736,0.6627233812139723,
-1.4625856903141286,0.6627233812139723,
-1.4257688251881835,0.6627233812139723,
-1.3889519600622384,0.6627233812139723,
-1.3521350949362934,0.6627233812139723,
-1.315318229810348,0.6627233812139723,
-1.278501364684403,0.6627233812139723,
-1.241684499558458,0.6627233812139723,
-1.2048676344325129,0.6627233812139723,
-1.1680507693065678,0.6627233812139723,
-1.1312339041806228,0.6627233812139723,
-1.0944170390546777,0.6627233812139723,
-1.0576001739287326,0.6627233812139723,
-1.0207833088027876,0.6627233812139723,
-0.9839664436768423,0.6627233812139723,
-0.9471495785508972,0.6627233812139723,
-0.9103327134249521,0.6627233812139723,
-0.873515848299007,0.6627233812139723,
-0.8366989831730619,0.6627233812139723,
-0.7998821180471168,0.6627233812139723,
-0.7630652529211717,0.6627233812139723,
-0.7262483877952266,0.6627233812139723,
-0.6894315226692815,0.6627233812139723,
-0.6526146575433365,0.6627233812139723,
-0.6157977924173914,0.6627233812139723,
-0.5789809272914461,0.6627233812139723,
-0.5421640621655011,0.6627233812139723,-2.442155539469492
-0.505347197039556,0.6627233812139723,-2.4379724529997158
-0.46853033191361093,0.6627233812139723,-2.4337893665299393
-0.43171346678766587,0.6627233812139723,-2.431065556664423
-0.3948966016617208,0.6627233812139723,-2.429345262230526
-0.35807973653577574,0.6627233812139723,-2.427381132392944
-0.32126287140983045,0.6627233812139723,-2.425588558129598
-0.2844460062838854,0.6627233812139723,-2.42553352246313
-0.24762914115794032,0.6627233812139723,-2.4256525748928413
-0.21081227603199526,0.6627233812139723,-2.4261323983467564
-0.1739954109060502,0.6627233812139723,-2.427904802614221
-0.13717854578010513,0.6627233812139723,-2.4295596980619143
-0.10036168065415985,0.6627233812139723,-2.431826121686539
-0.06354481552821478,0.6627233812139723,-2.4350898578451643
-0.026727950402269718,0.6627233812139723,-2.4386203902399637
0.010088914723675346,0.6627233812139723,-2.44324325558883
0.04690577984962041,0.6627233812139723,-2.44808563487075
0.08372264497556547,0.6627233812139723,-2.453768485281027
0.12053951010151076,0.6627233812139723,-2.4594932510848304
0.15735637522745582,0.6627233812139723,-2.465574832106047
0.1941732403534009,0.6627233812139723,-2.472751475559086
0.23099010547934595,0.6627233812139723,-2.480323491293933
0.267806970605291,0.6627233812139723,-2.488555714639057
0.3046238357312361,0.6627233812139723,-2.4971685868634954
0.34144070085718115,0.6627233812139723,-2.506315884398532
0.3782575659831262,0.6627233812139723,-2.5154805653113192
0.4150744311090713,0.6627233812139723,-2.526198171155515
0.45189129623501634,0.6627233812139723,-2.537716340341203
0.48870816136096185,0.6627233812139723,-2.5494308869910194
0.5255250264869069,0.6627233812139723,-2.560819293514249
0.562341891612852,0.6627233812139723,-2.5729272751789853
0.599158756738797,0.6627233812139723,-2.5861690564560784
0.6359756218647421,0.6627233812139723,-2.5995703308989984
0.6727924869906872,0.6627233812139723,-2.614067144975203
0.7096093521166322,0.6627233812139723,-2.628525975301487
0.7464262172425773,0.6627233812139723,-2.6431175423405957
0.7832430823685224,0.6627233812139723,-2.658867622139402
0.8200599474944674,0.6627233812139723,-2.6747134249846014
0.8568768126204125,0.6627233812139723,-2.6913826606686437
0.8936936777463576,0.6627233812139723,-2.708668173154801
0.9305105428723026,0.6627233812139723,
0.9673274079982481,0.6627233812139723,
1.0041442731241932,0.6627233812139723,
1.0409611382501383,0.6627233812139723,
1.0777780033760833,0.6627233812139723,
1.1145948685020284,0.6627233812139723,
1.1514117336279734,0.6627233812139723,
1.1882285987539185,0.6627233812139723,
1.2250454638798636,0.6627233812139723,
1.2618623290058086,0.6627233812139723,
1.2986791941317537,0.6627233812139723,
1.3354960592576988,0.6627233812139723,
1.3723129243836438,0.6627233812139723,
1.409129789509589,0.6627233812139723,
1.4459466546355344,0.6627233812139723,
1.4827635197614795,0.6627233812139723,
1.5195803848874245,0.6627233812139723,
1.5563972500133696,0.6627233812139723,
1.5932141151393147,0.6627233812139723,
1.6300309802652597,0.6627233812139723,
1.6668478453912048,0.6627233812139723,
1.7036647105171498,0.6627233812139723,
1.740481575643095,0.6627233812139723,
1.77729844076904,0.6627233812139723,
1.814115305894985,0.6627233812139723,
1.85093217102093,0.6627233812139723,
1.8877490361468756,0.6627233812139723,
1.9245659012728207,0.6627233812139723,
1.9613827663987657,0.6627233812139723,
1.9981996315247104,0.6627233812139723,
-1.646670015943854,0.6953265717204804,
-1.609853150817909,0.6953265717204804,
-1.573036285691964,0.6953265717204804,
-1.536219420566019,0.6953265717204804,
-1.4994025554400736,0.6953265717204804,
-1.4625856903141286,0.6953265717204804,
-1.4257688251881835,0.6953265717204804,
-1.3889519600622384,0.6953265717204804,
-1.3521350949362934,0.6953265717204804,
-1.315318229810348,0.6953265717204804,
-1.278501364684403,0.6953265717204804,
-1.241684499558458,0.6953265717204804,
-1.2048676344325129,0.6953265717204804,
-1.1680507693065678,0.6953265717204804,
-1.1312339041806228,0.6953265717204804,
-1.0944170390546777,0.6953265717204804,
-1.0576001739287326,0.6953265717204804,
-1.0207833088027876,0.6953265717204804,
-0.9839664436768423,0.6953265717204804,
-0.9471495785508972,0.6953265717204804,
-0.9103327134249521,0.6953265717204804,
-0.873515848299007,0.6953265717204804,
-0.8366989831730619,0.6953265717204804,
-0.7998821180471168,0.6953265717204804,
-0.7630652529211717,0.6953265717204804,
-0.7262483877952266,0.6953265717204804,
-0.6894315226692815,0.6953265717204804,
-0.6526146575433365,0.6953265717204804,
-0.6157977924173914,0.6953265717204804,
-0.5789809272914461,0.6953265717204804,-2.4413928300894376
-0.5421640621655011,0.6953265717204804,-2.437844919695091
-0.505347197039556,0.6953265717204804,-2.4338766383584916
-0.46853033191361093,0.6953265717204804,-2.4300704813776965
-0.43171346678766587,0.6953265717204804,-2.4285867357057587
-0.3948966016617208,0.6953265717204804,-2.4274118289595377
-0.35807973653577574,0.6953265717204804,-2.426281891105886
-0.32126287140983045,0.6953265717204804,-2.4254798882164557
-0.2844460062838854,0.6953265717204804,-2.4263568364068737
-0.24762914115794032,0.6953265717204804,-2.4264254887989094
-0.21081227603199526,0.6953265717204804,-2.4277027393403388
-0.1739954109060502,0.6953265717204804,-2.4294493309434677
-0.13717854578010513,0.6953265717204804,-2.4319019967017077
-0.10036168065415985,0.6953265717204804,-2.4355276019934804
-0.06354481552821478,0.6953265717204804,-2.438567361453526
-0.026727950402269718,0.6953265717204804,-2.4432965037054344
0.010088914723675346,0.6953265717204804,-2.4481459836616173
0.04690577984962041,0.6953265717204804,-2.453673070975219
0.08372264497556547,0.6953265717204804,-2.4597080035352388
0.12053951010151076,0.6953265717204804,-2.4659711609600232
0.15735637522745582,0.6953265717204804,-2.4723230696878504
0.1941732403534009,0.6953265717204804,-2.480237266440964
0.23099010547934595,0.6953265717204804,-2.488773783229785
0.267806970605291,0.6953265717204804,-2.497896081570134
0.3046238357312361,0.6953265717204804,-2.5064307054885417
0.34144070085718115,0.6953265717204804,-2.5156988277726233
0.3782575659831262,0.6953265717204804,-2.526239086032229
0.4150744311090713,0.6953265717204804,-2.536661470025437
0.45189129623501634,0.6953265717204804,-2.5486014781803785
0.48870816136096185,0.6953265717204804,-2.5595485660701307
0.5255250264869069,0.6953265717204804,-2.572199235182979
0.562341891612852,0.6953265717204804,-2.585004503703647
0.599158756738797,0.6953265717204804,-2.599213610181063
0.6359756218647421,0.6953265717204804,-2.612870780522278
0.6727924869906872,0.6953265717204804,-2.627530491893685
0.7096093521166322,0.6953265717204804,-2.642373028624551
0.7464262172425773,0.6953265717204804,-2.658026744960919
0.7832430823685224,0.6953265717204804,-2.6737763200552775
0.8200599474944674,0.6953265717204804,-2.689914320120361
0.8568768126204125,0.6953265717204804,-2.7072385427595655
0.8936936777463576,0.6953265717204804,
0.9305105428723026,0.6953265717204804,
0.9673274079982481,0.6953265717204804,
1.0041442731241932,0.6953265717204804,
1.0409611382501383,0.6953265717204804,
1.0777780033760833,0.6953265717204804,
1.1145948685020284,0.6953265717204804,
1.1514117336279734,0.6953265717204804,
1.1882285987539185,0.6953265717204804,
1.2250454638798636,0.6953265717204804,
1.2618623290058086,0.6953265717204804,
1.2986791941317537,0.6953265717204804,
1.3354960592576988,0.6953265717204804,
1.3723129243836438,0.6953265717204804,
1.409129789509589,0.6953265717204804,
1.4459466546355344,0.6953265717204804,
1.4827635197614795,0.6953265717204804,
1.5195803848874245,0.6953265717204804,
1.5563972500133696,0.6953265717204804,
1.5932141151393147,0.6953265717204804,
1.6300309802652597,0.6953265717204804,
1.6668478453912048,0.6953265717204804,
1.7036647105171498,0.6953265717204804,
1.740481575643095,0.6953265717204804,
1.77729844076904,0.6953265717204804,
1.814115305894985,0.6953265717204804,
1.85093217102093,0.6953265717204804,
1.8877490361468756,0.6953265717204804,
1.9245659012728207,0.6953265717204804,
1.9613827663987657,0.6953265717204804,
1.9981996315247104,0.6953265717204804,
-1.646670015943854,0.7279297622269885,
-1.609853150817909,0.7279297622269885,
-1.573036285691964,0.7279297622269885,
-1.536219420566019,0.7279297622269885,
-1.4994025554400736,0.7279297622269885,
-1.4625856903141286,0.7279297622269885,
-1.4257688251881835,0.7279297622269885,
-1.3889519600622384,0.7279297622269885,
-1.3521350949362934,0.7279297622269885,
-1.315318229810348,0.7279297622269885,
-1.278501364684403,0.7279297622269885,
-1.241684499558458,0.7279297622269885,
-1.2048676344325129,0.7279297622269885,
-1.1680507693065678,0.7279297622269885,
-1.1312339041806228,0.7279297622269885,
-1.0944170390546777,0.7279297622269885,
-1.0576001739287326,0.7279297622269885,
-1.0207833088027876,0.7279297622269885,
-0.9839664436768423,0.7279297622269885,
-0.9471495785508972,0.7279297622269885,
-0.9103327134249521,0.7279297622269885,
-0.873515848299007,0.7279297622269885,
-0.8366989831730619,0.7279297622269885,
-0.7998821180471168,0.7279297622269885,
-0.7630652529211717,0.7279297622269885,
-0.7262483877952266,0.7279297622269885,
-0.6894315226692815,0.7279297622269885,
-0.6526146575433365,0.7279297622269885,
-0.6157977924173914,0.7279297622269885,-2.441244293752889
-0.5789809272914461,0.7279297622269885,-2.436814171562233
-0.5421640621655011,0.7279297622269885,-2.4345755961545605
-0.505347197039556,0.7279297622269885,-2.431646709718414
-0.46853033191361093,0.7279297622269885,-2.427924838946482
-0.43171346678766587,0.7279297622269885,-2.4267346294219476
-0.3948966016617208,0.7279297622269885,-2.4259223733834916
-0.35807973653577574,0.7279297622269885,-2.4254826937170053
-0.32126287140983045,0.7279297622269885,-2.425516410829546
-0.2844460062838854,0.7279297622269885,-2.426568068324347
-0.24762914115794032,0.7279297622269885,-2.427597088314526
-0.21081227603199526,0.7279297622269885,-2.4295957143996842
-0.1739954109060502,0.7279297622269885,-2.432701606495626
-0.13717854578010513,0.7279297622269885,-2.435426091829394
-0.10036168065415985,0.7279297622269885,-2.4395995771085754
-0.06354481552821478,0.7279297622269885,-2.4436905872275805
-0.026727950402269718,0.7279297622269885,-2.4483546565378527
0.010088914723675346,0.7279297622269885,-2.4533209531712785
0.04690577984962041,0.7279297622269885,-2.459499513109851
0.08372264497556547,0.7279297622269885,-2.46572428585688
0.12053951010151076,0.7279297622269885,-2.4725409367733233
0.15735637522745582,0.7279297622269885,-2.4802086955612213
0.1941732403534009,0.7279297622269885,-2.4884390986925657
0.23099010547934595,0.7279297622269885,-2.497155680434383
0.267806970605291,0.7279297622269885,-2.5063546002937076
0.3046238357312361,0.7279297622269885,-2.5160237035603847
0.34144070085718115,0.7279297622269885,-2.5255625235003563
0.3782575659831262,0.7279297622269885,-2.5366198041364147
0.4150744311090713,0.7279297622269885,-2.547923755338183
0.45189129623501634,0.7279297622269885,-2.5598712392474647
0.48870816136096185,0.7279297622269885,-2.57166924296073
0.5255250264869069,0.7279297622269885,-2.585216649989847
0.562341891612852,0.7279297622269885,-2.597993094351234
0.599158756738797,0.7279297622269885,-2.612230422565776
0.6359756218647421,0.7279297622269885,-2.6258166780457346
0.6727924869906872,0.7279297622269885,-2.641252700726352
0.7096093521166322,0.7279297622269885,-2.657063297859535
0.7464262172425773,0.7279297622269885,-2.672834282078299
0.7832430823685224,0.7279297622269885,-2.6885624137964017
0.8200599474944674,0.7279297622269885,-2.7067839460348853
0.8568768126204125,0.7279297622269885,
0.8936936777463576,0.7279297622269885,
0.9305105428723026,0.7279297622269885,
0.9673274079982481,0.7279297622269885,
1.0041442731241932,0.7279297622269885,
1.0409611382501383,0.7279297622269885,
1.0777780033760833,0.7279297622269885,
1.1145948685020284,0.7279297622269885,
1.1514117336279734,0.7279297622269885,
1.1882285987539185,0.7279297622269885,
1.2250454638798636,0.7279297622269885,
1.2618623290058086,0.7279297622269885,
1.2986791941317537,0.7279297622269885,
1.3354960592576988,0.7279297622269885,
1.3723129243836438,0.7279297622269885,
1.409129789509589,0.7279297622269885,
1.4459466546355344,0.7279297622269885,
1.4827635197614795,0.7279297622269885,
1.5195803848874245,0.7279297622269885,
1.5563972500133696,0.7279297622269885,
1.5932141151393147,0.7279297622269885,
1.6300309802652597,0.7279297622269885,
1.6668478453912048,0.7279297622269885,
1.7036647105171498,0.7279297622269885,
1.740481575643095,0.7279297622269885,
1.77729844076904,0.7279297622269885,
1.814115305894985,0.7279297622269885,
1.85093217102093,0.7279297622269885,
1.8877490361468756,0.7279297622269885,
1.9245659012728207,0.7279297622269885,
1.9613827663987657,0.7279297622269885,
1.9981996315247104,0.7279297622269885,
-1.646670015943854,0.7605329527334965,
-1.609853150817909,0.7605329527334965,
-1.573036285691964,0.7605329527334965,
-1.536219420566019,0.7605329527334965,
-1.4994025554400736,0.7605329527334965,
-1.4625856903141286,0.7605329527334965,
-1.4257688251881835,0.7605329527334965,
-1.3889519600622384,0.7605329527334965,
-1.3521350949362934,0.7605329527334965,
-1.315318229810348,0.7605329527334965,
-1.278501364684403,0.7605329527334965,
-1.241684499558458,0.7605329527334965,
-1.2048676344325129,0.7605329527334965,
-1.1680507693065678,0.7605329527334965,
-1.1312339041806228,0.7605329527334965,
-1.0944170390546777,0.7605329527334965,
-1.0576001739287326,0.7605329527334965,
-1.0207833088027876,0.7605329527334965,
-0.9839664436768423,0.7605329527334965,
-0.9471495785508972,0.7605329527334965,
-0.9103327134249521,0.7605329527334965,
-0.873515848299007,0.7605329527334965,
-0.8366989831730619,0.7605329527334965,
-0.7998821180471168,0.7605329527334965,
-0.7630652529211717,0.7605329527334965,
-0.7262483877952266,0.7605329527334965,
-0.6894315226692815,0.7605329527334965,
-0.6526146575433365,0.7605329527334965,
-0.6157977924173914,0.7605329527334965,-2.4371770916353124
-0.5789809272914461,0.7605329527334965,-2.433671551689949
-0.5421640621655011,0.7605329527334965,-2.4313912283232186
-0.505347197039556,0.7605329527334965,-2.4290050623505426
-0.46853033191361093,0.7605329527334965,-2.426863601782333
-0.43171346678766587,0.7605329527334965,-2.4259679621178756
-0.3948966016617208,0.7605329527334965,-2.4256277035015117
-0.35807973653577574,0.7605329527334965,-2.4256042343953066
-0.32126287140983045,0.7605329527334965,-2.4269014834438707
-0.2844460062838854,0.7605329527334965,-2.428435819512788
-0.24762914115794032,0.7605329527334965,-2.4300204175638527
-0.21081227603199526,0.7605329527334965,-2.432889072671437
-0.1739954109060502,0.7605329527334965,-2.4359498125073786
-0.13717854578010513,0.7605329527334965,-2.4397304713705052
-0.10036168065415985,0.7605329527334965,-2.4443807070140053
-0.06354481552821478,0.7605329527334965,-2.4488233854422856
-0.026727950402269718,0.7605329527334965,-2.4537500247508035
0.010088914723675346,0.7605329527334965,-2.45951432785637
0.04690577984962041,0.7605329527334965,-2.46616417148669
0.08372264497556547,0.7605329527334965,-2.473002191671228
0.12053951010151076,0.7605329527334965,-2.4798698480320036
0.15735637522745582,0.7605329527334965,-2.4881618835164203
0.1941732403534009,0.7605329527334965,-2.4968809312691045
0.23099010547934595,0.7605329527334965,-2.5059034015402206
0.267806970605291,0.7605329527334965,-2.5157839682351275
0.3046238357312361,0.7605329527334965,-2.5259036007586877
0.34144070085718115,0.7605329527334965,-2.53684636890026
0.3782575659831262,0.7605329527334965,-2.5481818842940798
0.4150744311090713,0.7605329527334965,-2.559724596364771
0.45189129623501634,0.7605329527334965,-2.571528078406368
0.48870816136096185,0.7605329527334965,-2.58399706197663
0.5255250264869069,0.7605329527334965,-2.59667797860964
0.562341891612852,0.7605329527334965,-2.610506251189571
0.599158756738797,0.7605329527334965,-2.624892869533023
0.6359756218647421,0.7605329527334965,-2.6398198810182074
0.6727924869906872,0.7605329527334965,-2.6554934414368287
0.7096093521166322,0.7605329527334965,-2.67119197427381
0.7464262172425773,0.7605329527334965,-2.6861194249751636
0.7832430823685224,0.7605329527334965,
0.8200599474944674,0.7605329527334965,
0.8568768126204125,0.7605329527334965,
0.8936936777463576,0.7605329527334965,
0.9305105428723026,0.7605329527334965,
0.9673274079982481,0.7605329527334965,
1.0041442731241932,0.7605329527334965,
1.0409611382501383,0.7605329527334965,
1.0777780033760833,0.7605329527334965,
1.1145948685020284,0.7605329527334965,
1.1514117336279734,0.7605329527334965,
1.1882285987539185,0.7605329527334965,
1.2250454638798636,0.7605329527334965,
1.2618623290058086,0.7605329527334965,
1.2986791941317537,0.7605329527334965,
1.3354960592576988,0.7605329527334965,
1.3723129243836438,0.7605329527334965,
1.409129789509589,0.7605329527334965,
1.4459466546355344,0.7605329527334965,
1.4827635197614795,0.7605329527334965,
1.5195803848874245,0.7605329527334965,
1.5563972500133696,0.7605329527334965,
1.5932141151393147,0.7605329527334965,
1.6300309802652597,0.7605329527334965,
1.6668478453912048,0.7605329527334965,
1.7036647105171498,0.7605329527334965,
1.740481575643095,0.7605329527334965,
1.77729844076904,0.7605329527334965,
1.814115305894985,0.7605329527334965,
1.85093217102093,0.7605329527334965,
1.8877490361468756,0.7605329527334965,
1.9245659012728207,0.7605329527334965,
1.9613827663987657,0.7605329527334965,
1.9981996315247104,0.7605329527334965,
-1.646670015943854,0.7931361432400044,
-1.609853150817909,0.7931361432400044,
-1.573036285691964,0.7931361432400044,
-1.536219420566019,0.7931361432400044,
-1.4994025554400736,0.7931361432400044,
-1.4625856903141286,0.7931361432400044,
-1.4257688251881835,0.7931361432400044,
-1.3889519600622384,0.7931361432400044,
-1.3521350949362934,0.7931361432400044,
-1.315318229810348,0.7931361432400044,
-1.278501364684403,0.7931361432400044,
-1.241684499558458,0.7931361432400044,
-1.2048676344325129,0.7931361432400044,
-1.1680507693065678,0.7931361432400044,
-1.1312339041806228,0.7931361432400044,
-1.0944170390546777,0.7931361432400044,
-1.0576001739287326,0.7931361432400044,
-1.0207833088027876,0.7931361432400044,
-0.9839664436768423,0.7931361432400044,
-0.9471495785508972,0.7931361432400044,
-0.9103327134249521,0.7931361432400044,
-0.873515848299007,0.7931361432400044,
-0.8366989831730619,0.7931361432400044,
-0.7998821180471168,0.7931361432400044,
-0.7630652529211717,0.7931361432400044,
-0.7262483877952266,0.7931361432400044,
-0.6894315226692815,0.7931361432400044,
-0.6526146575433365,0.7931361432400044,-2.4371934863764055
-0.6157977924173914,0.7931361432400044,-2.43365794408479
-0.5789809272914461,0.7931361432400044,-2.430747122326292
-0.5421640621655011,0.7931361432400044,-2.427859923722759
-0.505347197039556,0.7931361432400044,-2.4274237803017558
-0.46853033191361093,0.7931361432400044,-2.4270782674798355
-0.43171346678766587,0.7931361432400044,-2.4263630440881014
-0.3948966016617208,0.7931361432400044,-2.4261316236347423
-0.35807973653577574,0.7931361432400044,-2.426838594366523
-0.32126287140983045,0.7931361432400044,-2.4282087934856604
-0.2844460062838854,0.7931361432400044,-2.4305304530970764
-0.24762914115794032,0.7931361432400044,-2.4331056615957305
-0.21081227603199526,0.7931361432400044,-2.4364085605107344
-0.1739954109060502,0.7931361432400044,-2.4393854069023084
-0.13717854578010513,0.7931361432400044,-2.444252153838644
-0.10036168065415985,0.7931361432400044,-2.4491112555182033
-0.06354481552821478,0.7931361432400044,-2.454151193699249
-0.026727950402269718,0.7931361432400044,-2.45977485302546
0.010088914723675346,0.7931361432400044,-2.4660484387302968
0.04690577984962041,0.7931361432400044,-2.4728628072744097
0.08372264497556547,0.7931361432400044,-2.4807277843062145
0.12053951010151076,0.7931361432400044,-2.4883590162790736
0.15735637522745582,0.7931361432400044,-2.496542256563806
0.1941732403534009,0.7931361432400044,-2.5055004753285255
0.23099010547934595,0.7931361432400044,-2.515222290269218
0.267806970605291,0.7931361432400044,-2.5255321768071664
0.3046238357312361,0.7931361432400044,-2.536104652370529
0.34144070085718115,0.7931361432400044,-2.5473520913036047
0.3782575659831262,0.7931361432400044,-2.558928222816584
0.4150744311090713,0.7931361432400044,-2.570863316049052
0.45189129623501634,0.7931361432400044,-2.58358142834581
0.48870816136096185,0.7931361432400044,-2.595988695627808
0.5255250264869069,0.7931361432400044,-2.60921686830317
0.562341891612852,0.7931361432400044,-2.623445344039677
0.599158756738797,0.7931361432400044,-2.638106039637887
0.6359756218647421,0.7931361432400044,-2.652621191578659
0.6727924869906872,0.7931361432400044,-2.669442503371399
0.7096093521166322,0.7931361432400044,-2.6850805214077393
0.7464262172425773,0.7931361432400044,
0.7832430823685224,0.7931361432400044,
0.8200599474944674,0.7931361432400044,
0.8568768126204125,0.7931361432400044,
0.8936936777463576,0.7931361432400044,
0.9305105428723026,0.7931361432400044,
0.9673274079982481,0.7931361432400044,
1.0041442731241932,0.7931361432400044,
1.0409611382501383,0.7931361432400044,
1.0777780033760833,0.7931361432400044,
1.1145948685020284,0.7931361432400044,
1.1514117336279734,0.7931361432400044,
1.1882285987539185,0.7931361432400044,
1.2250454638798636,0.7931361432400044,
1.2618623290058086,0.7931361432400044,
1.2986791941317537,0.7931361432400044,
1.3354960592576988,0.7931361432400044,
1.3723129243836438,0.7931361432400044,
1.409129789509589,0.7931361432400044,
1.4459466546355344,0.7931361432400044,
1.4827635197614795,0.7931361432400044,
1.5195803848874245,0.7931361432400044,
1.5563972500133696,0.7931361432400044,
1.5932141151393147,0.7931361432400044,
1.6300309802652597,0.7931361432400044,
1.6668478453912048,0.7931361432400044,
1.7036647105171498,0.7931361432400044,
1.740481575643095,0.7931361432400044,
1.77729844076904,0.7931361432400044,
1.814115305894985,0.7931361432400044,
1.85093217102093,0.7931361432400044,
1.8877490361468756,0.7931361432400044,
1.9245659012728207,0.7931361432400044,
1.9613827663987657,0.7931361432400044,
1.9981996315247104,0.7931361432400044,
-1.646670015943854,0.8257393337465126,
-1.609853150817909,0.8257393337465126,
-1.573036285691964,0.8257393337465126,
-1.536219420566019,0.8257393337465126,
-1.4994025554400736,0.8257393337465126,
-1.4625856903141286,0.8257393337465126,
-1.4257688251881835,0.8257393337465126,
-1.3889519600622384,0.8257393337465126,
-1.3521350949362934,0.8257393337465126,
-1.315318229810348,0.8257393337465126,
-1.278501364684403,0.8257393337465126,
-1.241684499558458,0.8257393337465126,
-1.2048676344325129,0.8257393337465126,
-1.1680507693065678,0.8257393337465126,
-1.1312339041806228,0.8257393337465126,
-1.0944170390546777,0.8257393337465126,
-1.0576001739287326,0.8257393337465126,
-1.0207833088027876,0.8257393337465126,
-0.9839664436768423,0.8257393337465126,
-0.9471495785508972,0.8257393337465126,
-0.9103327134249521,0.8257393337465126,
-0.873515848299007,0.8257393337465126,
-0.8366989831730619,0.8257393337465126,
-0.7998821180471168,0.8257393337465126,
-0.7630652529211717,0.8257393337465126,
-0.7262483877952266,0.8257393337465126,
-0.6894315226692815,0.8257393337465126,-2.437421910823243
-0.6526146575433365,0.8257393337465126,-2.43364433647963
-0.6157977924173914,0.8257393337465126,-2.4309481354657843
-0.5789809272914461,0.8257393337465126,-2.4283522635978354
-0.5421640621655011,0.8257393337465126,-2.427466422794521
-0.505347197039556,0.8257393337465126,-2.427485445440225
-0.46853033191361093,0.8257393337465126,-2.426905281721639
-0.43171346678766587,0.8257393337465126,-2.4264554641382072
-0.3948966016617208,0.8257393337465126,-2.4273129471153636
-0.35807973653577574,0.8257393337465126,-2.428621942077563
-0.32126287140983045,0.8257393337465126,-2.4311082296048845
-0.2844460062838854,0.8257393337465126,-2.433675184178039
-0.24762914115794032,0.8257393337465126,-2.436324409975969
-0.21081227603199526,0.8257393337465126,-2.440242614092839
-0.1739954109060502,0.8257393337465126,-2.4446584432333824
-0.13717854578010513,0.8257393337465126,-2.4493107486670573
-0.10036168065415985,0.8257393337465126,-2.454259999888026
-0.06354481552821478,0.8257393337465126,-2.4594790019562125
-0.026727950402269718,0.8257393337465126,-2.465799681300116
0.010088914723675346,0.8257393337465126,-2.472804756162657
0.04690577984962041,0.8257393337465126,-2.480448178804463
0.08372264497556547,0.8257393337465126,-2.4883978187764826
0.12053951010151076,0.8257393337465126,-2.4965875252520187
0.15735637522745582,0.8257393337465126,-2.5058547620534126
0.1941732403534009,0.8257393337465126,-2.5151602502052133
0.23099010547934595,0.8257393337465126,-2.5251448640724923
0.267806970605291,0.8257393337465126,-2.5362247380477054
0.3046238357312361,0.8257393337465126,-2.546592344173659
0.34144070085718115,0.8257393337465126,-2.5579647174516884
0.3782575659831262,0.8257393337465126,-2.5698168596268696
0.4150744311090713,0.8257393337465126,-2.58202203381105
0.45189129623501634,0.8257393337465126,-2.5953337759485002
0.48870816136096185,0.8257393337465126,-2.6081068278124997
0.5255250264869069,0.8257393337465126,-2.6224578277457455
0.562341891612852,0.8257393337465126,-2.6368196450270887
0.599158756738797,0.8257393337465126,-2.6516306118967803
0.6359756218647421,0.8257393337465126,-2.667514966042792
0.6727924869906872,0.8257393337465126,
0.7096093521166322,0.8257393337465126,
0.7464262172425773,0.8257393337465126,
0.7832430823685224,0.8257393337465126,
0.8200599474944674,0.8257393337465126,
0.8568768126204125,0.8257393337465126,
0.8936936777463576,0.8257393337465126,
0.9305105428723026,0.8257393337465126,
0.9673274079982481,0.8257393337465126,
1.0041442731241932,0.8257393337465126,
1.0409611382501383,0.8257393337465126,
1.0777780033760833,0.8257393337465126,
1.1145948685020284,0.8257393337465126,
1.1514117336279734,0.8257393337465126,
1.1882285987539185,0.8257393337465126,
1.2250454638798636,0.8257393337465126,
1.2618623290058086,0.8257393337465126,
1.2986791941317537,0.8257393337465126,
1.3354960592576988,0.8257393337465126,
1.3723129243836438,0.8257393337465126,
1.409129789509589,0.8257393337465126,
1.4459466546355344,0.8257393337465126,
1.4827635197614795,0.8257393337465126,
1.5195803848874245,0.8257393337465126,
1.5563972500133696,0.8257393337465126,
1.5932141151393147,0.8257393337465126,
1.6300309802652597,0.8257393337465126,
1.6668478453912048,0.8257393337465126,
1.7036647105171498,0.8257393337465126,
1.740481575643095,0.8257393337465126,
1.77729844076904,0.8257393337465126,
1.814115305894985,0.8257393337465126,
1.85093217102093,0.8257393337465126,
1.8877490361468756,0.8257393337465126,
1.9245659012728207,0.8257393337465126,
1.9613827663987657,0.8257393337465126,
1.9981996315247104,0.8257393337465126,
-1.646670015943854,0.8583425242530205,
-1.609853150817909,0.8583425242530205,
-1.573036285691964,0.8583425242530205,
-1.536219420566019,0.8583425242530205,
-1.4994025554400736,0.8583425242530205,
-1.4625856903141286,0.8583425242530205,
-1.4257688251881835,0.8583425242530205,
-1.3889519600622384,0.8583425242530205,
-1.3521350949362934,0.8583425242530205,
-1.315318229810348,0.8583425242530205,
-1.278501364684403,0.8583425242530205,
-1.241684499558458,0.8583425242530205,
-1.2048676344325129,0.8583425242530205,
-1.1680507693065678,0.8583425242530205,
-1.1312339041806228,0.8583425242530205,
-1.0944170390546777,0.8583425242530205,
-1.0576001739287326,0.8583425242530205,
-1.0207833088027876,0.8583425242530205,
-0.9839664436768423,0.8583425242530205,
-0.9471495785508972,0.8583425242530205,
-0.9103327134249521,0.8583425242530205,
-0.873515848299007,0.8583425242530205,
-0.8366989831730619,0.8583425242530205,
-0.7998821180471168,0.8583425242530205,
-0.7630652529211717,0.8583425242530205,
-0.7262483877952266,0.8583425242530205,-2.439140538943062
-0.6894315226692815,0.8583425242530205,-2.43314941909169
-0.6526146575433365,0.8583425242530205,-2.4313365854418976
-0.6157977924173914,0.8583425242530205,-2.42888107606685
-0.5789809272914461,0.8583425242530205,-2.4273199986504976
-0.5421640621655011,0.8583425242530205,-2.427111769772155
-0.505347197039556,0.8583425242530205,-2.4275077086923185
-0.46853033191361093,0.8583425242530205,-2.4271714240077538
-0.43171346678766587,0.8583425242530205,-2.4271458436363327
-0.3948966016617208,0.8583425242530205,-2.429150471519813
-0.35807973653577574,0.8583425242530205,-2.4310276847875176
-0.32126287140983045,0.8583425242530205,-2.433938953006182
-0.2844460062838854,0.8583425242530205,-2.4368199152590027
-0.24762914115794032,0.8583425242530205,-2.4402887934780337
-0.21081227603199526,0.8583425242530205,-2.4449000397182825
-0.1739954109060502,0.8583425242530205,-2.4493318534623336
-0.13717854578010513,0.8583425242530205,-2.4541877463238295
-0.10036168065415985,0.8583425242530205,-2.4595848522173465
-0.06354481552821478,0.8583425242530205,-2.466184802742201
-0.026727950402269718,0.8583425242530205,-2.472542591426053
0.010088914723675346,0.8583425242530205,-2.480621804715831
0.04690577984962041,0.8583425242530205,-2.4882602613818494
0.08372264497556547,0.8583425242530205,-2.496597561725812
0.12053951010151076,0.8583425242530205,-2.505107009949329
0.15735637522745582,0.8583425242530205,-2.515022738467359
0.1941732403534009,0.8583425242530205,-2.5251160913308235
0.23099010547934595,0.8583425242530205,-2.5351578214822936
0.267806970605291,0.8583425242530205,-2.5463618331502897
0.3046238357312361,0.8583425242530205,-2.557761362865723
0.34144070085718115,0.8583425242530205,-2.569550716774704
0.3782575659831262,0.8583425242530205,-2.581665528355595
0.4150744311090713,0.8583425242530205,-2.594300675740829
0.45189129623501634,0.8583425242530205,-2.6074017520931987
0.48870816136096185,0.8583425242530205,-2.6216318085512245
0.5255250264869069,0.8583425242530205,-2.636044224005095
0.562341891612852,0.8583425242530205,-2.6501242853177223
0.599158756738797,0.8583425242530205,-2.666002134918529
0.6359756218647421,0.8583425242530205,
0.6727924869906872,0.8583425242530205,
0.7096093521166322,0.8583425242530205,
0.7464262172425773,0.8583425242530205,
0.7832430823685224,0.8583425242530205,
0.8200599474944674,0.8583425242530205,
0.8568768126204125,0.8583425242530205,
0.8936936777463576,0.8583425242530205,
0.9305105428723026,0.8583425242530205,
0.9673274079982481,0.8583425242530205,
1.0041442731241932,0.8583425242530205,
1.0409611382501383,0.8583425242530205,
1.0777780033760833,0.8583425242530205,
1.1145948685020284,0.8583425242530205,
1.1514117336279734,0.8583425242530205,
1.1882285987539185,0.8583425242530205,
1.2250454638798636,0.8583425242530205,
1.2618623290058086,0.8583425242530205,
1.2986791941317537,0.8583425242530205,
1.3354960592576988,0.8583425242530205,
1.3723129243836438,0.8583425242530205,
1.409129789509589,0.8583425242530205,
1.4459466546355344,0.8583425242530205,
1.4827635197614795,0.8583425242530205,
1.5195803848874245,0.8583425242530205,
1.5563972500133696,0.8583425242530205,
1.5932141151393147,0.8583425242530205,
1.6300309802652597,0.8583425242530205,
1.6668478453912048,0.8583425242530205,
1.7036647105171498,0.8583425242530205,
1.740481575643095,0.8583425242530205,
1.77729844076904,0.8583425242530205,
1.814115305894985,0.8583425242530205,
1.85093217102093,0.8583425242530205,
1.8877490361468756,0.8583425242530205,
1.9245659012728207,0.8583425242530205,
1.9613827663987657,0.8583425242530205,
1.9981996315247104,0.8583425242530205,
-1.646670015943854,0.8909457147595283,
-1.609853150817909,0.8909457147595283,
-1.573036285691964,0.8909457147595283,
-1.536219420566019,0.8909457147595283,
-1.4994025554400736,0.8909457147595283,
-1.4625856903141286,0.8909457147595283,
-1.4257688251881835,0.8909457147595283,
-1.3889519600622384,0.8909457147595283,
-1.3521350949362934,0.8909457147595283,
-1.315318229810348,0.8909457147595283,
-1.278501364684403,0.8909457147595283,
-1.241684499558458,0.8909457147595283,
-1.2048676344325129,0.8909457147595283,
-1.1680507693065678,0.8909457147595283,
-1.1312339041806228,0.8909457147595283,
-1.0944170390546777,0.8909457147595283,
-1.0576001739287326,0.8909457147595283,
-1.0207833088027876,0.8909457147595283,
-0.9839664436768423,0.8909457147595283,
-0.9471495785508972,0.8909457147595283,
-0.9103327134249521,0.8909457147595283,
-0.873515848299007,0.8909457147595283,
-0.8366989831730619,0.8909457147595283,
-0.7998821180471168,0.8909457147595283,
-0.7630652529211717,0.8909457147595283,
-0.7262483877952266,0.8909457147595283,-2.4334618098749075
-0.6894315226692815,0.8909457147595283,-2.4309302402031694
-0.6526146575433365,0.8909457147595283,-2.4292364205226997
-0.6157977924173914,0.8909457147595283,-2.4272527644469752
-0.5789809272914461,0.8909457147595283,-2.4265784029186244
-0.5421640621655011,0.8909457147595283,-2.4267571167497897
-0.505347197039556,0.8909457147595283,-2.4271530556699528
-0.46853033191361093,0.8909457147595283,-2.427541066746248
-0.43171346678766587,0.8909457147595283,-2.4290305352226613
-0.3948966016617208,0.8909457147595283,-2.4315781234887335
-0.35807973653577574,0.8909457147595283,-2.433671043096255
-0.32126287140983045,0.8909457147595283,-2.4369251323308956
-0.2844460062838854,0.8909457147595283,-2.4401124627324546
-0.24762914115794032,0.8909457147595283,-2.444695825299826
-0.21081227603199526,0.8909457147595283,-2.4492907037968883
-0.1739954109060502,0.8909457147595283,-2.45419063807924
-0.13717854578010513,0.8909457147595283,-2.459979460153101
-0.10036168065415985,0.8909457147595283,-2.4665497123628013
-0.06354481552821478,0.8909457147595283,-2.4731760872464905
-0.026727950402269718,0.8909457147595283,-2.479944074452773
0.010088914723675346,0.8909457147595283,-2.4884748929359333
0.04690577984962041,0.8909457147595283,-2.496619888454809
0.08372264497556547,0.8909457147595283,-2.5050680800920326
0.12053951010151076,0.8909457147595283,-2.5147163120654317
0.15735637522745582,0.8909457147595283,-2.5252231249924453
0.1941732403534009,0.8909457147595283,-2.535541528188923
0.23099010547934595,0.8909457147595283,-2.5460542140624636
0.267806970605291,0.8909457147595283,-2.55780750372465
0.3046238357312361,0.8909457147595283,-2.5689007869870215
0.34144070085718115,0.8909457147595283,-2.5806676981473773
0.3782575659831262,0.8909457147595283,-2.5928128879053824
0.4150744311090713,0.8909457147595283,-2.607432428831341
0.45189129623501634,0.8909457147595283,-2.62023992654382
0.48870816136096185,0.8909457147595283,-2.634245743108528
0.5255250264869069,0.8909457147595283,-2.6486091671187797
0.562341891612852,0.8909457147595283,-2.667603517184756
0.599158756738797,0.8909457147595283,
0.6359756218647421,0.8909457147595283,
0.6727924869906872,0.8909457147595283,
0.7096093521166322,0.8909457147595283,
0.7464262172425773,0.8909457147595283,
0.7832430823685224,0.8909457147595283,
0.8200599474944674,0.8909457147595283,
0.8568768126204125,0.8909457147595283,
0.8936936777463576,0.8909457147595283,
0.9305105428723026,0.8909457147595283,
0.9673274079982481,0.8909457147595283,
1.0041442731241932,0.8909457147595283,
1.0409611382501383,0.8909457147595283,
1.0777780033760833,0.8909457147595283,
1.1145948685020284,0.8909457147595283,
1.1514117336279734,0.8909457147595283,
1.1882285987539185,0.8909457147595283,
1.2250454638798636,0.8909457147595283,
1.2618623290058086,0.8909457147595283,
1.2986791941317537,0.8909457147595283,
1.3354960592576988,0.8909457147595283,
1.3723129243836438,0.8909457147595283,
1.409129789509589,0.8909457147595283,
1.4459466546355344,0.8909457147595283,
1.4827635197614795,0.8909457147595283,
1.5195803848874245,0.8909457147595283,
1.5563972500133696,0.8909457147595283,
1.5932141151393147,0.8909457147595283,
1.6300309802652597,0.8909457147595283,
1.6668478453912048,0.8909457147595283,
1.7036647105171498,0.8909457147595283,
1.740481575643095,0.8909457147595283,
1.77729844076904,0.8909457147595283,
1.814115305894985,0.8909457147595283,
1.85093217102093,0.8909457147595283,
1.8877490361468756,0.8909457147595283,
1.9245659012728207,0.8909457147595283,
1.9613827663987657,0.8909457147595283,
1.9981996315247104,0.8909457147595283,
-1.646670015943854,0.9235489052660366,
-1.609853150817909,0.9235489052660366,
-1.573036285691964,0.9235489052660366,
-1.536219420566019,0.9235489052660366,
-1.4994025554400736,0.9235489052660366,
-1.4625856903141286,0.9235489052660366,
-1.4257688251881835,0.9235489052660366,
-1.3889519600622384,0.9235489052660366,
-1.3521350949362934,0.9235489052660366,
-1.315318229810348,0.9235489052660366,
-1.278501364684403,0.9235489052660366,
-1.241684499558458,0.9235489052660366,
-1.2048676344325129,0.9235489052660366,
-1.1680507693065678,0.9235489052660366,
-1.1312339041806228,0.9235489052660366,
-1.0944170390546777,0.9235489052660366,
-1.0576001739287326,0.9235489052660366,
-1.0207833088027876,0.9235489052660366,
-0.9839664436768423,0.9235489052660366,
-0.9471495785508972,0.9235489052660366,
-0.9103327134249521,0.9235489052660366,
-0.873515848299007,0.9235489052660366,
-0.8366989831730619,0.9235489052660366,
-0.7998821180471168,0.9235489052660366,
-0.7630652529211717,0.9235489052660366,-2.4335995278935982
-0.7262483877952266,0.9235489052660366,-2.43112943545646
-0.6894315226692815,0.9235489052660366,-2.4291310170493277
-0.6526146575433365,0.9235489052660366,-2.427479044779
-0.6157977924173914,0.9235489052660366,-2.426878539189598
-0.5789809272914461,0.9235489052660366,-2.4263046202394483
-0.5421640621655011,0.9235489052660366,-2.4268545127391357
-0.505347197039556,0.9235489052660366,-2.428145715041881
-0.46853033191361093,0.9235489052660366,-2.429561666915938
-0.43171346678766587,0.9235489052660366,-2.431043627123874
-0.3948966016617208,0.9235489052660366,-2.434029999138631
-0.35807973653577574,0.9235489052660366,-2.4374984510488718
-0.32126287140983045,0.9235489052660366,-2.440827286510217
-0.2844460062838854,0.9235489052660366,-2.4451920764401396
-0.24762914115794032,0.9235489052660366,-2.44972214696948
-0.21081227603199526,0.9235489052660366,-2.454624115756155
-0.1739954109060502,0.9235489052660366,-2.460237611978002
-0.13717854578010513,0.9235489052660366,-2.4668040201274684
-0.10036168065415985,0.9235489052660366,-2.4736739346300434
-0.06354481552821478,0.9235489052660366,-2.480556454186705
-0.026727950402269718,0.9235489052660366,-2.4883045481640664
0.010088914723675346,0.9235489052660366,-2.4967345259988
0.04690577984962041,0.9235489052660366,-2.5055411573194872
0.08372264497556547,0.9235489052660366,-2.514592199779565
0.12053951010151076,0.9235489052660366,-2.524566390361785
0.15735637522745582,0.9235489052660366,-2.5350177283659696
0.1941732403534009,0.9235489052660366,-2.545359238558248
0.23099010547934595,0.9235489052660366,-2.5569814794392296
0.267806970605291,0.9235489052660366,-2.5689625274133734
0.3046238357312361,0.9235489052660366,-2.580070910228707
0.34144070085718115,0.9235489052660366,-2.5917183435520235
0.3782575659831262,0.9235489052660366,-2.6053399662178633
0.4150744311090713,0.9235489052660366,-2.6195762950533963
0.45189129623501634,0.9235489052660366,-2.6337217331971816
0.48870816136096185,0.9235489052660366,-2.6480493978274904
0.5255250264869069,0.9235489052660366,
0.562341891612852,0.9235489052660366,
0.599158756738797,0.9235489052660366,
0.6359756218647421,0.9235489052660366,
0.6727924869906872,0.9235489052660366,
0.7096093521166322,0.9235489052660366,
0.7464262172425773,0.9235489052660366,
0.7832430823685224,0.9235489052660366,
0.8200599474944674,0.9235489052660366,
0.8568768126204125,0.9235489052660366,
0.8936936777463576,0.9235489052660366,
0.9305105428723026,0.9235489052660366,
0.9673274079982481,0.9235489052660366,
1.0041442731241932,0.9235489052660366,
1.0409611382501383,0.9235489052660366,
1.0777780033760833,0.9235489052660366,
1.1145948685020284,0.9235489052660366,
1.1514117336279734,0.9235489052660366,
1.1882285987539185,0.9235489052660366,
1.2250454638798636,0.9235489052660366,
1.2618623290058086,0.9235489052660366,
1.2986791941317537,0.9235489052660366,
1.3354960592576988,0.9235489052660366,
1.3723129243836438,0.9235489052660366,
1.409129789509589,0.9235489052660366,
1.4459466546355344,0.9235489052660366,
1.4827635197614795,0.9235489052660366,
1.5195803848874245,0.9235489052660366,
1.5563972500133696,0.9235489052660366,
1.5932141151393147,0.9235489052660366,
1.6300309802652597,0.9235489052660366,
1.6668478453912048,0.9235489052660366,
1.7036647105171498,0.9235489052660366,
1.740481575643095,0.9235489052660366,
1.77729844076904,0.9235489052660366,
1.814115305894985,0.9235489052660366,
1.85093217102093,0.9235489052660366,
1.8877490361468756,0.9235489052660366,
1.9245659012728207,0.9235489052660366,
1.9613827663987657,0.9235489052660366,
1.9981996315247104,0.9235489052660366,
-1.646670015943854,0.9561520957725445,
-1.609853150817909,0.9561520957725445,
-1.573036285691964,0.9561520957725445,
-1.536219420566019,0.9561520957725445,
-1.4994025554400736,0.9561520957725445,
-1.4625856903141286,0.9561520957725445,
-1.4257688251881835,0.9561520957725445,
-1.3889519600622384,0.9561520957725445,
-1.3521350949362934,0.9561520957725445,
-1.315318229810348,0.9561520957725445,
-1.278501364684403,0.9561520957725445,
-1.241684499558458,0.9561520957725445,
-1.2048676344325129,0.9561520957725445,
-1.1680507693065678,0.9561520957725445,
-1.1312339041806228,0.9561520957725445,
-1.0944170390546777,0.9561520957725445,
-1.0576001739287326,0.9561520957725445,
-1.0207833088027876,0.9561520957725445,
-0.9839664436768423,0.9561520957725445,
-0.9471495785508972,0.9561520957725445,
-0.9103327134249521,0.9561520957725445,
-0.873515848299007,0.9561520957725445,
-0.8366989831730619,0.9561520957725445,
-0.7998821180471168,0.9561520957725445,-2.433902449652154
-0.7630652529211717,0.9561520957725445,-2.4314186935345345
-0.7262483877952266,0.9561520957725445,-2.4291923464112277
-0.6894315226692815,0.9561520957725445,-2.4282959052606197
-0.6526146575433365,0.9561520957725445,-2.4274004940943454
-0.6157977924173914,0.9561520957725445,-2.427072776921381
-0.5789809272914461,0.9561520957725445,-2.4275116443290234
-0.5421640621655011,0.9561520957725445,-2.4283862105518943
-0.505347197039556,0.9561520957725445,-2.4299869950553923
-0.46853033191361093,0.9561520957725445,-2.4315577333719802
-0.43171346678766587,0.9561520957725445,-2.4343049265601384
-0.3948966016617208,0.9561520957725445,-2.4377996554238432
-0.35807973653577574,0.9561520957725445,-2.441402157915052
-0.32126287140983045,0.9561520957725445,-2.4464082132681684
-0.2844460062838854,0.9561520957725445,-2.450941393231619
-0.24762914115794032,0.9561520957725445,-2.455111746003094
-0.21081227603199526,0.9561520957725445,-2.4605867345299437
-0.1739954109060502,0.9561520957725445,-2.4668754324775852
-0.13717854578010513,0.9561520957725445,-2.4734214595098396
-0.10036168065415985,0.9561520957725445,-2.4805350049161836
-0.06354481552821478,0.9561520957725445,-2.4879655741978657
-0.026727950402269718,0.9561520957725445,-2.496691453160431
0.010088914723675346,0.9561520957725445,-2.505192946112568
0.04690577984962041,0.9561520957725445,-2.5143950456935675
0.08372264497556547,0.9561520957725445,-2.524255951596329
0.12053951010151076,0.9561520957725445,-2.534504858943573
0.15735637522745582,0.9561520957725445,-2.545486941381115
0.1941732403534009,0.9561520957725445,-2.5559526344650716
0.23099010547934595,0.9561520957725445,-2.567831324122688
0.267806970605291,0.9561520957725445,-2.580501585200289
0.3046238357312361,0.9561520957725445,-2.592533334446361
0.34144070085718115,0.9561520957725445,-2.6051921793732777
0.3782575659831262,0.9561520957725445,-2.618266000927033
0.4150744311090713,0.9561520957725445,-2.632629875541999
0.45189129623501634,0.9561520957725445,-2.646901537315887
0.48870816136096185,0.9561520957725445,
0.5255250264869069,0.9561520957725445,
0.562341891612852,0.9561520957725445,
0.599158756738797,0.9561520957725445,
0.6359756218647421,0.9561520957725445,
0.6727924869906872,0.9561520957725445,
0.7096093521166322,0.9561520957725445,
0.7464262172425773,0.9561520957725445,
0.7832430823685224,0.9561520957725445,
0.8200599474944674,0.9561520957725445,
0.8568768126204125,0.9561520957725445,
0.8936936777463576,0.9561520957725445,
0.9305105428723026,0.9561520957725445,
0.9673274079982481,0.9561520957725445,
1.0041442731241932,0.9561520957725445,
1.0409611382501383,0.9561520957725445,
1.0777780033760833,0.9561520957725445,
1.1145948685020284,0.9561520957725445,
1.1514117336279734,0.9561520957725445,
1.1882285987539185,0.9561520957725445,
1.2250454638798636,0.9561520957725445,
1.2618623290058086,0.9561520957725445,
1.2986791941317537,0.9561520957725445,
1.3354960592576988,0.9561520957725445,
1.3723129243836438,0.9561520957725445,
1.409129789509589,0.9561520957725445,
1.4459466546355344,0.9561520957725445,
1.4827635197614795,0.9561520957725445,
1.5195803848874245,0.9561520957725445,
1.5563972500133696,0.9561520957725445,
1.5932141151393147,0.9561520957725445,
1.6300309802652597,0.9561520957725445,
1.6668478453912048,0.9561520957725445,
1.7036647105171498,0.9561520957725445,
1.740481575643095,0.9561520957725445,
1.77729844076904,0.9561520957725445,
1.814115305894985,0.9561520957725445,
1.85093217102093,0.9561520957725445,
1.8877490361468756,0.9561520957725445,
1.9245659012728207,0.9561520957725445,
1.9613827663987657,0.9561520957725445,
1.9981996315247104,0.9561520957725445,
-1.646670015943854,0.9887552862790527,
-1.609853150817909,0.9887552862790527,
-1.573036285691964,0.9887552862790527,
-1.536219420566019,0.9887552862790527,
-1.4994025554400736,0.9887552862790527,
-1.4625856903141286,0.9887552862790527,
-1.4257688251881835,0.9887552862790527,
-1.3889519600622384,0.9887552862790527,
-1.3521350949362934,0.9887552862790527,
-1.315318229810348,0.9887552862790527,
-1.278501364684403,0.9887552862790527,
-1.241684499558458,0.9887552862790527,
-1.2048676344325129,0.9887552862790527,
-1.1680507693065678,0.9887552862790527,
-1.1312339041806228,0.9887552862790527,
-1.0944170390546777,0.9887552862790527,
-1.0576001739287326,0.9887552862790527,
-1.0207833088027876,0.9887552862790527,
-0.9839664436768423,0.9887552862790527,
-0.9471495785508972,0.9887552862790527,
-0.9103327134249521,0.9887552862790527,
-0.873515848299007,0.9887552862790527,
-0.8366989831730619,0.9887552862790527,-2.4382096959893342
-0.7998821180471168,0.9887552862790527,-2.4310750446474856
-0.7630652529211717,0.9887552862790527,-2.429559048014683
-0.7262483877952266,0.9887552862790527,-2.4290560763863738
-0.6894315226692815,0.9887552862790527,-2.428535824856514
-0.6526146575433365,0.9887552862790527,-2.4277840636081454
-0.6157977924173914,0.9887552862790527,-2.428135241085954
-0.5789809272914461,0.9887552862790527,-2.428503315854787
-0.5421640621655011,0.9887552862790527,-2.4301820449298797
-0.505347197039556,0.9887552862790527,-2.4319055660410003
-0.46853033191361093,0.9887552862790527,-2.4348508518245264
-0.43171346678766587,0.9887552862790527,-2.438015767736692
-0.3948966016617208,0.9887552862790527,-2.4415232073819007
-0.35807973653577574,0.9887552862790527,-2.44631835566235
-0.32126287140983045,0.9887552862790527,-2.451526684928753
-0.2844460062838854,0.9887552862790527,-2.456586929650737
-0.24762914115794032,0.9887552862790527,-2.4609525993899632
-0.21081227603199526,0.9887552862790527,-2.4667128270519085
-0.1739954109060502,0.9887552862790527,-2.4739010214026953
-0.13717854578010513,0.9887552862790527,-2.4810875266836505
-0.10036168065415985,0.9887552862790527,-2.488295574024127
-0.06354481552821478,0.9887552862790527,-2.4961790702027202
-0.026727950402269718,0.9887552862790527,-2.5048995515667043
0.010088914723675346,0.9887552862790527,-2.5143785223134927
0.04690577984962041,0.9887552862790527,-2.5239413534280883
0.08372264497556547,0.9887552862790527,-2.5343630663212235
0.12053951010151076,0.9887552862790527,-2.5446348115521715
0.15735637522745582,0.9887552862790527,-2.5561579660251983
0.1941732403534009,0.9887552862790527,-2.5666665093009913
0.23099010547934595,0.9887552862790527,-2.5786571055577054
0.267806970605291,0.9887552862790527,-2.591679159862412
0.3046238357312361,0.9887552862790527,-2.604510955016327
0.34144070085718115,0.9887552862790527,-2.6171475686721752
0.3782575659831262,0.9887552862790527,-2.631506626363472
0.4150744311090713,0.9887552862790527,
0.45189129623501634,0.9887552862790527,
0.48870816136096185,0.9887552862790527,
0.5255250264869069,0.9887552862790527,
0.562341891612852,0.9887552862790527,
0.599158756738797,0.9887552862790527,
0.6359756218647421,0.9887552862790527,
0.6727924869906872,0.9887552862790527,
0.7096093521166322,0.9887552862790527,
0.7464262172425773,0.9887552862790527,
0.7832430823685224,0.9887552862790527,
0.8200599474944674,0.9887552862790527,
0.8568768126204125,0.9887552862790527,
0.8936936777463576,0.9887552862790527,
0.9305105428723026,0.9887552862790527,
0.9673274079982481,0.9887552862790527,
1.0041442731241932,0.9887552862790527,
1.0409611382501383,0.9887552862790527,
1.0777780033760833,0.9887552862790527,
1.1145948685020284,0.9887552862790527,
1.1514117336279734,0.9887552862790527,
1.1882285987539185,0.9887552862790527,
1.2250454638798636,0.9887552862790527,
1.2618623290058086,0.9887552862790527,
1.2986791941317537,0.9887552862790527,
1.3354960592576988,0.9887552862790527,
1.3723129243836438,0.9887552862790527,
1.409129789509589,0.9887552862790527,
1.4459466546355344,0.9887552862790527,
1.4827635197614795,0.9887552862790527,
1.5195803848874245,0.9887552862790527,
1.5563972500133696,0.9887552862790527,
1.5932141151393147,0.9887552862790527,
1.6300309802652597,0.9887552862790527,
1.6668478453912048,0.9887552862790527,
1.7036647105171498,0.9887552862790527,
1.740481575643095,0.9887552862790527,
1.77729844076904,0.9887552862790527,
1.814115305894985,0.9887552862790527,
1.85093217102093,0.9887552862790527,
1.8877490361468756,0.9887552862790527,
1.9245659012728207,0.9887552862790527,
1.9613827663987657,0.9887552862790527,
1.9981996315247104,0.9887552862790527,
-1.646670015943854,1.0213584767855606,
-1.609853150817909,1.0213584767855606,
-1.573036285691964,1.0213584767855606,
-1.536219420566019,1.0213584767855606,
-1.4994025554400736,1.0213584767855606,
-1.4625856903141286,1.0213584767855606,
-1.4257688251881835,1.0213584767855606,
-1.3889519600622384,1.0213584767855606,
-1.3521350949362934,1.0213584767855606,
-1.315318229810348,1.0213584767855606,
-1.278501364684403,1.0213584767855606,
-1.241684499558458,1.0213584767855606,
-1.2048676344325129,1.0213584767855606,
-1.1680507693065678,1.0213584767855606,
-1.1312339041806228,1.0213584767855606,
-1.0944170390546777,1.0213584767855606,
-1.0576001739287326,1.0213584767855606,
-1.0207833088027876,1.0213584767855606,
-0.9839664436768423,1.0213584767855606,
-0.9471495785508972,1.0213584767855606,
-0.9103327134249521,1.0213584767855606,
-0.873515848299007,1.0213584767855606,
-0.8366989831730619,1.0213584767855606,-2.431193247702786
-0.7998821180471168,1.0213584767855606,-2.429946289455132
-0.7630652529211717,1.0213584767855606,-2.4287920245751344
-0.7262483877952266,1.0213584767855606,-2.4288308753823644
-0.6894315226692815,1.0213584767855606,-2.428635236669091
-0.6526146575433365,1.0213584767855606,-2.4281818766898104
-0.6157977924173914,1.0213584767855606,-2.4292054685457907
-0.5789809272914461,1.0213584767855606,-2.430707010484757
-0.5421640621655011,1.0213584767855606,-2.4322890160813566
-0.505347197039556,1.0213584767855606,-2.4353895046829495
-0.46853033191361093,1.0213584767855606,-2.4385081728716473
-0.43171346678766587,1.0213584767855606,-2.4417165192439456
-0.3948966016617208,1.0213584767855606,-2.446072240545008
-0.35807973653577574,1.0213584767855606,-2.45124387907342
-0.32126287140983045,1.0213584767855606,-2.45673520748837
-0.2844460062838854,1.0213584767855606,-2.461744599162265
-0.24762914115794032,1.0213584767855606,-2.46785686792853
-0.21081227603199526,1.0213584767855606,-2.4741285936182575
-0.1739954109060502,1.0213584767855606,-2.480772939164504
-0.13717854578010513,1.0213584767855606,-2.4890197213571934
-0.10036168065415985,1.0213584767855606,-2.4966839274868002
-0.06354481552821478,1.0213584767855606,-2.504999763666216
-0.026727950402269718,1.0213584767855606,-2.513818567912245
0.010088914723675346,1.0213584767855606,-2.5236356983632904
0.04690577984962041,1.0213584767855606,-2.533704282829101
0.08372264497556547,1.0213584767855606,-2.544719753296821
0.12053951010151076,1.0213584767855606,-2.554827219667261
0.15735637522745582,1.0213584767855606,-2.5659053064329256
0.1941732403534009,1.0213584767855606,-2.577630171866189
0.23099010547934595,1.0213584767855606,-2.5902997986794576
0.267806970605291,1.0213584767855606,-2.6036787255820197
0.3046238357312361,1.0213584767855606,-2.6163740139093092
0.34144070085718115,1.0213584767855606,-2.6304179160170733
0.3782575659831262,1.0213584767855606,
0.4150744311090713,1.0213584767855606,
0.45189129623501634,1.0213584767855606,
0.48870816136096185,1.0213584767855606,
0.5255250264869069,1.0213584767855606,
0.562341891612852,1.0213584767855606,
0.599158756738797,1.0213584767855606,
0.6359756218647421,1.0213584767855606,
0.6727924869906872,1.0213584767855606,
0.7096093521166322,1.0213584767855606,
0.7464262172425773,1.0213584767855606,
0.7832430823685224,1.0213584767855606,
0.8200599474944674,1.0213584767855606,
0.8568768126204125,1.0213584767855606,
0.8936936777463576,1.0213584767855606,
0.9305105428723026,1.0213584767855606,
0.9673274079982481,1.0213584767855606,
1.0041442731241932,1.0213584767855606,
1.0409611382501383,1.0213584767855606,
1.0777780033760833,1.0213584767855606,
1.1145948685020284,1.0213584767855606,
1.1514117336279734,1.0213584767855606,
1.1882285987539185,1.0213584767855606,
1.2250454638798636,1.0213584767855606,
1.2618623290058086,1.0213584767855606,
1.2986791941317537,1.0213584767855606,
1.3354960592576988,1.0213584767855606,
1.3723129243836438,1.0213584767855606,
1.409129789509589,1.0213584767855606,
1.4459466546355344,1.0213584767855606,
1.4827635197614795,1.0213584767855606,
1.5195803848874245,1.0213584767855606,
1.5563972500133696,1.0213584767855606,
1.5932141151393147,1.0213584767855606,
1.6300309802652597,1.0213584767855606,
1.6668478453912048,1.0213584767855606,
1.7036647105171498,1.0213584767855606,
1.740481575643095,1.0213584767855606,
1.77729844076904,1.0213584767855606,
1.814115305894985,1.0213584767855606,
1.85093217102093,1.0213584767855606,
1.8877490361468756,1.0213584767855606,
1.9245659012728207,1.0213584767855606,
1.9613827663987657,1.0213584767855606,
1.9981996315247104,1.0213584767855606,
-1.646670015943854,1.0539616672920684,
-1.609853150817909,1.0539616672920684,
-1.573036285691964,1.0539616672920684,
-1.536219420566019,1.0539616672920684,
-1.4994025554400736,1.0539616672920684,
-1.4625856903141286,1.0539616672920684,
-1.4257688251881835,1.0539616672920684,
-1.3889519600622384,1.0539616672920684,
-1.3521350949362934,1.0539616672920684,
-1.315318229810348,1.0539616672920684,
-1.278501364684403,1.0539616672920684,
-1.241684499558458,1.0539616672920684,
-1.2048676344325129,1.0539616672920684,
-1.1680507693065678,1.0539616672920684,
-1.1312339041806228,1.0539616672920684,
-1.0944170390546777,1.0539616672920684,
-1.0576001739287326,1.0539616672920684,
-1.0207833088027876,1.0539616672920684,
-0.9839664436768423,1.0539616672920684,
-0.9471495785508972,1.0539616672920684,
-0.9103327134249521,1.0539616672920684,
-0.873515848299007,1.0539616672920684,-2.4319734981118453
-0.8366989831730619,1.0539616672920684,-2.430107200356649
-0.7998821180471168,1.0539616672920684,-2.4288490026047187
-0.7630652529211717,1.0539616672920684,-2.4287610657997454
-0.7262483877952266,1.0539616672920684,-2.4287488891883053
-0.6894315226692815,1.0539616672920684,-2.428735098549931
-0.6526146575433365,1.0539616672920684,-2.429290256246568
-0.6157977924173914,1.0539616672920684,-2.4308365625349566
-0.5789809272914461,1.0539616672920684,-2.4330815023037675
-0.5421640621655011,1.0539616672920684,-2.4361470703502155
-0.505347197039556,1.0539616672920684,-2.4392193746378164
-0.46853033191361093,1.0539616672920684,-2.4425696624802127
-0.43171346678766587,1.0539616672920684,-2.446396152594703
-0.3948966016617208,1.0539616672920684,-2.450887488723432
-0.35807973653577574,1.0539616672920684,-2.4561694024844907
-0.32126287140983045,1.0539616672920684,-2.4619380534035806
-0.2844460062838854,1.0539616672920684,-2.46738531152351
-0.24762914115794032,1.0539616672920684,-2.474358004714065
-0.21081227603199526,1.0539616672920684,-2.4812261708252885
-0.1739954109060502,1.0539616672920684,-2.488547844048438
-0.13717854578010513,1.0539616672920684,-2.4973757571132005
-0.10036168065415985,1.0539616672920684,-2.5054568796363315
-0.06354481552821478,1.0539616672920684,-2.5147133561826136
-0.026727950402269718,1.0539616672920684,-2.5231127294959372
0.010088914723675346,1.0539616672920684,-2.533160743926232
0.04690577984962041,1.0539616672920684,-2.5434955132311554
0.08372264497556547,1.0539616672920684,-2.554685542171006
0.12053951010151076,1.0539616672920684,-2.5658776789675586
0.15735637522745582,1.0539616672920684,-2.5776509212657923
0.1941732403534009,1.0539616672920684,-2.5897326061517467
0.23099010547934595,1.0539616672920684,-2.6024945006281364
0.267806970605291,1.0539616672920684,-2.6156741963908576
0.3046238357312361,1.0539616672920684,-2.635746004543078
0.34144070085718115,1.0539616672920684,
0.3782575659831262,1.0539616672920684,
0.4150744311090713,1.0539616672920684,
0.45189129623501634,1.0539616672920684,
0.48870816136096185,1.0539616672920684,
0.5255250264869069,1.0539616672920684,
0.562341891612852,1.0539616672920684,
0.599158756738797,1.0539616672920684,
0.6359756218647421,1.0539616672920684,
0.6727924869906872,1.0539616672920684,
0.7096093521166322,1.0539616672920684,
0.7464262172425773,1.0539616672920684,
0.7832430823685224,1.0539616672920684,
0.8200599474944674,1.0539616672920684,
0.8568768126204125,1.0539616672920684,
0.8936936777463576,1.0539616672920684,
0.9305105428723026,1.0539616672920684,
0.9673274079982481,1.0539616672920684,
1.0041442731241932,1.0539616672920684,
1.0409611382501383,1.0539616672920684,
1.0777780033760833,1.0539616672920684,
1.1145948685020284,1.0539616672920684,
1.1514117336279734,1.0539616672920684,
1.1882285987539185,1.0539616672920684,
1.2250454638798636,1.0539616672920684,
1.2618623290058086,1.0539616672920684,
1.2986791941317537,1.0539616672920684,
1.3354960592576988,1.0539616672920684,
1.3723129243836438,1.0539616672920684,
1.409129789509589,1.0539616672920684,
1.4459466546355344,1.0539616672920684,
1.4827635197614795,1.0539616672920684,
1.5195803848874245,1.0539616672920684,
1.5563972500133696,1.0539616672920684,
1.5932141151393147,1.0539616672920684,
1.6300309802652597,1.0539616672920684,
1.6668478453912048,1.0539616672920684,
1.7036647105171498,1.0539616672920684,
1.740481575643095,1.0539616672920684,
1.77729844076904,1.0539616672920684,
1.814115305894985,1.0539616672920684,
1.85093217102093,1.0539616672920684,
1.8877490361468756,1.0539616672920684,
1.9245659012728207,1.0539616672920684,
1.9613827663987657,1.0539616672920684,
1.9981996315247104,1.0539616672920684,
-1.646670015943854,1.0865648577985767,
-1.609853150817909,1.0865648577985767,
-1.573036285691964,1.0865648577985767,
-1.536219420566019,1.0865648577985767,
-1.4994025554400736,1.0865648577985767,
-1.4625856903141286,1.0865648577985767,
-1.4257688251881835,1.0865648577985767,
-1.3889519600622384,1.0865648577985767,
-1.3521350949362934,1.0865648577985767,
-1.315318229810348,1.0865648577985767,
-1.278501364684403,1.0865648577985767,
-1.241684499558458,1.0865648577985767,
-1.2048676344325129,1.0865648577985767,
-1.1680507693065678,1.0865648577985767,
-1.1312339041806228,1.0865648577985767,
-1.0944170390546777,1.0865648577985767,
-1.0576001739287326,1.0865648577985767,
-1.0207833088027876,1.0865648577985767,
-0.9839664436768423,1.0865648577985767,
-0.9471495785508972,1.0865648577985767,
-0.9103327134249521,1.0865648577985767,-2.4326286547917126
-0.873515848299007,1.0865648577985767,-2.430433202409172
-0.8366989831730619,1.0865648577985767,-2.4292584413921388
-0.7998821180471168,1.0865648577985767,-2.428737209719076
-0.7630652529211717,1.0865648577985767,-2.42866229692077
-0.7262483877952266,1.0865648577985767,-2.4290510710430384
-0.6894315226692815,1.0865648577985767,-2.4296564665524327
-0.6526146575433365,1.0865648577985767,-2.4313791192111216
-0.6157977924173914,1.0865648577985767,-2.4337284948445403
-0.5789809272914461,1.0865648577985767,-2.436427184268645
-0.5421640621655011,1.0865648577985767,-2.439642404886683
-0.505347197039556,1.0865648577985767,-2.4434331384597483
-0.46853033191361093,1.0865648577985767,-2.447742229114844
-0.43171346678766587,1.0865648577985767,-2.4515673840030168
-0.3948966016617208,1.0865648577985767,-2.456004802082738
-0.35807973653577574,1.0865648577985767,-2.461741713254188
-0.32126287140983045,1.0865648577985767,-2.4677874341794763
-0.2844460062838854,1.0865648577985767,-2.4743437157023003
-0.24762914115794032,1.0865648577985767,-2.4811802793241537
-0.21081227603199526,1.0865648577985767,-2.488878552207588
-0.1739954109060502,1.0865648577985767,-2.4970514237448818
-0.13717854578010513,1.0865648577985767,-2.5054669656278685
-0.10036168065415985,1.0865648577985767,-2.514625293411516
-0.06354481552821478,1.0865648577985767,-2.5239408310480558
-0.026727950402269718,1.0865648577985767,-2.5336465464305014
0.010088914723675346,1.0865648577985767,-2.5424437344671027
0.04690577984962041,1.0865648577985767,-2.554509278366837
0.08372264497556547,1.0865648577985767,-2.5652060021440883
0.12053951010151076,1.0865648577985767,-2.576048114057392
0.15735637522745582,1.0865648577985767,-2.5882331762707125
0.1941732403534009,1.0865648577985767,-2.6014527436060804
0.23099010547934595,1.0865648577985767,-2.6148106807060167
0.267806970605291,1.0865648577985767,
0.3046238357312361,1.0865648577985767,
0.34144070085718115,1.0865648577985767,
0.3782575659831262,1.0865648577985767,
0.4150744311090713,1.0865648577985767,
0.45189129623501634,1.0865648577985767,
0.48870816136096185,1.0865648577985767,
0.5255250264869069,1.0865648577985767,
0.562341891612852,1.0865648577985767,
0.599158756738797,1.0865648577985767,
0.6359756218647421,1.0865648577985767,
0.6727924869906872,1.0865648577985767,
0.7096093521166322,1.0865648577985767,
0.7464262172425773,1.0865648577985767,
0.7832430823685224,1.0865648577985767,
0.8200599474944674,1.0865648577985767,
0.8568768126204125,1.0865648577985767,
0.8936936777463576,1.0865648577985767,
0.9305105428723026,1.0865648577985767,
0.9673274079982481,1.0865648577985767,
1.0041442731241932,1.0865648577985767,
1.0409611382501383,1.0865648577985767,
1.0777780033760833,1.0865648577985767,
1.1145948685020284,1.0865648577985767,
1.1514117336279734,1.0865648577985767,
1.1882285987539185,1.0865648577985767,
1.2250454638798636,1.0865648577985767,
1.2618623290058086,1.0865648577985767,
1.2986791941317537,1.0865648577985767,
1.3354960592576988,1.0865648577985767,
1.3723129243836438,1.0865648577985767,
1.409129789509589,1.0865648577985767,
1.4459466546355344,1.0865648577985767,
1.4827635197614795,1.0865648577985767,
1.5195803848874245,1.0865648577985767,
1.5563972500133696,1.0865648577985767,
1.5932141151393147,1.0865648577985767,
1.6300309802652597,1.0865648577985767,
1.6668478453912048,1.0865648577985767,
1.7036647105171498,1.0865648577985767,
1.740481575643095,1.0865648577985767,
1.77729844076904,1.0865648577985767,
1.814115305894985,1.0865648577985767,
1.85093217102093,1.0865648577985767,
1.8877490361468756,1.0865648577985767,
1.9245659012728207,1.0865648577985767,
1.9613827663987657,1.0865648577985767,
1.9981996315247104,1.0865648577985767,
-1.646670015943854,1.1191680483050845,
-1.609853150817909,1.1191680483050845,
-1.573036285691964,1.1191680483050845,
-1.536219420566019,1.1191680483050845,
-1.4994025554400736,1.1191680483050845,
-1.4625856903141286,1.1191680483050845,
-1.4257688251881835,1.1191680483050845,
-1.3889519600622384,1.1191680483050845,
-1.3521350949362934,1.1191680483050845,
-1.315318229810348,1.1191680483050845,
-1.278501364684403,1.1191680483050845,
-1.241684499558458,1.1191680483050845,
-1.2048676344325129,1.1191680483050845,
-1.1680507693065678,1.1191680483050845,
-1.1312339041806228,1.1191680483050845,
-1.0944170390546777,1.1191680483050845,
-1.0576001739287326,1.1191680483050845,
-1.0207833088027876,1.1191680483050845,
-0.9839664436768423,1.1191680483050845,
-0.9471495785508972,1.1191680483050845,-2.4372788530356067
-0.9103327134249521,1.1191680483050845,-2.431010631599989
-0.873515848299007,1.1191680483050845,-2.429472852413741
-0.8366989831730619,1.1191680483050845,-2.4291510832551806
-0.7998821180471168,1.1191680483050845,-2.4289566077613083
-0.7630652529211717,1.1191680483050845,-2.4299179397550343
-0.7262483877952266,1.1191680483050845,-2.4310368723281552
-0.6894315226692815,1.1191680483050845,-2.4321154361579675
-0.6526146575433365,1.1191680483050845,-2.4338876211117606
-0.6157977924173914,1.1191680483050845,-2.436584031331509
-0.5789809272914461,1.1191680483050845,-2.439701106180215
-0.5421640621655011,1.1191680483050845,-2.4430690281296865
-0.505347197039556,1.1191680483050845,-2.447559090376011
-0.46853033191361093,1.1191680483050845,-2.452279703922728
-0.43171346678766587,1.1191680483050845,-2.456795675472512
-0.3948966016617208,1.1191680483050845,-2.4623158759357073
-0.35807973653577574,1.1191680483050845,-2.4680252595456724
-0.32126287140983045,1.1191680483050845,-2.474474639413389
-0.2844460062838854,1.1191680483050845,-2.4815309918948323
-0.24762914115794032,1.1191680483050845,-2.4890393989977406
-0.21081227603199526,1.1191680483050845,-2.4969247142272
-0.1739954109060502,1.1191680483050845,-2.505025926120345
-0.13717854578010513,1.1191680483050845,-2.513958508361078
-0.10036168065415985,1.1191680483050845,-2.5231422104298877
-0.06354481552821478,1.1191680483050845,-2.5331507238943467
-0.026727950402269718,1.1191680483050845,-2.5431353297606356
0.010088914723675346,1.1191680483050845,-2.553856328638497
0.04690577984962041,1.1191680483050845,-2.5657249684918453
0.08372264497556547,1.1191680483050845,-2.5769137635080597
0.12053951010151076,1.1191680483050845,-2.588440313226936
0.15735637522745582,1.1191680483050845,-2.6012023341728456
0.1941732403534009,1.1191680483050845,-2.6138214432839684
0.23099010547934595,1.1191680483050845,
0.267806970605291,1.1191680483050845,
0.3046238357312361,1.1191680483050845,
0.34144070085718115,1.1191680483050845,
0.3782575659831262,1.1191680483050845,
0.4150744311090713,1.1191680483050845,
0.45189129623501634,1.1191680483050845,
0.48870816136096185,1.1191680483050845,
0.5255250264869069,1.1191680483050845,
0.562341891612852,1.1191680483050845,
0.599158756738797,1.1191680483050845,
0.6359756218647421,1.1191680483050845,
0.6727924869906872,1.1191680483050845,
0.7096093521166322,1.1191680483050845,
0.7464262172425773,1.1191680483050845,
0.7832430823685224,1.1191680483050845,
0.8200599474944674,1.1191680483050845,
0.8568768126204125,1.1191680483050845,
0.8936936777463576,1.1191680483050845,
0.9305105428723026,1.1191680483050845,
0.9673274079982481,1.1191680483050845,
1.0041442731241932,1.1191680483050845,
1.0409611382501383,1.1191680483050845,
1.0777780033760833,1.1191680483050845,
1.1145948685020284,1.1191680483050845,
1.1514117336279734,1.1191680483050845,
1.1882285987539185,1.1191680483050845,
1.2250454638798636,1.1191680483050845,
1.2618623290058086,1.1191680483050845,
1.2986791941317537,1.1191680483050845,
1.3354960592576988,1.1191680483050845,
1.3723129243836438,1.1191680483050845,
1.409129789509589,1.1191680483050845,
1.4459466546355344,1.1191680483050845,
1.4827635197614795,1.1191680483050845,
1.5195803848874245,1.1191680483050845,
1.5563972500133696,1.1191680483050845,
1.5932141151393147,1.1191680483050845,
1.6300309802652597,1.1191680483050845,
1.6668478453912048,1.1191680483050845,
1.7036647105171498,1.1191680483050845,
1.740481575643095,1.1191680483050845,
1.77729844076904,1.1191680483050845,
1.814115305894985,1.1191680483050845,
1.85093217102093,1.1191680483050845,
1.8877490361468756,1.1191680483050845,
1.9245659012728207,1.1191680483050845,
1.9613827663987657,1.1191680483050845,
1.9981996315247104,1.1191680483050845,
-1.646670015943854,1.1517712388115928,
-1.609853150817909,1.1517712388115928,
-1.573036285691964,1.1517712388115928,
-1.536219420566019,1.1517712388115928,
-1.4994025554400736,1.1517712388115928,
-1.4625856903141286,1.1517712388115928,
-1.4257688251881835,1.1517712388115928,
-1.3889519600622384,1.1517712388115928,
-1.3521350949362934,1.1517712388115928,
-1.315318229810348,1.1517712388115928,
-1.278501364684403,1.1517712388115928,
-1.241684499558458,1.1517712388115928,
-1.2048676344325129,1.1517712388115928,
-1.1680507693065678,1.1517712388115928,
-1.1312339041806228,1.1517712388115928,
-1.0944170390546777,1.1517712388115928,
-1.0576001739287326,1.1517712388115928,
-1.0207833088027876,1.1517712388115928,
-0.9839664436768423,1.1517712388115928,
-0.9471495785508972,1.1517712388115928,-2.4314942316346047
-0.9103327134249521,1.1517712388115928,-2.4305097447445787
-0.873515848299007,1.1517712388115928,-2.42951796186762
-0.8366989831730619,1.1517712388115928,-2.429465004772918
-0.7998821180471168,1.1517712388115928,-2.4302356183121883
-0.7630652529211717,1.1517712388115928,-2.431248172698807
-0.7262483877952266,1.1517712388115928,-2.4323396772375014
-0.6894315226692815,1.1517712388115928,-2.4345055246745932
-0.6526146575433365,1.1517712388115928,-2.437358689904561
-0.6157977924173914,1.1517712388115928,-2.44035110739024
-0.5789809272914461,1.1517712388115928,-2.443660867731192
-0.5421640621655011,1.1517712388115928,-2.4472348006170623
-0.505347197039556,1.1517712388115928,-2.4522010283034334
-0.46853033191361093,1.1517712388115928,-2.45725547593432
-0.43171346678766587,1.1517712388115928,-2.4626367505396325
-0.3948966016617208,1.1517712388115928,-2.468804501177787
-0.35807973653577574,1.1517712388115928,-2.475083172957572
-0.32126287140983045,1.1517712388115928,-2.481548119610282
-0.2844460062838854,1.1517712388115928,-2.4894417092374965
-0.24762914115794032,1.1517712388115928,-2.4974329879655737
-0.21081227603199526,1.1517712388115928,-2.5060333021389165
-0.1739954109060502,1.1517712388115928,-2.513631145077668
-0.13717854578010513,1.1517712388115928,-2.5230800792388166
-0.10036168065415985,1.1517712388115928,-2.5328396163527773
-0.06354481552821478,1.1517712388115928,-2.5429385222284933
-0.026727950402269718,1.1517712388115928,-2.55367287251375
0.010088914723675346,1.1517712388115928,-2.5648155206995953
0.04690577984962041,1.1517712388115928,-2.5766466958831
0.08372264497556547,1.1517712388115928,-2.587630856626252
0.12053951010151076,1.1517712388115928,-2.600004923918392
0.15735637522745582,1.1517712388115928,
0.1941732403534009,1.1517712388115928,
0.23099010547934595,1.1517712388115928,
0.267806970605291,1.1517712388115928,
0.3046238357312361,1.1517712388115928,
0.34144070085718115,1.1517712388115928,
0.3782575659831262,1.1517712388115928,
0.4150744311090713,1.1517712388115928,
0.45189129623501634,1.1517712388115928,
0.48870816136096185,1.1517712388115928,
0.5255250264869069,1.1517712388115928,
0.562341891612852,1.1517712388115928,
0.599158756738797,1.1517712388115928,
0.6359756218647421,1.1517712388115928,
0.6727924869906872,1.1517712388115928,
0.7096093521166322,1.1517712388115928,
0.7464262172425773,1.1517712388115928,
0.7832430823685224,1.1517712388115928,
0.8200599474944674,1.1517712388115928,
0.8568768126204125,1.1517712388115928,
0.8936936777463576,1.1517712388115928,
0.9305105428723026,1.1517712388115928,
0.9673274079982481,1.1517712388115928,
1.0041442731241932,1.1517712388115928,
1.0409611382501383,1.1517712388115928,
1.0777780033760833,1.1517712388115928,
1.1145948685020284,1.1517712388115928,
1.1514117336279734,1.1517712388115928,
1.1882285987539185,1.1517712388115928,
1.2250454638798636,1.1517712388115928,
1.2618623290058086,1.1517712388115928,
1.2986791941317537,1.1517712388115928,
1.3354960592576988,1.1517712388115928,
1.3723129243836438,1.1517712388115928,
1.409129789509589,1.1517712388115928,
1.4459466546355344,1.1517712388115928,
1.4827635197614795,1.1517712388115928,
1.5195803848874245,1.1517712388115928,
1.5563972500133696,1.1517712388115928,
1.5932141151393147,1.1517712388115928,
1.6300309802652597,1.1517712388115928,
1.6668478453912048,1.1517712388115928,
1.7036647105171498,1.1517712388115928,
1.740481575643095,1.1517712388115928,
1.77729844076904,1.1517712388115928,
1.814115305894985,1.1517712388115928,
1.85093217102093,1.1517712388115928,
1.8877490361468756,1.1517712388115928,
1.9245659012728207,1.1517712388115928,
1.9613827663987657,1.1517712388115928,
1.9981996315247104,1.1517712388115928,
-1.646670015943854,1.1843744293181007,
-1.609853150817909,1.1843744293181007,
-1.573036285691964,1.1843744293181007,
-1.536219420566019,1.1843744293181007,
-1.4994025554400736,1.1843744293181007,
-1.4625856903141286,1.1843744293181007,
-1.4257688251881835,1.1843744293181007,
-1.3889519600622384,1.1843744293181007,
-1.3521350949362934,1.1843744293181007,
-1.315318229810348,1.1843744293181007,
-1.278501364684403,1.1843744293181007,
-1.241684499558458,1.1843744293181007,
-1.2048676344325129,1.1843744293181007,
-1.1680507693065678,1.1843744293181007,
-1.1312339041806228,1.1843744293181007,
-1.0944170390546777,1.1843744293181007,
-1.0576001739287326,1.1843744293181007,
-1.0207833088027876,1.1843744293181007,
-0.9839664436768423,1.1843744293181007,-2.432367464995174
-0.9471495785508972,1.1843744293181007,-2.4304121542714836
-0.9103327134249521,1.1843744293181007,-2.430206743054534
-0.873515848299007,1.1843744293181007,-2.4302288255387934
-0.8366989831730619,1.1843744293181007,-2.430655318101589
-0.7998821180471168,1.1843744293181007,-2.4317052892290625
-0.7630652529211717,1.1843744293181007,-2.4328012852461343
-0.7262483877952266,1.1843744293181007,-2.435497046669027
-0.6894315226692815,1.1843744293181007,-2.438013947208617
-0.6526146575433365,1.1843744293181007,-2.44116767760657
-0.6157977924173914,1.1843744293181007,-2.4441333231692166
-0.5789809272914461,1.1843744293181007,-2.448120404422485
-0.5421640621655011,1.1843744293181007,-2.452681739573313
-0.505347197039556,1.1843744293181007,-2.458110638037799
-0.46853033191361093,1.1843744293181007,-2.4631729930740462
-0.43171346678766587,1.1843744293181007,-2.468572091207594
-0.3948966016617208,1.1843744293181007,-2.475418523312092
-0.35807973653577574,1.1843744293181007,-2.482098946496201
-0.32126287140983045,1.1843744293181007,-2.4893948198833593
-0.2844460062838854,1.1843744293181007,-2.4972794423025793
-0.24762914115794032,1.1843744293181007,-2.505079115049812
-0.21081227603199526,1.1843744293181007,-2.5144254461989055
-0.1739954109060502,1.1843744293181007,-2.5236867111287618
-0.13717854578010513,1.1843744293181007,-2.532478192037998
-0.10036168065415985,1.1843744293181007,-2.542635453746634
-0.06354481552821478,1.1843744293181007,-2.552994182924014
-0.026727950402269718,1.1843744293181007,-2.563895807215949
0.010088914723675346,1.1843744293181007,-2.5753527526010727
0.04690577984962041,1.1843744293181007,-2.5868989224910073
0.08372264497556547,1.1843744293181007,-2.598807513663939
0.12053951010151076,1.1843744293181007,
0.15735637522745582,1.1843744293181007,
0.1941732403534009,1.1843744293181007,
0.23099010547934595,1.1843744293181007,
0.267806970605291,1.1843744293181007,
0.3046238357312361,1.1843744293181007,
0.34144070085718115,1.1843744293181007,
0.3782575659831262,1.1843744293181007,
0.4150744311090713,1.1843744293181007,
0.45189129623501634,1.1843744293181007,
0.48870816136096185,1.1843744293181007,
0.5255250264869069,1.1843744293181007,
0.562341891612852,1.1843744293181007,
0.599158756738797,1.1843744293181007,
0.6359756218647421,1.1843744293181007,
0.6727924869906872,1.1843744293181007,
0.7096093521166322,1.1843744293181007,
0.7464262172425773,1.1843744293181007,
0.7832430823685224,1.1843744293181007,
0.8200599474944674,1.1843744293181007,
0.8568768126204125,1.1843744293181007,
0.8936936777463576,1.1843744293181007,
0.9305105428723026,1.1843744293181007,
0.9673274079982481,1.1843744293181007,
1.0041442731241932,1.1843744293181007,
1.0409611382501383,1.1843744293181007,
1.0777780033760833,1.1843744293181007,
1.1145948685020284,1.1843744293181007,
1.1514117336279734,1.1843744293181007,
1.1882285987539185,1.1843744293181007,
1.2250454638798636,1.1843744293181007,
1.2618623290058086,1.1843744293181007,
1.2986791941317537,1.1843744293181007,
1.3354960592576988,1.1843744293181007,
1.3723129243836438,1.1843744293181007,
1.409129789509589,1.1843744293181007,
1.4459466546355344,1.1843744293181007,
1.4827635197614795,1.1843744293181007,
1.5195803848874245,1.1843744293181007,
1.5563972500133696,1.1843744293181007,
1.5932141151393147,1.1843744293181007,
1.6300309802652597,1.1843744293181007,
1.6668478453912048,1.1843744293181007,
1.7036647105171498,1.1843744293181007,
1.740481575643095,1.1843744293181007,
1.77729844076904,1.1843744293181007,
1.814115305894985,1.1843744293181007,
1.85093217102093,1.1843744293181007,
1.8877490361468756,1.1843744293181007,
1.9245659012728207,1.1843744293181007,
1.9613827663987657,1.1843744293181007,
1.9981996315247104,1.1843744293181007,
-1.646670015943854,1.2169776198246085,
-1.609853150817909,1.2169776198246085,
-1.573036285691964,1.2169776198246085,
-1.536219420566019,1.2169776198246085,
-1.4994025554400736,1.2169776198246085,
-1.4625856903141286,1.2169776198246085,
-1.4257688251881835,1.2169776198246085,
-1.3889519600622384,1.2169776198246085,
-1.3521350949362934,1.2169776198246085,
-1.315318229810348,1.2169776198246085,
-1.278501364684403,1.2169776198246085,
-1.241684499558458,1.2169776198246085,
-1.2048676344325129,1.2169776198246085,
-1.1680507693065678,1.2169776198246085,
-1.1312339041806228,1.2169776198246085,
-1.0944170390546777,1.2169776198246085,
-1.0576001739287326,1.2169776198246085,
-1.0207833088027876,1.2169776198246085,-2.433357476667
-0.9839664436768423,1.2169776198246085,-2.4307328030293505
-0.9471495785508972,1.2169776198246085,-2.430359864474333
-0.9103327134249521,1.2169776198246085,-2.4302945057851626
-0.873515848299007,1.2169776198246085,-2.4312052856509485
-0.8366989831730619,1.2169776198246085,-2.432356764095851
-0.7998821180471168,1.2169776198246085,-2.4333319194680736
-0.7630652529211717,1.2169776198246085,-2.43534006470211
-0.7262483877952266,1.2169776198246085,-2.438145787732542
-0.6894315226692815,1.2169776198246085,-2.441140516209891
-0.6526146575433365,1.2169776198246085,-2.444864671929925
-0.6157977924173914,1.2169776198246085,-2.4487767582682634
-0.5789809272914461,1.2169776198246085,-2.4529190826402454
-0.5421640621655011,1.2169776198246085,-2.458338755347291
-0.505347197039556,1.2169776198246085,-2.4637664899969005
-0.46853033191361093,1.2169776198246085,-2.46919422464651
-0.43171346678766587,1.2169776198246085,-2.4753343884903005
-0.3948966016617208,1.2169776198246085,-2.4825670711828156
-0.35807973653577574,1.2169776198246085,-2.490191191990049
-0.32126287140983045,1.2169776198246085,-2.4980417817351706
-0.2844460062838854,1.2169776198246085,-2.505348227106752
-0.24762914115794032,1.2169776198246085,-2.513921491860768
-0.21081227603199526,1.2169776198246085,-2.5234063057462985
-0.1739954109060502,1.2169776198246085,-2.532878139992824
-0.13717854578010513,1.2169776198246085,-2.5421842473971417
-0.10036168065415985,1.2169776198246085,-2.5523638914521767
-0.06354481552821478,1.2169776198246085,-2.563493653193217
-0.026727950402269718,1.2169776198246085,-2.574568189857108
0.010088914723675346,1.2169776198246085,-2.5861104000110195
0.04690577984962041,1.2169776198246085,-2.60493111088908
0.08372264497556547,1.2169776198246085,
0.12053951010151076,1.2169776198246085,
0.15735637522745582,1.2169776198246085,
0.1941732403534009,1.2169776198246085,
0.23099010547934595,1.2169776198246085,
0.267806970605291,1.2169776198246085,
0.3046238357312361,1.2169776198246085,
0.34144070085718115,1.2169776198246085,
0.3782575659831262,1.2169776198246085,
0.4150744311090713,1.2169776198246085,
0.45189129623501634,1.2169776198246085,
0.48870816136096185,1.2169776198246085,
0.5255250264869069,1.2169776198246085,
0.562341891612852,1.2169776198246085,
0.599158756738797,1.2169776198246085,
0.6359756218647421,1.2169776198246085,
0.6727924869906872,1.2169776198246085,
0.7096093521166322,1.2169776198246085,
0.7464262172425773,1.2169776198246085,
0.7832430823685224,1.2169776198246085,
0.8200599474944674,1.2169776198246085,
0.8568768126204125,1.2169776198246085,
0.8936936777463576,1.2169776198246085,
0.9305105428723026,1.2169776198246085,
0.9673274079982481,1.2169776198246085,
1.0041442731241932,1.2169776198246085,
1.0409611382501383,1.2169776198246085,
1.0777780033760833,1.2169776198246085,
1.1145948685020284,1.2169776198246085,
1.1514117336279734,1.2169776198246085,
1.1882285987539185,1.2169776198246085,
1.2250454638798636,1.2169776198246085,
1.2618623290058086,1.2169776198246085,
1.2986791941317537,1.2169776198246085,
1.3354960592576988,1.2169776198246085,
1.3723129243836438,1.2169776198246085,
1.409129789509589,1.2169776198246085,
1.4459466546355344,1.2169776198246085,
1.4827635197614795,1.2169776198246085,
1.5195803848874245,1.2169776198246085,
1.5563972500133696,1.2169776198246085,
1.5932141151393147,1.2169776198246085,
1.6300309802652597,1.2169776198246085,
1.6668478453912048,1.2169776198246085,
1.7036647105171498,1.2169776198246085,
1.740481575643095,1.2169776198246085,
1.77729844076904,1.2169776198246085,
1.814115305894985,1.2169776198246085,
1.85093217102093,1.2169776198246085,
1.8877490361468756,1.2169776198246085,
1.9245659012728207,1.2169776198246085,
1.9613827663987657,1.2169776198246085,
1.9981996315247104,1.2169776198246085,
-1.646670015943854,1.2495808103311168,
-1.609853150817909,1.2495808103311168,
-1.573036285691964,1.2495808103311168,
-1.536219420566019,1.2495808103311168,
-1.4994025554400736,1.2495808103311168,
-1.4625856903141286,1.2495808103311168,
-1.4257688251881835,1.2495808103311168,
-1.3889519600622384,1.2495808103311168,
-1.3521350949362934,1.2495808103311168,
-1.315318229810348,1.2495808103311168,
-1.278501364684403,1.2495808103311168,
-1.241684499558458,1.2495808103311168,
-1.2048676344325129,1.2495808103311168,
-1.1680507693065678,1.2495808103311168,
-1.1312339041806228,1.2495808103311168,
-1.0944170390546777,1.2495808103311168,
-1.0576001739287326,1.2495808103311168,-2.436348010081879
-1.0207833088027876,1.2495808103311168,-2.431563669544766
-0.9839664436768423,1.2495808103311168,-2.4312232721128604
-0.9471495785508972,1.2495808103311168,-2.4308855889344185
-0.9103327134249521,1.2495808103311168,-2.431594043425834
-0.873515848299007,1.2495808103311168,-2.432658963859242
-0.8366989831730619,1.2495808103311168,-2.4341918387399746
-0.7998821180471168,1.2495808103311168,-2.4355422948639265
-0.7630652529211717,1.2495808103311168,-2.438584240207046
-0.7262483877952266,1.2495808103311168,-2.441924589696958
-0.6894315226692815,1.2495808103311168,-2.445544645121792
-0.6526146575433365,1.2495808103311168,-2.4492984190181337
-0.6157977924173914,1.2495808103311168,-2.453428552777333
-0.5789809272914461,1.2495808103311168,-2.4585356628461357
-0.5421640621655011,1.2495808103311168,-2.4645102876335008
-0.505347197039556,1.2495808103311168,-2.4697328391027416
-0.46853033191361093,1.2495808103311168,-2.4758700470034496
-0.43171346678766587,1.2495808103311168,-2.482609935674191
-0.3948966016617208,1.2495808103311168,-2.490033403172019
-0.35807973653577574,1.2495808103311168,-2.4985112879608415
-0.32126287140983045,1.2495808103311168,-2.5064878372106585
-0.2844460062838854,1.2495808103311168,-2.5144677264004365
-0.24762914115794032,1.2495808103311168,-2.52282952672178
-0.21081227603199526,1.2495808103311168,-2.5325133492012295
-0.1739954109060502,1.2495808103311168,-2.5427029936593613
-0.13717854578010513,1.2495808103311168,-2.5525198195516623
-0.10036168065415985,1.2495808103311168,-2.562079950254436
-0.06354481552821478,1.2495808103311168,-2.5740399731799917
-0.026727950402269718,1.2495808103311168,-2.5855891510740974
0.010088914723675346,1.2495808103311168,
0.04690577984962041,1.2495808103311168,
0.08372264497556547,1.2495808103311168,
0.12053951010151076,1.2495808103311168,
0.15735637522745582,1.2495808103311168,
0.1941732403534009,1.2495808103311168,
0.23099010547934595,1.2495808103311168,
0.267806970605291,1.2495808103311168,
0.3046238357312361,1.2495808103311168,
0.34144070085718115,1.2495808103311168,
0.3782575659831262,1.2495808103311168,
0.4150744311090713,1.2495808103311168,
0.45189129623501634,1.2495808103311168,
0.48870816136096185,1.2495808103311168,
0.5255250264869069,1.2495808103311168,
0.562341891612852,1.2495808103311168,
0.599158756738797,1.2495808103311168,
0.6359756218647421,1.2495808103311168,
0.6727924869906872,1.2495808103311168,
0.7096093521166322,1.2495808103311168,
0.7464262172425773,1.2495808103311168,
0.7832430823685224,1.2495808103311168,
0.8200599474944674,1.2495808103311168,
0.8568768126204125,1.2495808103311168,
0.8936936777463576,1.2495808103311168,
0.9305105428723026,1.2495808103311168,
0.9673274079982481,1.2495808103311168,
1.0041442731241932,1.2495808103311168,
1.0409611382501383,1.2495808103311168,
1.0777780033760833,1.2495808103311168,
1.1145948685020284,1.2495808103311168,
1.1514117336279734,1.2495808103311168,
1.1882285987539185,1.2495808103311168,
1.2250454638798636,1.2495808103311168,
1.2618623290058086,1.2495808103311168,
1.2986791941317537,1.2495808103311168,
1.3354960592576988,1.2495808103311168,
1.3723129243836438,1.2495808103311168,
1.409129789509589,1.2495808103311168,
1.4459466546355344,1.2495808103311168,
1.4827635197614795,1.2495808103311168,
1.5195803848874245,1.2495808103311168,
1.5563972500133696,1.2495808103311168,
1.5932141151393147,1.2495808103311168,
1.6300309802652597,1.2495808103311168,
1.6668478453912048,1.2495808103311168,
1.7036647105171498,1.2495808103311168,
1.740481575643095,1.2495808103311168,
1.77729844076904,1.2495808103311168,
1.814115305894985,1.2495808103311168,
1.85093217102093,1.2495808103311168,
1.8877490361468756,1.2495808103311168,
1.9245659012728207,1.2495808103311168,
1.9613827663987657,1.2495808103311168,
1.9981996315247104,1.2495808103311168,
-1.646670015943854,1.2821840008376246,
-1.609853150817909,1.2821840008376246,
-1.573036285691964,1.2821840008376246,
-1.536219420566019,1.2821840008376246,
-1.4994025554400736,1.2821840008376246,
-1.4625856903141286,1.2821840008376246,
-1.4257688251881835,1.2821840008376246,
-1.3889519600622384,1.2821840008376246,
-1.3521350949362934,1.2821840008376246,
-1.315318229810348,1.2821840008376246,
-1.278501364684403,1.2821840008376246,
-1.241684499558458,1.2821840008376246,
-1.2048676344325129,1.2821840008376246,
-1.1680507693065678,1.2821840008376246,
-1.1312339041806228,1.2821840008376246,
-1.0944170390546777,1.2821840008376246,
-1.0576001739287326,1.2821840008376246,-2.4319214891896888
-1.0207833088027876,1.2821840008376246,-2.4318460497446837
-0.9839664436768423,1.2821840008376246,-2.431657540534266
-0.9471495785508972,1.2821840008376246,-2.43243134227105
-0.9103327134249521,1.2821840008376246,-2.4332986446330174
-0.873515848299007,1.2821840008376246,-2.4346864817029124
-0.8366989831730619,1.2821840008376246,-2.436734760977881
-0.7998821180471168,1.2821840008376246,-2.438822373835462
-0.7630652529211717,1.2821840008376246,-2.4420510485404425
-0.7262483877952266,1.2821840008376246,-2.4455078040619203
-0.6894315226692815,1.2821840008376246,-2.4497426681239114
-0.6526146575433365,1.2821840008376246,-2.4539641035262383
-0.6157977924173914,1.2821840008376246,-2.458831191960683
-0.5789809272914461,1.2821840008376246,-2.464403727069045
-0.5421640621655011,1.2821840008376246,-2.4701322711783678
-0.505347197039556,1.2821840008376246,-2.475822879811972
-0.46853033191361093,1.2821840008376246,-2.4828392618344908
-0.43171346678766587,1.2821840008376246,-2.489904997929763
-0.3948966016617208,1.2821840008376246,-2.498317768689331
-0.35807973653577574,1.2821840008376246,-2.5067077589249434
-0.32126287140983045,1.2821840008376246,-2.51477765894012
-0.2844460062838854,1.2821840008376246,-2.52344392582563
-0.24762914115794032,1.2821840008376246,-2.532539448379266
-0.21081227603199526,1.2821840008376246,-2.5422177820200345
-0.1739954109060502,1.2821840008376246,-2.552441725639838
-0.13717854578010513,1.2821840008376246,-2.5630456471380674
-0.10036168065415985,1.2821840008376246,-2.5731686305805024
-0.06354481552821478,1.2821840008376246,-2.5848286344786606
-0.026727950402269718,1.2821840008376246,
0.010088914723675346,1.2821840008376246,
0.04690577984962041,1.2821840008376246,
0.08372264497556547,1.2821840008376246,
0.12053951010151076,1.2821840008376246,
0.15735637522745582,1.2821840008376246,
0.1941732403534009,1.2821840008376246,
0.23099010547934595,1.2821840008376246,
0.267806970605291,1.2821840008376246,
0.3046238357312361,1.2821840008376246,
0.34144070085718115,1.2821840008376246,
0.3782575659831262,1.2821840008376246,
0.4150744311090713,1.2821840008376246,
0.45189129623501634,1.2821840008376246,
0.48870816136096185,1.2821840008376246,
0.5255250264869069,1.2821840008376246,
0.562341891612852,1.2821840008376246,
0.599158756738797,1.2821840008376246,
0.6359756218647421,1.2821840008376246,
0.6727924869906872,1.2821840008376246,
0.7096093521166322,1.2821840008376246,
0.7464262172425773,1.2821840008376246,
0.7832430823685224,1.2821840008376246,
0.8200599474944674,1.2821840008376246,
0.8568768126204125,1.2821840008376246,
0.8936936777463576,1.2821840008376246,
0.9305105428723026,1.2821840008376246,
0.9673274079982481,1.2821840008376246,
1.0041442731241932,1.2821840008376246,
1.0409611382501383,1.2821840008376246,
1.0777780033760833,1.2821840008376246,
1.1145948685020284,1.2821840008376246,
1.1514117336279734,1.2821840008376246,
1.1882285987539185,1.2821840008376246,
1.2250454638798636,1.2821840008376246,
1.2618623290058086,1.2821840008376246,
1.2986791941317537,1.2821840008376246,
1.3354960592576988,1.2821840008376246,
1.3723129243836438,1.2821840008376246,
1.409129789509589,1.2821840008376246,
1.4459466546355344,1.2821840008376246,
1.4827635197614795,1.2821840008376246,
1.5195803848874245,1.2821840008376246,
1.5563972500133696,1.2821840008376246,
1.5932141151393147,1.2821840008376246,
1.6300309802652597,1.2821840008376246,
1.6668478453912048,1.2821840008376246,
1.7036647105171498,1.2821840008376246,
1.740481575643095,1.2821840008376246,
1.77729844076904,1.2821840008376246,
1.814115305894985,1.2821840008376246,
1.85093217102093,1.2821840008376246,
1.8877490361468756,1.2821840008376246,
1.9245659012728207,1.2821840008376246,
1.9613827663987657,1.2821840008376246,
1.9981996315247104,1.2821840008376246,
-1.646670015943854,1.314787191344133,
-1.609853150817909,1.314787191344133,
-1.573036285691964,1.314787191344133,
-1.536219420566019,1.314787191344133,
-1.4994025554400736,1.314787191344133,
-1.4625856903141286,1.314787191344133,
-1.4257688251881835,1.314787191344133,
-1.3889519600622384,1.314787191344133,
-1.3521350949362934,1.314787191344133,
-1.315318229810348,1.314787191344133,
-1.278501364684403,1.314787191344133,
-1.241684499558458,1.314787191344133,
-1.2048676344325129,1.314787191344133,
-1.1680507693065678,1.314787191344133,
-1.1312339041806228,1.314787191344133,
-1.0944170390546777,1.314787191344133,-2.432723187613526
-1.0576001739287326,1.314787191344133,-2.43240468455953
-1.0207833088027876,1.314787191344133,-2.43249101628036
-0.9839664436768423,1.314787191344133,-2.433367773254516
-0.9471495785508972,1.314787191344133,-2.4339533737986385
-0.9103327134249521,1.314787191344133,-2.434695523110228
-0.873515848299007,1.314787191344133,-2.437240122807306
-0.8366989831730619,1.314787191344133,-2.439675328069364
-0.7998821180471168,1.314787191344133,-2.4431685762924165
-0.7630652529211717,1.314787191344133,-2.4466910311887275
-0.7262483877952266,1.314787191344133,-2.4503484021765134
-0.6894315226692815,1.314787191344133,-2.4544558109782084
-0.6526146575433365,1.314787191344133,-2.4593153722934233
-0.6157977924173914,1.314787191344133,-2.464666047032212
-0.5789809272914461,1.314787191344133,-2.4706784391423957
-0.5421640621655011,1.314787191344133,-2.476653335376291
-0.505347197039556,1.314787191344133,-2.4831768194368564
-0.46853033191361093,1.314787191344133,-2.490648006196666
-0.43171346678766587,1.314787191344133,-2.498223003528093
-0.3948966016617208,1.314787191344133,-2.505767924665167
-0.35807973653577574,1.314787191344133,-2.514629517246526
-0.32126287140983045,1.314787191344133,-2.5231989557601944
-0.2844460062838854,1.314787191344133,-2.5324189094033405
-0.24762914115794032,1.314787191344133,-2.542550951211028
-0.21081227603199526,1.314787191344133,-2.551226191235692
-0.1739954109060502,1.314787191344133,-2.5624730792693193
-0.13717854578010513,1.314787191344133,-2.573082300301883
-0.10036168065415985,1.314787191344133,
-0.06354481552821478,1.314787191344133,
-0.026727950402269718,1.314787191344133,
0.010088914723675346,1.314787191344133,
0.04690577984962041,1.314787191344133,
0.08372264497556547,1.314787191344133,
0.12053951010151076,1.314787191344133,
0.15735637522745582,1.314787191344133,
0.1941732403534009,1.314787191344133,
0.23099010547934595,1.314787191344133,
0.267806970605291,1.314787191344133,
0.3046238357312361,1.314787191344133,
0.34144070085718115,1.314787191344133,
0.3782575659831262,1.314787191344133,
0.4150744311090713,1.314787191344133,
0.45189129623501634,1.314787191344133,
0.48870816136096185,1.314787191344133,
0.5255250264869069,1.314787191344133,
0.562341891612852,1.314787191344133,
0.599158756738797,1.314787191344133,
0.6359756218647421,1.314787191344133,
0.6727924869906872,1.314787191344133,
0.7096093521166322,1.314787191344133,
0.7464262172425773,1.314787191344133,
0.7832430823685224,1.314787191344133,
0.8200599474944674,1.314787191344133,
0.8568768126204125,1.314787191344133,
0.8936936777463576,1.314787191344133,
0.9305105428723026,1.314787191344133,
0.9673274079982481,1.314787191344133,
1.0041442731241932,1.314787191344133,
1.0409611382501383,1.314787191344133,
1.0777780033760833,1.314787191344133,
1.1145948685020284,1.314787191344133,
1.1514117336279734,1.314787191344133,
1.1882285987539185,1.314787191344133,
1.2250454638798636,1.314787191344133,
1.2618623290058086,1.314787191344133,
1.2986791941317537,1.314787191344133,
1.3354960592576988,1.314787191344133,
1.3723129243836438,1.314787191344133,
1.409129789509589,1.314787191344133,
1.4459466546355344,1.314787191344133,
1.4827635197614795,1.314787191344133,
1.5195803848874245,1.314787191344133,
1.5563972500133696,1.314787191344133,
1.5932141151393147,1.314787191344133,
1.6300309802652597,1.314787191344133,
1.6668478453912048,1.314787191344133,
1.7036647105171498,1.314787191344133,
1.740481575643095,1.314787191344133,
1.77729844076904,1.314787191344133,
1.814115305894985,1.314787191344133,
1.85093217102093,1.314787191344133,
1.8877490361468756,1.314787191344133,
1.9245659012728207,1.314787191344133,
1.9613827663987657,1.314787191344133,
1.9981996315247104,1.314787191344133,
-1.646670015943854,1.3473903818506408,
-1.609853150817909,1.3473903818506408,
-1.573036285691964,1.3473903818506408,
-1.536219420566019,1.3473903818506408,
-1.4994025554400736,1.3473903818506408,
-1.4625856903141286,1.3473903818506408,
-1.4257688251881835,1.3473903818506408,
-1.3889519600622384,1.3473903818506408,
-1.3521350949362934,1.3473903818506408,
-1.315318229810348,1.3473903818506408,
-1.278501364684403,1.3473903818506408,
-1.241684499558458,1.3473903818506408,
-1.2048676344325129,1.3473903818506408,
-1.1680507693065678,1.3473903818506408,
-1.1312339041806228,1.3473903818506408,-2.4341517022819743
-1.0944170390546777,1.3473903818506408,-2.4327575967332806
-1.0576001739287326,1.3473903818506408,-2.4331614311805962
-1.0207833088027876,1.3473903818506408,-2.4339618446626687
-0.9839664436768423,1.3473903818506408,-2.4349317059296096
-0.9471495785508972,1.3473903818506408,-2.436199367488767
-0.9103327134249521,1.3473903818506408,-2.4379356385852766
-0.873515848299007,1.3473903818506408,-2.440127698245918
-0.8366989831730619,1.3473903818506408,-2.4433017261995356
-0.7998821180471168,1.3473903818506408,-2.447011707878792
-0.7630652529211717,1.3473903818506408,-2.4511350842595965
-0.7262483877952266,1.3473903818506408,-2.4552423620468518
-0.6894315226692815,1.3473903818506408,-2.4602432706944874
-0.6526146575433365,1.3473903818506408,-2.4650864980888643
-0.6157977924173914,1.3473903818506408,-2.470838328609894
-0.5789809272914461,1.3473903818506408,-2.477101379063382
-0.5421640621655011,1.3473903818506408,-2.4834300823719206
-0.505347197039556,1.3473903818506408,-2.4911667402499518
-0.46853033191361093,1.3473903818506408,-2.4988085942774525
-0.43171346678766587,1.3473903818506408,-2.5069863273488533
-0.3948966016617208,1.3473903818506408,-2.51499590767666
-0.35807973653577574,1.3473903818506408,-2.5229730415509066
-0.32126287140983045,1.3473903818506408,-2.532380953869831
-0.2844460062838854,1.3473903818506408,-2.5422651324065044
-0.24762914115794032,1.3473903818506408,-2.5515117971719583
-0.21081227603199526,1.3473903818506408,-2.562077757047466
-0.1739954109060502,1.3473903818506408,-2.572966116710183
-0.13717854578010513,1.3473903818506408,
-0.10036168065415985,1.3473903818506408,
-0.06354481552821478,1.3473903818506408,
-0.026727950402269718,1.3473903818506408,
0.010088914723675346,1.3473903818506408,
0.04690577984962041,1.3473903818506408,
0.08372264497556547,1.3473903818506408,
0.12053951010151076,1.3473903818506408,
0.15735637522745582,1.3473903818506408,
0.1941732403534009,1.3473903818506408,
0.23099010547934595,1.3473903818506408,
0.267806970605291,1.3473903818506408,
0.3046238357312361,1.3473903818506408,
0.34144070085718115,1.3473903818506408,
0.3782575659831262,1.3473903818506408,
0.4150744311090713,1.3473903818506408,
0.45189129623501634,1.3473903818506408,
0.48870816136096185,1.3473903818506408,
0.5255250264869069,1.3473903818506408,
0.562341891612852,1.3473903818506408,
0.599158756738797,1.3473903818506408,
0.6359756218647421,1.3473903818506408,
0.6727924869906872,1.3473903818506408,
0.7096093521166322,1.3473903818506408,
0.7464262172425773,1.3473903818506408,
0.7832430823685224,1.3473903818506408,
0.8200599474944674,1.3473903818506408,
0.8568768126204125,1.3473903818506408,
0.8936936777463576,1.3473903818506408,
0.9305105428723026,1.3473903818506408,
0.9673274079982481,1.3473903818506408,
1.0041442731241932,1.3473903818506408,
1.0409611382501383,1.3473903818506408,
1.0777780033760833,1.3473903818506408,
1.1145948685020284,1.3473903818506408,
1.1514117336279734,1.3473903818506408,
1.1882285987539185,1.3473903818506408,
1.2250454638798636,1.3473903818506408,
1.2618623290058086,1.3473903818506408,
1.2986791941317537,1.3473903818506408,
1.3354960592576988,1.3473903818506408,
1.3723129243836438,1.3473903818506408,
1.409129789509589,1.3473903818506408,
1.4459466546355344,1.3473903818506408,
1.4827635197614795,1.3473903818506408,
1.5195803848874245,1.3473903818506408,
1.5563972500133696,1.3473903818506408,
1.5932141151393147,1.3473903818506408,
1.6300309802652597,1.3473903818506408,
1.6668478453912048,1.3473903818506408,
1.7036647105171498,1.3473903818506408,
1.740481575643095,1.3473903818506408,
1.77729844076904,1.3473903818506408,
1.814115305894985,1.3473903818506408,
1.85093217102093,1.3473903818506408,
1.8877490361468756,1.3473903818506408,
1.9245659012728207,1.3473903818506408,
1.9613827663987657,1.3473903818506408,
1.9981996315247104,1.3473903818506408,
-1.646670015943854,1.3799935723571486,
-1.609853150817909,1.3799935723571486,
-1.573036285691964,1.3799935723571486,
-1.536219420566019,1.3799935723571486,
-1.4994025554400736,1.3799935723571486,
-1.4625856903141286,1.3799935723571486,
-1.4257688251881835,1.3799935723571486,
-1.3889519600622384,1.3799935723571486,
-1.3521350949362934,1.3799935723571486,
-1.315318229810348,1.3799935723571486,
-1.278501364684403,1.3799935723571486,
-1.241684499558458,1.3799935723571486,
-1.2048676344325129,1.3799935723571486,
-1.1680507693065678,1.3799935723571486,-2.435723652672476
-1.1312339041806228,1.3799935723571486,-2.4331665903177435
-1.0944170390546777,1.3799935723571486,-2.4332843145551184
-1.0576001739287326,1.3799935723571486,-2.4340126820562973
-1.0207833088027876,1.3799935723571486,-2.4353684032047855
-0.9839664436768423,1.3799935723571486,-2.436960136434954
-0.9471495785508972,1.3799935723571486,-2.438932490162255
-0.9103327134249521,1.3799935723571486,-2.441620815276209
-0.873515848299007,1.3799935723571486,-2.4438097729239905
-0.8366989831730619,1.3799935723571486,-2.447687032861219
-0.7998821180471168,1.3799935723571486,-2.45153239523867
-0.7630652529211717,1.3799935723571486,-2.4560088161400877
-0.7262483877952266,1.3799935723571486,-2.4608921149027796
-0.6894315226692815,1.3799935723571486,-2.465837234334335
-0.6526146575433365,1.3799935723571486,-2.4714742877800018
-0.6157977924173914,1.3799935723571486,-2.476876883601713
-0.5789809272914461,1.3799935723571486,-2.483948872353927
-0.5421640621655011,1.3799935723571486,-2.4908917464720215
-0.505347197039556,1.3799935723571486,-2.498676322638904
-0.46853033191361093,1.3799935723571486,-2.5065719269821813
-0.43171346678766587,1.3799935723571486,-2.5147805063478406
-0.3948966016617208,1.3799935723571486,-2.5239059004487334
-0.35807973653577574,1.3799935723571486,-2.532334868939081
-0.32126287140983045,1.3799935723571486,-2.541556120243922
-0.2844460062838854,1.3799935723571486,-2.5514506794534295
-0.24762914115794032,1.3799935723571486,-2.56180517480397
-0.21081227603199526,1.3799935723571486,
-0.1739954109060502,1.3799935723571486,
-0.13717854578010513,1.3799935723571486,
-0.10036168065415985,1.3799935723571486,
-0.06354481552821478,1.3799935723571486,
-0.026727950402269718,1.3799935723571486,
0.010088914723675346,1.3799935723571486,
0.04690577984962041,1.3799935723571486,
0.08372264497556547,1.3799935723571486,
0.12053951010151076,1.3799935723571486,
0.15735637522745582,1.3799935723571486,
0.1941732403534009,1.3799935723571486,
0.23099010547934595,1.3799935723571486,
0.267806970605291,1.3799935723571486,
0.3046238357312361,1.3799935723571486,
0.34144070085718115,1.3799935723571486,
0.3782575659831262,1.3799935723571486,
0.4150744311090713,1.3799935723571486,
0.45189129623501634,1.3799935723571486,
0.48870816136096185,1.3799935723571486,
0.5255250264869069,1.3799935723571486,
0.562341891612852,1.3799935723571486,
0.599158756738797,1.3799935723571486,
0.6359756218647421,1.3799935723571486,
0.6727924869906872,1.3799935723571486,
0.7096093521166322,1.3799935723571486,
0.7464262172425773,1.3799935723571486,
0.7832430823685224,1.3799935723571486,
0.8200599474944674,1.3799935723571486,
0.8568768126204125,1.3799935723571486,
0.8936936777463576,1.3799935723571486,
0.9305105428723026,1.3799935723571486,
0.9673274079982481,1.3799935723571486,
1.0041442731241932,1.3799935723571486,
1.0409611382501383,1.3799935723571486,
1.0777780033760833,1.3799935723571486,
1.1145948685020284,1.3799935723571486,
1.1514117336279734,1.3799935723571486,
1.1882285987539185,1.3799935723571486,
1.2250454638798636,1.3799935723571486,
1.2618623290058086,1.3799935723571486,
1.2986791941317537,1.3799935723571486,
1.3354960592576988,1.3799935723571486,
1.3723129243836438,1.3799935723571486,
1.409129789509589,1.3799935723571486,
1.4459466546355344,1.3799935723571486,
1.4827635197614795,1.3799935723571486,
1.5195803848874245,1.3799935723571486,
1.5563972500133696,1.3799935723571486,
1.5932141151393147,1.3799935723571486,
1.6300309802652597,1.3799935723571486,
1.6668478453912048,1.3799935723571486,
1.7036647105171498,1.3799935723571486,
1.740481575643095,1.3799935723571486,
1.77729844076904,1.3799935723571486,
1.814115305894985,1.3799935723571486,
1.85093217102093,1.3799935723571486,
1.8877490361468756,1.3799935723571486,
1.9245659012728207,1.3799935723571486,
1.9613827663987657,1.3799935723571486,
1.9981996315247104,1.3799935723571486,
-1.646670015943854,1.4125967628636569,
-1.609853150817909,1.4125967628636569,
-1.573036285691964,1.4125967628636569,
-1.536219420566019,1.4125967628636569,
-1.4994025554400736,1.4125967628636569,
-1.4625856903141286,1.4125967628636569,
-1.4257688251881835,1.4125967628636569,
-1.3889519600622384,1.4125967628636569,
-1.3521350949362934,1.4125967628636569,
-1.315318229810348,1.4125967628636569,
-1.278501364684403,1.4125967628636569,
-1.241684499558458,1.4125967628636569,
-1.2048676344325129,1.4125967628636569,
-1.1680507693065678,1.4125967628636569,-2.4341147146977824
-1.1312339041806228,1.4125967628636569,-2.433804385148282
-1.0944170390546777,1.4125967628636569,-2.434903586529888
-1.0576001739287326,1.4125967628636569,-2.4354537665617046
-1.0207833088027876,1.4125967628636569,-2.436941531136572
-0.9839664436768423,1.4125967628636569,-2.4394439541936253
-0.9471495785508972,1.4125967628636569,-2.441878154740263
-0.9103327134249521,1.4125967628636569,-2.4452124538081987
-0.873515848299007,1.4125967628636569,-2.4482925161554054
-0.8366989831730619,1.4125967628636569,-2.4519086747681604
-0.7998821180471168,1.4125967628636569,-2.4563488570954246
-0.7630652529211717,1.4125967628636569,-2.4615679768650045
-0.7262483877952266,1.4125967628636569,-2.4664234171052613
-0.6894315226692815,1.4125967628636569,-2.471302630506971
-0.6526146575433365,1.4125967628636569,-2.477699951078279
-0.6157977924173914,1.4125967628636569,-2.4843049807697763
-0.5789809272914461,1.4125967628636569,-2.4915080549859434
-0.5421640621655011,1.4125967628636569,-2.4988048246821144
-0.505347197039556,1.4125967628636569,-2.506478541394002
-0.46853033191361093,1.4125967628636569,-2.5145028966162286
-0.43171346678766587,1.4125967628636569,-2.5226453932281014
-0.3948966016617208,1.4125967628636569,-2.5323250662330112
-0.35807973653577574,1.4125967628636569,-2.541588235748543
-0.32126287140983045,1.4125967628636569,-2.550848298051884
-0.2844460062838854,1.4125967628636569,-2.561054910807361
-0.24762914115794032,1.4125967628636569,
-0.21081227603199526,1.4125967628636569,
-0.1739954109060502,1.4125967628636569,
-0.13717854578010513,1.4125967628636569,
-0.10036168065415985,1.4125967628636569,
-0.06354481552821478,1.4125967628636569,
-0.026727950402269718,1.4125967628636569,
0.010088914723675346,1.4125967628636569,
0.04690577984962041,1.4125967628636569,
0.08372264497556547,1.4125967628636569,
0.12053951010151076,1.4125967628636569,
0.15735637522745582,1.4125967628636569,
0.1941732403534009,1.4125967628636569,
0.23099010547934595,1.4125967628636569,
0.267806970605291,1.4125967628636569,
0.3046238357312361,1.4125967628636569,
0.34144070085718115,1.4125967628636569,
0.3782575659831262,1.4125967628636569,
0.4150744311090713,1.4125967628636569,
0.45189129623501634,1.4125967628636569,
0.48870816136096185,1.4125967628636569,
0.5255250264869069,1.4125967628636569,
0.562341891612852,1.4125967628636569,
0.599158756738797,1.4125967628636569,
0.6359756218647421,1.4125967628636569,
0.6727924869906872,1.4125967628636569,
0.7096093521166322,1.4125967628636569,
0.7464262172425773,1.4125967628636569,
0.7832430823685224,1.4125967628636569,
0.8200599474944674,1.4125967628636569,
0.8568768126204125,1.4125967628636569,
0.8936936777463576,1.4125967628636569,
0.9305105428723026,1.4125967628636569,
0.9673274079982481,1.4125967628636569,
1.0041442731241932,1.4125967628636569,
1.0409611382501383,1.4125967628636569,
1.0777780033760833,1.4125967628636569,
1.1145948685020284,1.4125967628636569,
1.1514117336279734,1.4125967628636569,
1.1882285987539185,1.4125967628636569,
1.2250454638798636,1.4125967628636569,
1.2618623290058086,1.4125967628636569,
1.2986791941317537,1.4125967628636569,
1.3354960592576988,1.4125967628636569,
1.3723129243836438,1.4125967628636569,
1.409129789509589,1.4125967628636569,
1.4459466546355344,1.4125967628636569,
1.4827635197614795,1.4125967628636569,
1.5195803848874245,1.4125967628636569,
1.5563972500133696,1.4125967628636569,
1.5932141151393147,1.4125967628636569,
1.6300309802652597,1.4125967628636569,
1.6668478453912048,1.4125967628636569,
1.7036647105171498,1.4125967628636569,
1.740481575643095,1.4125967628636569,
1.77729844076904,1.4125967628636569,
1.814115305894985,1.4125967628636569,
1.85093217102093,1.4125967628636569,
1.8877490361468756,1.4125967628636569,
1.9245659012728207,1.4125967628636569,
1.9613827663987657,1.4125967628636569,
1.9981996315247104,1.4125967628636569,
-1.646670015943854,1.4451999533701647,
-1.609853150817909,1.4451999533701647,
-1.573036285691964,1.4451999533701647,
-1.536219420566019,1.4451999533701647,
-1.4994025554400736,1.4451999533701647,
-1.4625856903141286,1.4451999533701647,
-1.4257688251881835,1.4451999533701647,
-1.3889519600622384,1.4451999533701647,
-1.3521350949362934,1.4451999533701647,
-1.315318229810348,1.4451999533701647,
-1.278501364684403,1.4451999533701647,
-1.241684499558458,1.4451999533701647,
-1.2048676344325129,1.4451999533701647,-2.4347329435837146
-1.1680507693065678,1.4451999533701647,-2.435133213899662
-1.1312339041806228,1.4451999533701647,-2.435071829184668
-1.0944170390546777,1.4451999533701647,-2.436493731657922
-1.0576001739287326,1.4451999533701647,-2.438108274482771
-1.0207833088027876,1.4451999533701647,-2.4397861466880335
-0.9839664436768423,1.4451999533701647,-2.4423270038984644
-0.9471495785508972,1.4451999533701647,-2.4455875579401485
-0.9103327134249521,1.4451999533701647,-2.4488401084780116
-0.873515848299007,1.4451999533701647,-2.452724509097834
-0.8366989831730619,1.4451999533701647,-2.4566971904423314
-0.7998821180471168,1.4451999533701647,-2.4616807606471194
-0.7630652529211717,1.4451999533701647,-2.466994891760621
-0.7262483877952266,1.4451999533701647,-2.4721999782934425
-0.6894315226692815,1.4451999533701647,-2.47800573591288
-0.6526146575433365,1.4451999533701647,-2.484763722221871
-0.6157977924173914,1.4451999533701647,-2.4920081749881433
-0.5789809272914461,1.4451999533701647,-2.4994175667629857
-0.5421640621655011,1.4451999533701647,-2.5074247514840313
-0.505347197039556,1.4451999533701647,-2.5151300928839055
-0.46853033191361093,1.4451999533701647,-2.5229877068999103
-0.43171346678766587,1.4451999533701647,-2.5315315236097153
-0.3948966016617208,1.4451999533701647,-2.5411412896541608
-0.35807973653577574,1.4451999533701647,-2.550645054446282
-0.32126287140983045,1.4451999533701647,-2.560257153313199
-0.2844460062838854,1.4451999533701647,
-0.24762914115794032,1.4451999533701647,
-0.21081227603199526,1.4451999533701647,
-0.1739954109060502,1.4451999533701647,
-0.13717854578010513,1.4451999533701647,
-0.10036168065415985,1.4451999533701647,
-0.06354481552821478,1.4451999533701647,
-0.026727950402269718,1.4451999533701647,
0.010088914723675346,1.4451999533701647,
0.04690577984962041,1.4451999533701647,
0.08372264497556547,1.4451999533701647,
0.12053951010151076,1.4451999533701647,
0.15735637522745582,1.4451999533701647,
0.1941732403534009,1.4451999533701647,
0.23099010547934595,1.4451999533701647,
0.267806970605291,1.4451999533701647,
0.3046238357312361,1.4451999533701647,
0.34144070085718115,1.4451999533701647,
0.3782575659831262,1.4451999533701647,
0.4150744311090713,1.4451999533701647,
0.45189129623501634,1.4451999533701647,
0.48870816136096185,1.4451999533701647,
0.5255250264869069,1.4451999533701647,
0.562341891612852,1.4451999533701647,
0.599158756738797,1.4451999533701647,
0.6359756218647421,1.4451999533701647,
0.6727924869906872,1.4451999533701647,
0.7096093521166322,1.4451999533701647,
0.7464262172425773,1.4451999533701647,
0.7832430823685224,1.4451999533701647,
0.8200599474944674,1.4451999533701647,
0.8568768126204125,1.4451999533701647,
0.8936936777463576,1.4451999533701647,
0.9305105428723026,1.4451999533701647,
0.9673274079982481,1.4451999533701647,
1.0041442731241932,1.4451999533701647,
1.0409611382501383,1.4451999533701647,
1.0777780033760833,1.4451999533701647,
1.1145948685020284,1.4451999533701647,
1.1514117336279734,1.4451999533701647,
1.1882285987539185,1.4451999533701647,
1.2250454638798636,1.4451999533701647,
1.2618623290058086,1.4451999533701647,
1.2986791941317537,1.4451999533701647,
1.3354960592576988,1.4451999533701647,
1.3723129243836438,1.4451999533701647,
1.409129789509589,1.4451999533701647,
1.4459466546355344,1.4451999533701647,
1.4827635197614795,1.4451999533701647,
1.5195803848874245,1.4451999533701647,
1.5563972500133696,1.4451999533701647,
1.5932141151393147,1.4451999533701647,
1.6300309802652597,1.4451999533701647,
1.6668478453912048,1.4451999533701647,
1.7036647105171498,1.4451999533701647,
1.740481575643095,1.4451999533701647,
1.77729844076904,1.4451999533701647,
1.814115305894985,1.4451999533701647,
1.85093217102093,1.4451999533701647,
1.8877490361468756,1.4451999533701647,
1.9245659012728207,1.4451999533701647,
1.9613827663987657,1.4451999533701647,
1.9981996315247104,1.4451999533701647,
-1.646670015943854,1.477803143876673,
-1.609853150817909,1.477803143876673,
-1.573036285691964,1.477803143876673,
-1.536219420566019,1.477803143876673,
-1.4994025554400736,1.477803143876673,
-1.4625856903141286,1.477803143876673,
-1.4257688251881835,1.477803143876673,
-1.3889519600622384,1.477803143876673,
-1.3521350949362934,1.477803143876673,
-1.315318229810348,1.477803143876673,
-1.278501364684403,1.477803143876673,
-1.241684499558458,1.477803143876673,-2.435402243753993
-1.2048676344325129,1.477803143876673,-2.43542873607663
-1.1680507693065678,1.477803143876673,-2.4362514626212564
-1.1312339041806228,1.477803143876673,-2.4373079706315424
-1.0944170390546777,1.477803143876673,-2.4388587920712355
-1.0576001739287326,1.477803143876673,-2.440503391632599
-1.0207833088027876,1.477803143876673,-2.4429191139544875
-0.9839664436768423,1.477803143876673,-2.4460252956157893
-0.9471495785508972,1.477803143876673,-2.4496748242193496
-0.9103327134249521,1.477803143876673,-2.4530410955520026
-0.873515848299007,1.477803143876673,-2.4573936417946514
-0.8366989831730619,1.477803143876673,-2.4617105480742336
-0.7998821180471168,1.477803143876673,-2.4669231176527484
-0.7630652529211717,1.477803143876673,-2.4730430377325967
-0.7262483877952266,1.477803143876673,-2.4789358511865265
-0.6894315226692815,1.477803143876673,-2.4853138349780814
-0.6526146575433365,1.477803143876673,-2.492694135886268
-0.6157977924173914,1.477803143876673,-2.500046847748505
-0.5789809272914461,1.477803143876673,-2.5074304797118265
-0.5421640621655011,1.477803143876673,-2.5155364322434552
-0.505347197039556,1.477803143876673,-2.524028374823176
-0.46853033191361093,1.477803143876673,-2.5323242234150056
-0.43171346678766587,1.477803143876673,-2.5408284524845577
-0.3948966016617208,1.477803143876673,-2.5504628976585444
-0.35807973653577574,1.477803143876673,
-0.32126287140983045,1.477803143876673,
-0.2844460062838854,1.477803143876673,
-0.24762914115794032,1.477803143876673,
-0.21081227603199526,1.477803143876673,
-0.1739954109060502,1.477803143876673,
-0.13717854578010513,1.477803143876673,
-0.10036168065415985,1.477803143876673,
-0.06354481552821478,1.477803143876673,
-0.026727950402269718,1.477803143876673,
0.010088914723675346,1.477803143876673,
0.04690577984962041,1.477803143876673,
0.08372264497556547,1.477803143876673,
0.12053951010151076,1.477803143876673,
0.15735637522745582,1.477803143876673,
0.1941732403534009,1.477803143876673,
0.23099010547934595,1.477803143876673,
0.267806970605291,1.477803143876673,
0.3046238357312361,1.477803143876673,
0.34144070085718115,1.477803143876673,
0.3782575659831262,1.477803143876673,
0.4150744311090713,1.477803143876673,
0.45189129623501634,1.477803143876673,
0.48870816136096185,1.477803143876673,
0.5255250264869069,1.477803143876673,
0.562341891612852,1.477803143876673,
0.599158756738797,1.477803143876673,
0.6359756218647421,1.477803143876673,
0.6727924869906872,1.477803143876673,
0.7096093521166322,1.477803143876673,
0.7464262172425773,1.477803143876673,
0.7832430823685224,1.477803143876673,
0.8200599474944674,1.477803143876673,
0.8568768126204125,1.477803143876673,
0.8936936777463576,1.477803143876673,
0.9305105428723026,1.477803143876673,
0.9673274079982481,1.477803143876673,
1.0041442731241932,1.477803143876673,
1.0409611382501383,1.477803143876673,
1.0777780033760833,1.477803143876673,
1.1145948685020284,1.477803143876673,
1.1514117336279734,1.477803143876673,
1.1882285987539185,1.477803143876673,
1.2250454638798636,1.477803143876673,
1.2618623290058086,1.477803143876673,
1.2986791941317537,1.477803143876673,
1.3354960592576988,1.477803143876673,
1.3723129243836438,1.477803143876673,
1.409129789509589,1.477803143876673,
1.4459466546355344,1.477803143876673,
1.4827635197614795,1.477803143876673,
1.5195803848874245,1.477803143876673,
1.5563972500133696,1.477803143876673,
1.5932141151393147,1.477803143876673,
1.6300309802652597,1.477803143876673,
1.6668478453912048,1.477803143876673,
1.7036647105171498,1.477803143876673,
1.740481575643095,1.477803143876673,
1.77729844076904,1.477803143876673,
1.814115305894985,1.477803143876673,
1.85093217102093,1.477803143876673,
1.8877490361468756,1.477803143876673,
1.9245659012728207,1.477803143876673,
1.9613827663987657,1.477803143876673,
1.9981996315247104,1.477803143876673,
-1.646670015943854,1.5104063343831808,
-1.609853150817909,1.5104063343831808,
-1.573036285691964,1.5104063343831808,
-1.536219420566019,1.5104063343831808,
-1.4994025554400736,1.5104063343831808,
-1.4625856903141286,1.5104063343831808,
-1.4257688251881835,1.5104063343831808,
-1.3889519600622384,1.5104063343831808,
-1.3521350949362934,1.5104063343831808,
-1.315318229810348,1.5104063343831808,
-1.278501364684403,1.5104063343831808,-2.436533747615149
-1.241684499558458,1.5104063343831808,-2.4365015220429673
-1.2048676344325129,1.5104063343831808,-2.4370129730307606
-1.1680507693065678,1.5104063343831808,-2.438427975456336
-1.1312339041806228,1.5104063343831808,-2.439718135927424
-1.0944170390546777,1.5104063343831808,-2.4413985203231956
-1.0576001739287326,1.5104063343831808,-2.4440864145465913
-1.0207833088027876,1.5104063343831808,-2.447402993688814
-0.9839664436768423,1.5104063343831808,-2.450025829373551
-0.9471495785508972,1.5104063343831808,-2.4543447949493644
-0.9103327134249521,1.5104063343831808,-2.458274702565434
-0.873515848299007,1.5104063343831808,-2.4629903377451052
-0.8366989831730619,1.5104063343831808,-2.4669657714864353
-0.7998821180471168,1.5104063343831808,-2.473021768875378
-0.7630652529211717,1.5104063343831808,-2.4794615474847523
-0.7262483877952266,1.5104063343831808,-2.4858230040137084
-0.6894315226692815,1.5104063343831808,-2.4929601086479103
-0.6526146575433365,1.5104063343831808,-2.500400608323182
-0.6157977924173914,1.5104063343831808,-2.5080807610025904
-0.5789809272914461,1.5104063343831808,-2.515443392660667
-0.5421640621655011,1.5104063343831808,-2.5235286559046655
-0.505347197039556,1.5104063343831808,-2.5314952036586327
-0.46853033191361093,1.5104063343831808,-2.540822060562034
-0.43171346678766587,1.5104063343831808,-2.5508485025341607
-0.3948966016617208,1.5104063343831808,
-0.35807973653577574,1.5104063343831808,
-0.32126287140983045,1.5104063343831808,
-0.2844460062838854,1.5104063343831808,
-0.24762914115794032,1.5104063343831808,
-0.21081227603199526,1.5104063343831808,
-0.1739954109060502,1.5104063343831808,
-0.13717854578010513,1.5104063343831808,
-0.10036168065415985,1.5104063343831808,
-0.06354481552821478,1.5104063343831808,
-0.026727950402269718,1.5104063343831808,
0.010088914723675346,1.5104063343831808,
0.04690577984962041,1.5104063343831808,
0.08372264497556547,1.5104063343831808,
0.12053951010151076,1.5104063343831808,
0.15735637522745582,1.5104063343831808,
0.1941732403534009,1.5104063343831808,
0.23099010547934595,1.5104063343831808,
0.267806970605291,1.5104063343831808,
0.3046238357312361,1.5104063343831808,
0.34144070085718115,1.5104063343831808,
0.3782575659831262,1.5104063343831808,
0.4150744311090713,1.5104063343831808,
0.45189129623501634,1.5104063343831808,
0.48870816136096185,1.5104063343831808,
0.5255250264869069,1.5104063343831808,
0.562341891612852,1.5104063343831808,
0.599158756738797,1.5104063343831808,
0.6359756218647421,1.5104063343831808,
0.6727924869906872,1.5104063343831808,
0.7096093521166322,1.5104063343831808,
0.7464262172425773,1.5104063343831808,
0.7832430823685224,1.5104063343831808,
0.8200599474944674,1.5104063343831808,
0.8568768126204125,1.5104063343831808,
0.8936936777463576,1.5104063343831808,
0.9305105428723026,1.5104063343831808,
0.9673274079982481,1.5104063343831808,
1.0041442731241932,1.5104063343831808,
1.0409611382501383,1.5104063343831808,
1.0777780033760833,1.5104063343831808,
1.1145948685020284,1.5104063343831808,
1.1514117336279734,1.5104063343831808,
1.1882285987539185,1.5104063343831808,
1.2250454638798636,1.5104063343831808,
1.2618623290058086,1.5104063343831808,
1.2986791941317537,1.5104063343831808,
1.3354960592576988,1.5104063343831808,
1.3723129243836438,1.5104063343831808,
1.409129789509589,1.5104063343831808,
1.4459466546355344,1.5104063343831808,
1.4827635197614795,1.5104063343831808,
1.5195803848874245,1.5104063343831808,
1.5563972500133696,1.5104063343831808,
1.5932141151393147,1.5104063343831808,
1.6300309802652597,1.5104063343831808,
1.6668478453912048,1.5104063343831808,
1.7036647105171498,1.5104063343831808,
1.740481575643095,1.5104063343831808,
1.77729844076904,1.5104063343831808,
1.814115305894985,1.5104063343831808,
1.85093217102093,1.5104063343831808,
1.8877490361468756,1.5104063343831808,
1.9245659012728207,1.5104063343831808,
1.9613827663987657,1.5104063343831808,
1.9981996315247104,1.5104063343831808,
-1.646670015943854,1.5430095248896891,
-1.609853150817909,1.5430095248896891,
-1.573036285691964,1.5430095248896891,
-1.536219420566019,1.5430095248896891,
-1.4994025554400736,1.5430095248896891,
-1.4625856903141286,1.5430095248896891,
-1.4257688251881835,1.5430095248896891,
-1.3889519600622384,1.5430095248896891,
-1.3521350949362934,1.5430095248896891,
-1.315318229810348,1.5430095248896891,
-1.278501364684403,1.5430095248896891,-2.4373636303026873
-1.241684499558458,1.5430095248896891,-2.4379653352156807
-1.2048676344325129,1.5430095248896891,-2.43888193859565
-1.1680507693065678,1.5430095248896891,-2.4398255971144924
-1.1312339041806228,1.5430095248896891,-2.4421988222413242
-1.0944170390546777,1.5430095248896891,-2.444531753231636
-1.0576001739287326,1.5430095248896891,-2.4474373798061495
-1.0207833088027876,1.5430095248896891,-2.4508029642034166
-0.9839664436768423,1.5430095248896891,-2.4544282798289987
-0.9471495785508972,1.5430095248896891,-2.4589980112788643
-0.9103327134249521,1.5430095248896891,-2.4632539828105537
-0.873515848299007,1.5430095248896891,-2.468244015255665
-0.8366989831730619,1.5430095248896891,-2.4740473651708363
-0.7998821180471168,1.5430095248896891,-2.4800987814809643
-0.7630652529211717,1.5430095248896891,-2.4867022008516937
-0.7262483877952266,1.5430095248896891,-2.4927047760736896
-0.6894315226692815,1.5430095248896891,-2.5001939778576485
-0.6526146575433365,1.5430095248896891,-2.508021793039595
-0.6157977924173914,1.5430095248896891,-2.515612253976444
-0.5789809272914461,1.5430095248896891,-2.523476746208192
-0.5421640621655011,1.5430095248896891,-2.5322737470070216
-0.505347197039556,1.5430095248896891,-2.5413065540671007
-0.46853033191361093,1.5430095248896891,
-0.43171346678766587,1.5430095248896891,
-0.3948966016617208,1.5430095248896891,
-0.35807973653577574,1.5430095248896891,
-0.32126287140983045,1.5430095248896891,
-0.2844460062838854,1.5430095248896891,
-0.24762914115794032,1.5430095248896891,
-0.21081227603199526,1.5430095248896891,
-0.1739954109060502,1.5430095248896891,
-0.13717854578010513,1.5430095248896891,
-0.10036168065415985,1.5430095248896891,
-0.06354481552821478,1.5430095248896891,
-0.026727950402269718,1.5430095248896891,
0.010088914723675346,1.5430095248896891,
0.04690577984962041,1.5430095248896891,
0.08372264497556547,1.5430095248896891,
0.12053951010151076,1.5430095248896891,
0.15735637522745582,1.5430095248896891,
0.1941732403534009,1.5430095248896891,
0.23099010547934595,1.5430095248896891,
0.267806970605291,1.5430095248896891,
0.3046238357312361,1.5430095248896891,
0.34144070085718115,1.5430095248896891,
0.3782575659831262,1.5430095248896891,
0.4150744311090713,1.5430095248896891,
0.45189129623501634,1.5430095248896891,
0.48870816136096185,1.5430095248896891,
0.5255250264869069,1.5430095248896891,
0.562341891612852,1.5430095248896891,
0.599158756738797,1.5430095248896891,
0.6359756218647421,1.5430095248896891,
0.6727924869906872,1.5430095248896891,
0.7096093521166322,1.5430095248896891,
0.7464262172425773,1.5430095248896891,
0.7832430823685224,1.5430095248896891,
0.8200599474944674,1.5430095248896891,
0.8568768126204125,1.5430095248896891,
0.8936936777463576,1.5430095248896891,
0.9305105428723026,1.5430095248896891,
0.9673274079982481,1.5430095248896891,
1.0041442731241932,1.5430095248896891,
1.0409611382501383,1.5430095248896891,
1.0777780033760833,1.5430095248896891,
1.1145948685020284,1.5430095248896891,
1.1514117336279734,1.5430095248896891,
1.1882285987539185,1.5430095248896891,
1.2250454638798636,1.5430095248896891,
1.2618623290058086,1.5430095248896891,
1.2986791941317537,1.5430095248896891,
1.3354960592576988,1.5430095248896891,
1.3723129243836438,1.5430095248896891,
1.409129789509589,1.5430095248896891,
1.4459466546355344,1.5430095248896891,
1.4827635197614795,1.5430095248896891,
1.5195803848874245,1.5430095248896891,
1.5563972500133696,1.5430095248896891,
1.5932141151393147,1.5430095248896891,
1.6300309802652597,1.5430095248896891,
1.6668478453912048,1.5430095248896891,
1.7036647105171498,1.5430095248896891,
1.740481575643095,1.5430095248896891,
1.77729844076904,1.5430095248896891,
1.814115305894985,1.5430095248896891,
1.85093217102093,1.5430095248896891,
1.8877490361468756,1.5430095248896891,
1.9245659012728207,1.5430095248896891,
1.9613827663987657,1.5430095248896891,
1.9981996315247104,1.5430095248896891,
-1.646670015943854,1.575612715396197,
-1.609853150817909,1.575612715396197,
-1.573036285691964,1.575612715396197,
-1.536219420566019,1.575612715396197,
-1.4994025554400736,1.575612715396197,
-1.4625856903141286,1.575612715396197,
-1.4257688251881835,1.575612715396197,
-1.3889519600622384,1.575612715396197,
-1.3521350949362934,1.575612715396197,
-1.315318229810348,1.575612715396197,-2.4380054858729543
-1.278501364684403,1.575612715396197,-2.4384186003941464
-1.241684499558458,1.575612715396197,-2.4394785692702694
-1.2048676344325129,1.575612715396197,-2.4405279109281737
-1.1680507693065678,1.575612715396197,-2.4425622773591904
-1.1312339041806228,1.575612715396197,-2.4451441283378523
-1.0944170390546777,1.575612715396197,-2.448203658915871
-1.0576001739287326,1.575612715396197,-2.4516767314362355
-1.0207833088027876,1.575612715396197,-2.454747332396832
-0.9839664436768423,1.575612715396197,-2.4589485087989913
-0.9471495785508972,1.575612715396197,-2.463782718376112
-0.9103327134249521,1.575612715396197,-2.4689563874356533
-0.873515848299007,1.575612715396197,-2.47433605268813
-0.8366989831730619,1.575612715396197,-2.4801329268157826
-0.7998821180471168,1.575612715396197,-2.486283505643053
-0.7630652529211717,1.575612715396197,-2.493340867961912
-0.7262483877952266,1.575612715396197,-2.5002258549208003
-0.6894315226692815,1.575612715396197,-2.507766899674987
-0.6526146575433365,1.575612715396197,-2.5152053481387484
-0.6157977924173914,1.575612715396197,-2.523722318773609
-0.5789809272914461,1.575612715396197,-2.532198626474799
-0.5421640621655011,1.575612715396197,-2.541656269899691
-0.505347197039556,1.575612715396197,
-0.46853033191361093,1.575612715396197,
-0.43171346678766587,1.575612715396197,
-0.3948966016617208,1.575612715396197,
-0.35807973653577574,1.575612715396197,
-0.32126287140983045,1.575612715396197,
-0.2844460062838854,1.575612715396197,
-0.24762914115794032,1.575612715396197,
-0.21081227603199526,1.575612715396197,
-0.1739954109060502,1.575612715396197,
-0.13717854578010513,1.575612715396197,
-0.10036168065415985,1.575612715396197,
-0.06354481552821478,1.575612715396197,
-0.026727950402269718,1.575612715396197,
0.010088914723675346,1.575612715396197,
0.04690577984962041,1.575612715396197,
0.08372264497556547,1.575612715396197,
0.12053951010151076,1.575612715396197,
0.15735637522745582,1.575612715396197,
0.1941732403534009,1.575612715396197,
0.23099010547934595,1.575612715396197,
0.267806970605291,1.575612715396197,
0.3046238357312361,1.575612715396197,
0.34144070085718115,1.575612715396197,
0.3782575659831262,1.575612715396197,
0.4150744311090713,1.575612715396197,
0.45189129623501634,1.575612715396197,
0.48870816136096185,1.575612715396197,
0.5255250264869069,1.575612715396197,
0.562341891612852,1.575612715396197,
0.599158756738797,1.575612715396197,
0.6359756218647421,1.575612715396197,
0.6727924869906872,1.575612715396197,
0.7096093521166322,1.575612715396197,
0.7464262172425773,1.575612715396197,
0.7832430823685224,1.575612715396197,
0.8200599474944674,1.575612715396197,
0.8568768126204125,1.575612715396197,
0.8936936777463576,1.575612715396197,
0.9305105428723026,1.575612715396197,
0.9673274079982481,1.575612715396197,
1.0041442731241932,1.575612715396197,
1.0409611382501383,1.575612715396197,
1.0777780033760833,1.575612715396197,
1.1145948685020284,1.575612715396197,
1.1514117336279734,1.575612715396197,
1.1882285987539185,1.575612715396197,
1.2250454638798636,1.575612715396197,
1.2618623290058086,1.575612715396197,
1.2986791941317537,1.575612715396197,
1.3354960592576988,1.575612715396197,
1.3723129243836438,1.575612715396197,
1.409129789509589,1.575612715396197,
1.4459466546355344,1.575612715396197,
1.4827635197614795,1.575612715396197,
1.5195803848874245,1.575612715396197,
1.5563972500133696,1.575612715396197,
1.5932141151393147,1.575612715396197,
1.6300309802652597,1.575612715396197,
1.6668478453912048,1.575612715396197,
1.7036647105171498,1.575612715396197,
1.740481575643095,1.575612715396197,
1.77729844076904,1.575612715396197,
1.814115305894985,1.575612715396197,
1.85093217102093,1.575612715396197,
1.8877490361468756,1.575612715396197,
1.9245659012728207,1.575612715396197,
1.9613827663987657,1.575612715396197,
1.9981996315247104,1.575612715396197,
-1.646670015943854,1.6082159059027048,
-1.609853150817909,1.6082159059027048,
-1.573036285691964,1.6082159059027048,
-1.536219420566019,1.6082159059027048,
-1.4994025554400736,1.6082159059027048,
-1.4625856903141286,1.6082159059027048,
-1.4257688251881835,1.6082159059027048,
-1.3889519600622384,1.6082159059027048,
-1.3521350949362934,1.6082159059027048,-2.4388862916039513
-1.315318229810348,1.6082159059027048,-2.439404526121409
-1.278501364684403,1.6082159059027048,-2.440231502405144
-1.241684499558458,1.6082159059027048,-2.441654942664083
-1.2048676344325129,1.6082159059027048,-2.4434165776297974
-1.1680507693065678,1.6082159059027048,-2.4458675285195395
-1.1312339041806228,1.6082159059027048,-2.4483184794092816
-1.0944170390546777,1.6082159059027048,-2.451948011836909
-1.0576001739287326,1.6082159059027048,-2.4558258732413654
-1.0207833088027876,1.6082159059027048,-2.4597087802393816
-0.9839664436768423,1.6082159059027048,-2.4642712084118843
-0.9471495785508972,1.6082159059027048,-2.469729496095913
-0.9103327134249521,1.6082159059027048,-2.4750248456850255
-0.873515848299007,1.6082159059027048,-2.4805068007299096
-0.8366989831730619,1.6082159059027048,-2.486685357901023
-0.7998821180471168,1.6082159059027048,-2.493390838782542
-0.7630652529211717,1.6082159059027048,-2.5003698121876563
-0.7262483877952266,1.6082159059027048,-2.50783874135462
-0.6894315226692815,1.6082159059027048,-2.51574356688563
-0.6526146575433365,1.6082159059027048,-2.523729753642374
-0.6157977924173914,1.6082159059027048,-2.532187228403033
-0.5789809272914461,1.6082159059027048,
-0.5421640621655011,1.6082159059027048,
-0.505347197039556,1.6082159059027048,
-0.46853033191361093,1.6082159059027048,
-0.43171346678766587,1.6082159059027048,
-0.3948966016617208,1.6082159059027048,
-0.35807973653577574,1.6082159059027048,
-0.32126287140983045,1.6082159059027048,
-0.2844460062838854,1.6082159059027048,
-0.24762914115794032,1.6082159059027048,
-0.21081227603199526,1.6082159059027048,
-0.1739954109060502,1.6082159059027048,
-0.13717854578010513,1.6082159059027048,
-0.10036168065415985,1.6082159059027048,
-0.06354481552821478,1.6082159059027048,
-0.026727950402269718,1.6082159059027048,
0.010088914723675346,1.6082159059027048,
0.04690577984962041,1.6082159059027048,
0.08372264497556547,1.6082159059027048,
0.12053951010151076,1.6082159059027048,
0.15735637522745582,1.6082159059027048,
0.1941732403534009,1.6082159059027048,
0.23099010547934595,1.6082159059027048,
0.267806970605291,1.6082159059027048,
0.3046238357312361,1.6082159059027048,
0.34144070085718115,1.6082159059027048,
0.3782575659831262,1.6082159059027048,
0.4150744311090713,1.6082159059027048,
0.45189129623501634,1.6082159059027048,
0.48870816136096185,1.6082159059027048,
0.5255250264869069,1.6082159059027048,
0.562341891612852,1.6082159059027048,
0.599158756738797,1.6082159059027048,
0.6359756218647421,1.6082159059027048,
0.6727924869906872,1.6082159059027048,
0.7096093521166322,1.6082159059027048,
0.7464262172425773,1.6082159059027048,
0.7832430823685224,1.6082159059027048,
0.8200599474944674,1.6082159059027048,
0.8568768126204125,1.6082159059027048,
0.8936936777463576,1.6082159059027048,
0.9305105428723026,1.6082159059027048,
0.9673274079982481,1.6082159059027048,
1.0041442731241932,1.6082159059027048,
1.0409611382501383,1.6082159059027048,
1.0777780033760833,1.6082159059027048,
1.1145948685020284,1.6082159059027048,
1.1514117336279734,1.6082159059027048,
1.1882285987539185,1.6082159059027048,
1.2250454638798636,1.6082159059027048,
1.2618623290058086,1.6082159059027048,
1.2986791941317537,1.6082159059027048,
1.3354960592576988,1.6082159059027048,
1.3723129243836438,1.6082159059027048,
1.409129789509589,1.6082159059027048,
1.4459466546355344,1.6082159059027048,
1.4827635197614795,1.6082159059027048,
1.5195803848874245,1.6082159059027048,
1.5563972500133696,1.6082159059027048,
1.5932141151393147,1.6082159059027048,
1.6300309802652597,1.6082159059027048,
1.6668478453912048,1.6082159059027048,
1.7036647105171498,1.6082159059027048,
1.740481575643095,1.6082159059027048,
1.77729844076904,1.6082159059027048,
1.814115305894985,1.6082159059027048,
1.85093217102093,1.6082159059027048,
1.8877490361468756,1.6082159059027048,
1.9245659012728207,1.6082159059027048,
1.9613827663987657,1.6082159059027048,
1.9981996315247104,1.6082159059027048,
-1.646670015943854,1.640819096409213,
-1.609853150817909,1.640819096409213,
-1.573036285691964,1.640819096409213,
-1.536219420566019,1.640819096409213,
-1.4994025554400736,1.640819096409213,
-1.4625856903141286,1.640819096409213,
-1.4257688251881835,1.640819096409213,
-1.3889519600622384,1.640819096409213,-2.4399500094126014
-1.3521350949362934,1.640819096409213,-2.4402077966680955
-1.315318229810348,1.640819096409213,-2.441425539752538
-1.278501364684403,1.640819096409213,-2.442738706923631
-1.241684499558458,1.640819096409213,-2.4446204790966553
-1.2048676344325129,1.640819096409213,-2.4473418219048733
-1.1680507693065678,1.640819096409213,-2.450223228690967
-1.1312339041806228,1.640819096409213,-2.453104635477061
-1.0944170390546777,1.640819096409213,-2.4566556723604234
-1.0576001739287326,1.640819096409213,-2.460870106541157
-1.0207833088027876,1.640819096409213,-2.4654198914935854
-0.9839664436768423,1.640819096409213,-2.470566087334531
-0.9471495785508972,1.640819096409213,-2.475712283175477
-0.9103327134249521,1.640819096409213,-2.48134086538395
-0.873515848299007,1.640819096409213,-2.487191922488417
-0.8366989831730619,1.640819096409213,-2.493771495239782
-0.7998821180471168,1.640819096409213,-2.500664069427957
-0.7630652529211717,1.640819096409213,-2.5086655303586123
-0.7262483877952266,1.640819096409213,-2.51602325261552
-0.6894315226692815,1.640819096409213,-2.523539099128841
-0.6526146575433365,1.640819096409213,-2.532495230643288
-0.6157977924173914,1.640819096409213,
-0.5789809272914461,1.640819096409213,
-0.5421640621655011,1.640819096409213,
-0.505347197039556,1.640819096409213,
-0.46853033191361093,1.640819096409213,
-0.43171346678766587,1.640819096409213,
-0.3948966016617208,1.640819096409213,
-0.35807973653577574,1.640819096409213,
-0.32126287140983045,1.640819096409213,
-0.2844460062838854,1.640819096409213,
-0.24762914115794032,1.640819096409213,
-0.21081227603199526,1.640819096409213,
-0.1739954109060502,1.640819096409213,
-0.13717854578010513,1.640819096409213,
-0.10036168065415985,1.640819096409213,
-0.06354481552821478,1.640819096409213,
-0.026727950402269718,1.640819096409213,
0.010088914723675346,1.640819096409213,
0.04690577984962041,1.640819096409213,
0.08372264497556547,1.640819096409213,
0.12053951010151076,1.640819096409213,
0.15735637522745582,1.640819096409213,
0.1941732403534009,1.640819096409213,
0.23099010547934595,1.640819096409213,
0.267806970605291,1.640819096409213,
0.3046238357312361,1.640819096409213,
0.34144070085718115,1.640819096409213,
0.3782575659831262,1.640819096409213,
0.4150744311090713,1.640819096409213,
0.45189129623501634,1.640819096409213,
0.48870816136096185,1.640819096409213,
0.5255250264869069,1.640819096409213,
0.562341891612852,1.640819096409213,
0.599158756738797,1.640819096409213,
0.6359756218647421,1.640819096409213,
0.6727924869906872,1.640819096409213,
0.7096093521166322,1.640819096409213,
0.7464262172425773,1.640819096409213,
0.7832430823685224,1.640819096409213,
0.8200599474944674,1.640819096409213,
0.8568768126204125,1.640819096409213,
0.8936936777463576,1.640819096409213,
0.9305105428723026,1.640819096409213,
0.9673274079982481,1.640819096409213,
1.0041442731241932,1.640819096409213,
1.0409611382501383,1.640819096409213,
1.0777780033760833,1.640819096409213,
1.1145948685020284,1.640819096409213,
1.1514117336279734,1.640819096409213,
1.1882285987539185,1.640819096409213,
1.2250454638798636,1.640819096409213,
1.2618623290058086,1.640819096409213,
1.2986791941317537,1.640819096409213,
1.3354960592576988,1.640819096409213,
1.3723129243836438,1.640819096409213,
1.409129789509589,1.640819096409213,
1.4459466546355344,1.640819096409213,
1.4827635197614795,1.640819096409213,
1.5195803848874245,1.640819096409213,
1.5563972500133696,1.640819096409213,
1.5932141151393147,1.640819096409213,
1.6300309802652597,1.640819096409213,
1.6668478453912048,1.640819096409213,
1.7036647105171498,1.640819096409213,
1.740481575643095,1.640819096409213,
1.77729844076904,1.640819096409213,
1.814115305894985,1.640819096409213,
1.85093217102093,1.640819096409213,
1.8877490361468756,1.640819096409213,
1.9245659012728207,1.640819096409213,
1.9613827663987657,1.640819096409213,
1.9981996315247104,1.640819096409213,
-1.646670015943854,1.673422286915721,
-1.609853150817909,1.673422286915721,
-1.573036285691964,1.673422286915721,
-1.536219420566019,1.673422286915721,
-1.4994025554400736,1.673422286915721,
-1.4625856903141286,1.673422286915721,
-1.4257688251881835,1.673422286915721,
-1.3889519600622384,1.673422286915721,-2.441225174736071
-1.3521350949362934,1.673422286915721,-2.442199862075662
-1.315318229810348,1.673422286915721,-2.4435188160463763
-1.278501364684403,1.673422286915721,-2.4452508946203517
-1.241684499558458,1.673422286915721,-2.4480235365096013
-1.2048676344325129,1.673422286915721,-2.4514478091289043
-1.1680507693065678,1.673422286915721,-2.4544134955758787
-1.1312339041806228,1.673422286915721,-2.4573123649317576
-1.0944170390546777,1.673422286915721,-2.461730031606505
-1.0576001739287326,1.673422286915721,-2.466443364950174
-1.0207833088027876,1.673422286915721,-2.4712232695864778
-0.9839664436768423,1.673422286915721,-2.476563516676226
-0.9471495785508972,1.673422286915721,-2.4824077044389
-0.9103327134249521,1.673422286915721,-2.4881087145283853
-0.873515848299007,1.673422286915721,-2.4940274037830097
-0.8366989831730619,1.673422286915721,-2.500665566502299
-0.7998821180471168,1.673422286915721,-2.5083298071979874
-0.7630652529211717,1.673422286915721,-2.5155914442090905
-0.7262483877952266,1.673422286915721,-2.5237291248837304
-0.6894315226692815,1.673422286915721,-2.53440010141522
-0.6526146575433365,1.673422286915721,
-0.6157977924173914,1.673422286915721,
-0.5789809272914461,1.673422286915721,
-0.5421640621655011,1.673422286915721,
-0.505347197039556,1.673422286915721,
-0.46853033191361093,1.673422286915721,
-0.43171346678766587,1.673422286915721,
-0.3948966016617208,1.673422286915721,
-0.35807973653577574,1.673422286915721,
-0.32126287140983045,1.673422286915721,
-0.2844460062838854,1.673422286915721,
-0.24762914115794032,1.673422286915721,
-0.21081227603199526,1.673422286915721,
-0.1739954109060502,1.673422286915721,
-0.13717854578010513,1.673422286915721,
-0.10036168065415985,1.673422286915721,
-0.06354481552821478,1.673422286915721,
-0.026727950402269718,1.673422286915721,
0.010088914723675346,1.673422286915721,
0.04690577984962041,1.673422286915721,
0.08372264497556547,1.673422286915721,
0.12053951010151076,1.673422286915721,
0.15735637522745582,1.673422286915721,
0.1941732403534009,1.673422286915721,
0.23099010547934595,1.673422286915721,
0.267806970605291,1.673422286915721,
0.3046238357312361,1.673422286915721,
0.34144070085718115,1.673422286915721,
0.3782575659831262,1.673422286915721,
0.4150744311090713,1.673422286915721,
0.45189129623501634,1.673422286915721,
0.48870816136096185,1.673422286915721,
0.5255250264869069,1.673422286915721,
0.562341891612852,1.673422286915721,
0.599158756738797,1.673422286915721,
0.6359756218647421,1.673422286915721,
0.6727924869906872,1.673422286915721,
0.7096093521166322,1.673422286915721,
0.7464262172425773,1.673422286915721,
0.7832430823685224,1.673422286915721,
0.8200599474944674,1.673422286915721,
0.8568768126204125,1.673422286915721,
0.8936936777463576,1.673422286915721,
0.9305105428723026,1.673422286915721,
0.9673274079982481,1.673422286915721,
1.0041442731241932,1.673422286915721,
1.0409611382501383,1.673422286915721,
1.0777780033760833,1.673422286915721,
1.1145948685020284,1.673422286915721,
1.1514117336279734,1.673422286915721,
1.1882285987539185,1.673422286915721,
1.2250454638798636,1.673422286915721,
1.2618623290058086,1.673422286915721,
1.2986791941317537,1.673422286915721,
1.3354960592576988,1.673422286915721,
1.3723129243836438,1.673422286915721,
1.409129789509589,1.673422286915721,
1.4459466546355344,1.673422286915721,
1.4827635197614795,1.673422286915721,
1.5195803848874245,1.673422286915721,
1.5563972500133696,1.673422286915721,
1.5932141151393147,1.673422286915721,
1.6300309802652597,1.673422286915721,
1.6668478453912048,1.673422286915721,
1.7036647105171498,1.673422286915721,
1.740481575643095,1.673422286915721,
1.77729844076904,1.673422286915721,
1.814115305894985,1.673422286915721,
1.85093217102093,1.673422286915721,
1.8877490361468756,1.673422286915721,
1.9245659012728207,1.673422286915721,
1.9613827663987657,1.673422286915721,
1.9981996315247104,1.673422286915721,
-1.646670015943854,1.7060254774222292,
-1.609853150817909,1.7060254774222292,
-1.573036285691964,1.7060254774222292,
-1.536219420566019,1.7060254774222292,
-1.4994025554400736,1.7060254774222292,
-1.4625856903141286,1.7060254774222292,
-1.4257688251881835,1.7060254774222292,-2.441736517842558
-1.3889519600622384,1.7060254774222292,-2.442813963333982
-1.3521350949362934,1.7060254774222292,-2.444129506590115
-1.315318229810348,1.7060254774222292,-2.4465528894669535
-1.278501364684403,1.7060254774222292,-2.4488210878489833
-1.241684499558458,1.7060254774222292,-2.451938620315324
-1.2048676344325129,1.7060254774222292,-2.4552392561424856
-1.1680507693065678,1.7060254774222292,-2.458603762460791
-1.1312339041806228,1.7060254774222292,-2.4623312526974037
-1.0944170390546777,1.7060254774222292,-2.4670225969584827
-1.0576001739287326,1.7060254774222292,-2.471927135173976
-1.0207833088027876,1.7060254774222292,-2.4772325595133955
-0.9839664436768423,1.7060254774222292,-2.4831917243400277
-0.9471495785508972,1.7060254774222292,-2.4891434810319963
-0.9103327134249521,1.7060254774222292,-2.4949499260000847
-0.873515848299007,1.7060254774222292,-2.5009605790999316
-0.8366989831730619,1.7060254774222292,-2.508370440322743
-0.7998821180471168,1.7060254774222292,-2.5158653613822324
-0.7630652529211717,1.7060254774222292,-2.523940043458559
-0.7262483877952266,1.7060254774222292,
-0.6894315226692815,1.7060254774222292,
-0.6526146575433365,1.7060254774222292,
-0.6157977924173914,1.7060254774222292,
-0.5789809272914461,1.7060254774222292,
-0.5421640621655011,1.7060254774222292,
-0.505347197039556,1.7060254774222292,
-0.46853033191361093,1.7060254774222292,
-0.43171346678766587,1.7060254774222292,
-0.3948966016617208,1.7060254774222292,
-0.35807973653577574,1.7060254774222292,
-0.32126287140983045,1.7060254774222292,
-0.2844460062838854,1.7060254774222292,
-0.24762914115794032,1.7060254774222292,
-0.21081227603199526,1.7060254774222292,
-0.1739954109060502,1.7060254774222292,
-0.13717854578010513,1.7060254774222292,
-0.10036168065415985,1.7060254774222292,
-0.06354481552821478,1.7060254774222292,
-0.026727950402269718,1.7060254774222292,
0.010088914723675346,1.7060254774222292,
0.04690577984962041,1.7060254774222292,
0.08372264497556547,1.7060254774222292,
0.12053951010151076,1.7060254774222292,
0.15735637522745582,1.7060254774222292,
0.1941732403534009,1.7060254774222292,
0.23099010547934595,1.7060254774222292,
0.267806970605291,1.7060254774222292,
0.3046238357312361,1.7060254774222292,
0.34144070085718115,1.7060254774222292,
0.3782575659831262,1.7060254774222292,
0.4150744311090713,1.7060254774222292,
0.45189129623501634,1.7060254774222292,
0.48870816136096185,1.7060254774222292,
0.5255250264869069,1.7060254774222292,
0.562341891612852,1.7060254774222292,
0.599158756738797,1.7060254774222292,
0.6359756218647421,1.7060254774222292,
0.6727924869906872,1.7060254774222292,
0.7096093521166322,1.7060254774222292,
0.7464262172425773,1.7060254774222292,
0.7832430823685224,1.7060254774222292,
0.8200599474944674,1.7060254774222292,
0.8568768126204125,1.7060254774222292,
0.8936936777463576,1.7060254774222292,
0.9305105428723026,1.7060254774222292,
0.9673274079982481,1.7060254774222292,
1.0041442731241932,1.7060254774222292,
1.0409611382501383,1.7060254774222292,
1.0777780033760833,1.7060254774222292,
1.1145948685020284,1.7060254774222292,
1.1514117336279734,1.7060254774222292,
1.1882285987539185,1.7060254774222292,
1.2250454638798636,1.7060254774222292,
1.2618623290058086,1.7060254774222292,
1.2986791941317537,1.7060254774222292,
1.3354960592576988,1.7060254774222292,
1.3723129243836438,1.7060254774222292,
1.409129789509589,1.7060254774222292,
1.4459466546355344,1.7060254774222292,
1.4827635197614795,1.7060254774222292,
1.5195803848874245,1.7060254774222292,
1.5563972500133696,1.7060254774222292,
1.5932141151393147,1.7060254774222292,
1.6300309802652597,1.7060254774222292,
1.6668478453912048,1.7060254774222292,
1.7036647105171498,1.7060254774222292,
1.740481575643095,1.7060254774222292,
1.77729844076904,1.7060254774222292,
1.814115305894985,1.7060254774222292,
1.85093217102093,1.7060254774222292,
1.8877490361468756,1.7060254774222292,
1.9245659012728207,1.7060254774222292,
1.9613827663987657,1.7060254774222292,
1.9981996315247104,1.7060254774222292,
-1.646670015943854,1.738628667928737,
-1.609853150817909,1.738628667928737,
-1.573036285691964,1.738628667928737,
-1.536219420566019,1.738628667928737,
-1.4994025554400736,1.738628667928737,
-1.4625856903141286,1.738628667928737,-2.4433125379085268
-1.4257688251881835,1.738628667928737,-2.4438439268888468
-1.3889519600622384,1.738628667928737,-2.445338274428051
-1.3521350949362934,1.738628667928737,-2.446900114340926
-1.315318229810348,1.738628667928737,-2.4497086330625177
-1.278501364684403,1.738628667928737,-2.4524749678488824
-1.241684499558458,1.738628667928737,-2.4560176377049494
-1.2048676344325129,1.738628667928737,-2.4595007118614003
-1.1680507693065678,1.738628667928737,-2.462952017575562
-1.1312339041806228,1.738628667928737,-2.4678438159679583
-1.0944170390546777,1.738628667928737,-2.4724121857696666
-1.0576001739287326,1.738628667928737,-2.4777974936250673
-1.0207833088027876,1.738628667928737,-2.483486460535393
-0.9839664436768423,1.738628667928737,-2.4894289459154537
-0.9471495785508972,1.738628667928737,-2.4955131544208804
-0.9103327134249521,1.738628667928737,-2.501774344679046
-0.873515848299007,1.738628667928737,-2.509158507351026
-0.8366989831730619,1.738628667928737,-2.5160381988304605
-0.7998821180471168,1.738628667928737,-2.5246571011726684
-0.7630652529211717,1.738628667928737,
-0.7262483877952266,1.738628667928737,
-0.6894315226692815,1.738628667928737,
-0.6526146575433365,1.738628667928737,
-0.6157977924173914,1.738628667928737,
-0.5789809272914461,1.738628667928737,
-0.5421640621655011,1.738628667928737,
-0.505347197039556,1.738628667928737,
-0.46853033191361093,1.738628667928737,
-0.43171346678766587,1.738628667928737,
-0.3948966016617208,1.738628667928737,
-0.35807973653577574,1.738628667928737,
-0.32126287140983045,1.738628667928737,
-0.2844460062838854,1.738628667928737,
-0.24762914115794032,1.738628667928737,
-0.21081227603199526,1.738628667928737,
-0.1739954109060502,1.738628667928737,
-0.13717854578010513,1.738628667928737,
-0.10036168065415985,1.738628667928737,
-0.06354481552821478,1.738628667928737,
-0.026727950402269718,1.738628667928737,
0.010088914723675346,1.738628667928737,
0.04690577984962041,1.738628667928737,
0.08372264497556547,1.738628667928737,
0.12053951010151076,1.738628667928737,
0.15735637522745582,1.738628667928737,
0.1941732403534009,1.738628667928737,
0.23099010547934595,1.738628667928737,
0.267806970605291,1.738628667928737,
0.3046238357312361,1.738628667928737,
0.34144070085718115,1.738628667928737,
0.3782575659831262,1.738628667928737,
0.4150744311090713,1.738628667928737,
0.45189129623501634,1.738628667928737,
0.48870816136096185,1.738628667928737,
0.5255250264869069,1.738628667928737,
0.562341891612852,1.738628667928737,
0.599158756738797,1.738628667928737,
0.6359756218647421,1.738628667928737,
0.6727924869906872,1.738628667928737,
0.7096093521166322,1.738628667928737,
0.7464262172425773,1.738628667928737,
0.7832430823685224,1.738628667928737,
0.8200599474944674,1.738628667928737,
0.8568768126204125,1.738628667928737,
0.8936936777463576,1.738628667928737,
0.9305105428723026,1.738628667928737,
0.9673274079982481,1.738628667928737,
1.0041442731241932,1.738628667928737,
1.0409611382501383,1.738628667928737,
1.0777780033760833,1.738628667928737,
1.1145948685020284,1.738628667928737,
1.1514117336279734,1.738628667928737,
1.1882285987539185,1.738628667928737,
1.2250454638798636,1.738628667928737,
1.2618623290058086,1.738628667928737,
1.2986791941317537,1.738628667928737,
1.3354960592576988,1.738628667928737,
1.3723129243836438,1.738628667928737,
1.409129789509589,1.738628667928737,
1.4459466546355344,1.738628667928737,
1.4827635197614795,1.738628667928737,
1.5195803848874245,1.738628667928737,
1.5563972500133696,1.738628667928737,
1.5932141151393147,1.738628667928737,
1.6300309802652597,1.738628667928737,
1.6668478453912048,1.738628667928737,
1.7036647105171498,1.738628667928737,
1.740481575643095,1.738628667928737,
1.77729844076904,1.738628667928737,
1.814115305894985,1.738628667928737,
1.85093217102093,1.738628667928737,
1.8877490361468756,1.738628667928737,
1.9245659012728207,1.738628667928737,
1.9613827663987657,1.738628667928737,
1.9981996315247104,1.738628667928737,
-1.646670015943854,1.7712318584352449,
-1.609853150817909,1.7712318584352449,
-1.573036285691964,1.7712318584352449,
-1.536219420566019,1.7712318584352449,
-1.4994025554400736,1.7712318584352449,-2.444557638026492
-1.4625856903141286,1.7712318584352449,-2.4449462741181716
-1.4257688251881835,1.7712318584352449,-2.4461797652148496
-1.3889519600622384,1.7712318584352449,-2.4479306383980592
-1.3521350949362934,1.7712318584352449,-2.4501539681725966
-1.315318229810348,1.7712318584352449,-2.4529665199987125
-1.278501364684403,1.7712318584352449,-2.4570931585360962
-1.241684499558458,1.7712318584352449,-2.4603606296252596
-1.2048676344325129,1.7712318584352449,-2.4639409791746645
-1.1680507693065678,1.7712318584352449,-2.467794880198335
-1.1312339041806228,1.7712318584352449,-2.4730732597893548
-1.0944170390546777,1.7712318584352449,-2.478399041238903
-1.0576001739287326,1.7712318584352449,-2.4842484191611334
-1.0207833088027876,1.7712318584352449,-2.4891063652010055
-0.9839664436768423,1.7712318584352449,-2.495527074133417
-0.9471495785508972,1.7712318584352449,-2.5030123420955213
-0.9103327134249521,1.7712318584352449,-2.5090429907252254
-0.873515848299007,1.7712318584352449,-2.5167109570150634
-0.8366989831730619,1.7712318584352449,
-0.7998821180471168,1.7712318584352449,
-0.7630652529211717,1.7712318584352449,
-0.7262483877952266,1.7712318584352449,
-0.6894315226692815,1.7712318584352449,
-0.6526146575433365,1.7712318584352449,
-0.6157977924173914,1.7712318584352449,
-0.5789809272914461,1.7712318584352449,
-0.5421640621655011,1.7712318584352449,
-0.505347197039556,1.7712318584352449,
-0.46853033191361093,1.7712318584352449,
-0.43171346678766587,1.7712318584352449,
-0.3948966016617208,1.7712318584352449,
-0.35807973653577574,1.7712318584352449,
-0.32126287140983045,1.7712318584352449,
-0.2844460062838854,1.7712318584352449,
-0.24762914115794032,1.7712318584352449,
-0.21081227603199526,1.7712318584352449,
-0.1739954109060502,1.7712318584352449,
-0.13717854578010513,1.7712318584352449,
-0.10036168065415985,1.7712318584352449,
-0.06354481552821478,1.7712318584352449,
-0.026727950402269718,1.7712318584352449,
0.010088914723675346,1.7712318584352449,
0.04690577984962041,1.7712318584352449,
0.08372264497556547,1.7712318584352449,
0.12053951010151076,1.7712318584352449,
0.15735637522745582,1.7712318584352449,
0.1941732403534009,1.7712318584352449,
0.23099010547934595,1.7712318584352449,
0.267806970605291,1.7712318584352449,
0.3046238357312361,1.7712318584352449,
0.34144070085718115,1.7712318584352449,
0.3782575659831262,1.7712318584352449,
0.4150744311090713,1.7712318584352449,
0.45189129623501634,1.7712318584352449,
0.48870816136096185,1.7712318584352449,
0.5255250264869069,1.7712318584352449,
0.562341891612852,1.7712318584352449,
0.599158756738797,1.7712318584352449,
0.6359756218647421,1.7712318584352449,
0.6727924869906872,1.7712318584352449,
0.7096093521166322,1.7712318584352449,
0.7464262172425773,1.7712318584352449,
0.7832430823685224,1.7712318584352449,
0.8200599474944674,1.7712318584352449,
0.8568768126204125,1.7712318584352449,
0.8936936777463576,1.7712318584352449,
0.9305105428723026,1.7712318584352449,
0.9673274079982481,1.7712318584352449,
1.0041442731241932,1.7712318584352449,
1.0409611382501383,1.7712318584352449,
1.0777780033760833,1.7712318584352449,
1.1145948685020284,1.7712318584352449,
1.1514117336279734,1.7712318584352449,
1.1882285987539185,1.7712318584352449,
1.2250454638798636,1.7712318584352449,
1.2618623290058086,1.7712318584352449,
1.2986791941317537,1.7712318584352449,
1.3354960592576988,1.7712318584352449,
1.3723129243836438,1.7712318584352449,
1.409129789509589,1.7712318584352449,
1.4459466546355344,1.7712318584352449,
1.4827635197614795,1.7712318584352449,
1.5195803848874245,1.7712318584352449,
1.5563972500133696,1.7712318584352449,
1.5932141151393147,1.7712318584352449,
1.6300309802652597,1.7712318584352449,
1.6668478453912048,1.7712318584352449,
1.7036647105171498,1.7712318584352449,
1.740481575643095,1.7712318584352449,
1.77729844076904,1.7712318584352449,
1.814115305894985,1.7712318584352449,
1.85093217102093,1.7712318584352449,
1.8877490361468756,1.7712318584352449,
1.9245659012728207,1.7712318584352449,
1.9613827663987657,1.7712318584352449,
1.9981996315247104,1.7712318584352449,
-1.646670015943854,1.8038350489417532,
-1.609853150817909,1.8038350489417532,
-1.573036285691964,1.8038350489417532,
-1.536219420566019,1.8038350489417532,
-1.4994025554400736,1.8038350489417532,-2.44610459368
-1.4625856903141286,1.8038350489417532,-2.4475861593352795
-1.4257688251881835,1.8038350489417532,-2.4493185324110245
-1.3889519600622384,1.8038350489417532,-2.4517502860563134
-1.3521350949362934,1.8038350489417532,-2.4544318950102344
-1.315318229810348,1.8038350489417532,-2.457875989018918
-1.278501364684403,1.8038350489417532,-2.461455660548534
-1.241684499558458,1.8038350489417532,-2.464749088345727
-1.2048676344325129,1.8038350489417532,-2.4688182617599663
-1.1680507693065678,1.8038350489417532,-2.4732246934535222
-1.1312339041806228,1.8038350489417532,-2.4782349358652507
-1.0944170390546777,1.8038350489417532,-2.483789761562383
-1.0576001739287326,1.8038350489417532,-2.4891408854729202
-1.0207833088027876,1.8038350489417532,-2.4964897758446885
-0.9839664436768423,1.8038350489417532,-2.5025408119358277
-0.9471495785508972,1.8038350489417532,-2.5097014013618946
-0.9103327134249521,1.8038350489417532,-2.5170524395662315
-0.873515848299007,1.8038350489417532,
-0.8366989831730619,1.8038350489417532,
-0.7998821180471168,1.8038350489417532,
-0.7630652529211717,1.8038350489417532,
-0.7262483877952266,1.8038350489417532,
-0.6894315226692815,1.8038350489417532,
-0.6526146575433365,1.8038350489417532,
-0.6157977924173914,1.8038350489417532,
-0.5789809272914461,1.8038350489417532,
-0.5421640621655011,1.8038350489417532,
-0.505347197039556,1.8038350489417532,
-0.46853033191361093,1.8038350489417532,
-0.43171346678766587,1.8038350489417532,
-0.3948966016617208,1.8038350489417532,
-0.35807973653577574,1.8038350489417532,
-0.32126287140983045,1.8038350489417532,
-0.2844460062838854,1.8038350489417532,
-0.24762914115794032,1.8038350489417532,
-0.21081227603199526,1.8038350489417532,
-0.1739954109060502,1.8038350489417532,
-0.13717854578010513,1.8038350489417532,
-0.10036168065415985,1.8038350489417532,
-0.06354481552821478,1.8038350489417532,
-0.026727950402269718,1.8038350489417532,
0.010088914723675346,1.8038350489417532,
0.04690577984962041,1.8038350489417532,
0.08372264497556547,1.8038350489417532,
0.12053951010151076,1.8038350489417532,
0.15735637522745582,1.8038350489417532,
0.1941732403534009,1.8038350489417532,
0.23099010547934595,1.8038350489417532,
0.267806970605291,1.8038350489417532,
0.3046238357312361,1.8038350489417532,
0.34144070085718115,1.8038350489417532,
0.3782575659831262,1.8038350489417532,
0.4150744311090713,1.8038350489417532,
0.45189129623501634,1.8038350489417532,
0.48870816136096185,1.8038350489417532,
0.5255250264869069,1.8038350489417532,
0.562341891612852,1.8038350489417532,
0.599158756738797,1.8038350489417532,
0.6359756218647421,1.8038350489417532,
0.6727924869906872,1.8038350489417532,
0.7096093521166322,1.8038350489417532,
0.7464262172425773,1.8038350489417532,
0.7832430823685224,1.8038350489417532,
0.8200599474944674,1.8038350489417532,
0.8568768126204125,1.8038350489417532,
0.8936936777463576,1.8038350489417532,
0.9305105428723026,1.8038350489417532,
0.9673274079982481,1.8038350489417532,
1.0041442731241932,1.8038350489417532,
1.0409611382501383,1.8038350489417532,
1.0777780033760833,1.8038350489417532,
1.1145948685020284,1.8038350489417532,
1.1514117336279734,1.8038350489417532,
1.1882285987539185,1.8038350489417532,
1.2250454638798636,1.8038350489417532,
1.2618623290058086,1.8038350489417532,
1.2986791941317537,1.8038350489417532,
1.3354960592576988,1.8038350489417532,
1.3723129243836438,1.8038350489417532,
1.409129789509589,1.8038350489417532,
1.4459466546355344,1.8038350489417532,
1.4827635197614795,1.8038350489417532,
1.5195803848874245,1.8038350489417532,
1.5563972500133696,1.8038350489417532,
1.5932141151393147,1.8038350489417532,
1.6300309802652597,1.8038350489417532,
1.6668478453912048,1.8038350489417532,
1.7036647105171498,1.8038350489417532,
1.740481575643095,1.8038350489417532,
1.77729844076904,1.8038350489417532,
1.814115305894985,1.8038350489417532,
1.85093217102093,1.8038350489417532,
1.8877490361468756,1.8038350489417532,
1.9245659012728207,1.8038350489417532,
1.9613827663987657,1.8038350489417532,
1.9981996315247104,1.8038350489417532,
-1.646670015943854,1.836438239448261,
-1.609853150817909,1.836438239448261,
-1.573036285691964,1.836438239448261,
-1.536219420566019,1.836438239448261,-2.4469097830089424
-1.4994025554400736,1.836438239448261,-2.448518640955962
-1.4625856903141286,1.836438239448261,-2.4502143551495017
-1.4257688251881835,1.836438239448261,-2.4528604601769715
-1.3889519600622384,1.836438239448261,-2.4554393315283174
-1.3521350949362934,1.836438239448261,-2.458632390532844
-1.315318229810348,1.836438239448261,-2.461728524882237
-1.278501364684403,1.836438239448261,-2.465732631084868
-1.241684499558458,1.836438239448261,-2.469570312747674
-1.2048676344325129,1.836438239448261,-2.474429386678649
-1.1680507693065678,1.836438239448261,-2.479102500961049
-1.1312339041806228,1.836438239448261,-2.484343456647588
-1.0944170390546777,1.836438239448261,-2.4904843641193684
-1.0576001739287326,1.836438239448261,-2.4972076549883235
-1.0207833088027876,1.836438239448261,-2.5035413879914703
-0.9839664436768423,1.836438239448261,-2.510025116373243
-0.9471495785508972,1.836438239448261,
-0.9103327134249521,1.836438239448261,
-0.873515848299007,1.836438239448261,
-0.8366989831730619,1.836438239448261,
-0.7998821180471168,1.836438239448261,
-0.7630652529211717,1.836438239448261,
-0.7262483877952266,1.836438239448261,
-0.6894315226692815,1.836438239448261,
-0.6526146575433365,1.836438239448261,
-0.6157977924173914,1.836438239448261,
-0.5789809272914461,1.836438239448261,
-0.5421640621655011,1.836438239448261,
-0.505347197039556,1.836438239448261,
-0.46853033191361093,1.836438239448261,
-0.43171346678766587,1.836438239448261,
-0.3948966016617208,1.836438239448261,
-0.35807973653577574,1.836438239448261,
-0.32126287140983045,1.836438239448261,
-0.2844460062838854,1.836438239448261,
-0.24762914115794032,1.836438239448261,
-0.21081227603199526,1.836438239448261,
-0.1739954109060502,1.836438239448261,
-0.13717854578010513,1.836438239448261,
-0.10036168065415985,1.836438239448261,
-0.06354481552821478,1.836438239448261,
-0.026727950402269718,1.836438239448261,
0.010088914723675346,1.836438239448261,
0.04690577984962041,1.836438239448261,
0.08372264497556547,1.836438239448261,
0.12053951010151076,1.836438239448261,
0.15735637522745582,1.836438239448261,
0.1941732403534009,1.836438239448261,
0.23099010547934595,1.836438239448261,
0.267806970605291,1.836438239448261,
0.3046238357312361,1.836438239448261,
0.34144070085718115,1.836438239448261,
0.3782575659831262,1.836438239448261,
0.4150744311090713,1.836438239448261,
0.45189129623501634,1.836438239448261,
0.48870816136096185,1.836438239448261,
0.5255250264869069,1.836438239448261,
0.562341891612852,1.836438239448261,
0.599158756738797,1.836438239448261,
0.6359756218647421,1.836438239448261,
0.6727924869906872,1.836438239448261,
0.7096093521166322,1.836438239448261,
0.7464262172425773,1.836438239448261,
0.7832430823685224,1.836438239448261,
0.8200599474944674,1.836438239448261,
0.8568768126204125,1.836438239448261,
0.8936936777463576,1.836438239448261,
0.9305105428723026,1.836438239448261,
0.9673274079982481,1.836438239448261,
1.0041442731241932,1.836438239448261,
1.0409611382501383,1.836438239448261,
1.0777780033760833,1.836438239448261,
1.1145948685020284,1.836438239448261,
1.1514117336279734,1.836438239448261,
1.1882285987539185,1.836438239448261,
1.2250454638798636,1.836438239448261,
1.2618623290058086,1.836438239448261,
1.2986791941317537,1.836438239448261,
1.3354960592576988,1.836438239448261,
1.3723129243836438,1.836438239448261,
1.409129789509589,1.836438239448261,
1.4459466546355344,1.836438239448261,
1.4827635197614795,1.836438239448261,
1.5195803848874245,1.836438239448261,
1.5563972500133696,1.836438239448261,
1.5932141151393147,1.836438239448261,
1.6300309802652597,1.836438239448261,
1.6668478453912048,1.836438239448261,
1.7036647105171498,1.836438239448261,
1.740481575643095,1.836438239448261,
1.77729844076904,1.836438239448261,
1.814115305894985,1.836438239448261,
1.85093217102093,1.836438239448261,
1.8877490361468756,1.836438239448261,
1.9245659012728207,1.836438239448261,
1.9613827663987657,1.836438239448261,
1.9981996315247104,1.836438239448261,
-1.646670015943854,1.8690414299547693,
-1.609853150817909,1.8690414299547693,
-1.573036285691964,1.8690414299547693,-2.4480510360522567
-1.536219420566019,1.8690414299547693,-2.4495610381832327
-1.4994025554400736,1.8690414299547693,-2.451513623724475
-1.4625856903141286,1.8690414299547693,-2.4534638906483366
-1.4257688251881835,1.8690414299547693,-2.4565711075490166
-1.3889519600622384,1.8690414299547693,-2.4588245242482145
-1.3521350949362934,1.8690414299547693,-2.462084521888179
-1.315318229810348,1.8690414299547693,-2.4656716577978317
-1.278501364684403,1.8690414299547693,-2.469981640767312
-1.241684499558458,1.8690414299547693,-2.474815930691035
-1.2048676344325129,1.8690414299547693,-2.479792555796192
-1.1680507693065678,1.8690414299547693,-2.485287852734055
-1.1312339041806228,1.8690414299547693,-2.4908173691989677
-1.0944170390546777,1.8690414299547693,-2.4972725129488156
-1.0576001739287326,1.8690414299547693,-2.50378321991713
-1.0207833088027876,1.8690414299547693,-2.511367563577069
-0.9839664436768423,1.8690414299547693,
-0.9471495785508972,1.8690414299547693,
-0.9103327134249521,1.8690414299547693,
-0.873515848299007,1.8690414299547693,
-0.8366989831730619,1.8690414299547693,
-0.7998821180471168,1.8690414299547693,
-0.7630652529211717,1.8690414299547693,
-0.7262483877952266,1.8690414299547693,
-0.6894315226692815,1.8690414299547693,
-0.6526146575433365,1.8690414299547693,
-0.6157977924173914,1.8690414299547693,
-0.5789809272914461,1.8690414299547693,
-0.5421640621655011,1.8690414299547693,
-0.505347197039556,1.8690414299547693,
-0.46853033191361093,1.8690414299547693,
-0.43171346678766587,1.8690414299547693,
-0.3948966016617208,1.8690414299547693,
-0.35807973653577574,1.8690414299547693,
-0.32126287140983045,1.8690414299547693,
-0.2844460062838854,1.8690414299547693,
-0.24762914115794032,1.8690414299547693,
-0.21081227603199526,1.8690414299547693,
-0.1739954109060502,1.8690414299547693,
-0.13717854578010513,1.8690414299547693,
-0.10036168065415985,1.8690414299547693,
-0.06354481552821478,1.8690414299547693,
-0.026727950402269718,1.8690414299547693,
0.010088914723675346,1.8690414299547693,
0.04690577984962041,1.8690414299547693,
0.08372264497556547,1.8690414299547693,
0.12053951010151076,1.8690414299547693,
0.15735637522745582,1.8690414299547693,
0.1941732403534009,1.8690414299547693,
0.23099010547934595,1.8690414299547693,
0.267806970605291,1.8690414299547693,
0.3046238357312361,1.8690414299547693,
0.34144070085718115,1.8690414299547693,
0.3782575659831262,1.8690414299547693,
0.4150744311090713,1.8690414299547693,
0.45189129623501634,1.8690414299547693,
0.48870816136096185,1.8690414299547693,
0.5255250264869069,1.8690414299547693,
0.562341891612852,1.8690414299547693,
0.599158756738797,1.8690414299547693,
0.6359756218647421,1.8690414299547693,
0.6727924869906872,1.8690414299547693,
0.7096093521166322,1.8690414299547693,
0.7464262172425773,1.8690414299547693,
0.7832430823685224,1.8690414299547693,
0.8200599474944674,1.8690414299547693,
0.8568768126204125,1.8690414299547693,
0.8936936777463576,1.8690414299547693,
0.9305105428723026,1.8690414299547693,
0.9673274079982481,1.8690414299547693,
1.0041442731241932,1.8690414299547693,
1.0409611382501383,1.8690414299547693,
1.0777780033760833,1.8690414299547693,
1.1145948685020284,1.8690414299547693,
1.1514117336279734,1.8690414299547693,
1.1882285987539185,1.8690414299547693,
1.2250454638798636,1.8690414299547693,
1.2618623290058086,1.8690414299547693,
1.2986791941317537,1.8690414299547693,
1.3354960592576988,1.8690414299547693,
1.3723129243836438,1.8690414299547693,
1.409129789509589,1.8690414299547693,
1.4459466546355344,1.8690414299547693,
1.4827635197614795,1.8690414299547693,
1.5195803848874245,1.8690414299547693,
1.5563972500133696,1.8690414299547693,
1.5932141151393147,1.8690414299547693,
1.6300309802652597,1.8690414299547693,
1.6668478453912048,1.8690414299547693,
1.7036647105171498,1.8690414299547693,
1.740481575643095,1.8690414299547693,
1.77729844076904,1.8690414299547693,
1.814115305894985,1.8690414299547693,
1.85093217102093,1.8690414299547693,
1.8877490361468756,1.8690414299547693,
1.9245659012728207,1.8690414299547693,
1.9613827663987657,1.8690414299547693,
1.9981996315247104,1.8690414299547693,
-1.646670015943854,1.9016446204612771,
-1.609853150817909,1.9016446204612771,-2.4491922890955715
-1.573036285691964,1.9016446204612771,-2.4502561297166894
-1.536219420566019,1.9016446204612771,-2.452285514462488
-1.4994025554400736,1.9016446204612771,-2.4542155614730543
-1.4625856903141286,1.9016446204612771,-2.456997871078191
-1.4257688251881835,1.9016446204612771,-2.4603469985089235
-1.3889519600622384,1.9016446204612771,-2.4630603179709287
-1.3521350949362934,1.9016446204612771,-2.4671356114869636
-1.315318229810348,1.9016446204612771,-2.470747674821163
-1.278501364684403,1.9016446204612771,-2.4754917185474192
-1.241684499558458,1.9016446204612771,-2.480387577867808
-1.2048676344325129,1.9016446204612771,-2.485808933407824
-1.1680507693065678,1.9016446204612771,-2.4916257259794787
-1.1312339041806228,1.9016446204612771,-2.4977627706822263
-1.0944170390546777,1.9016446204612771,-2.5042375763887286
-1.0576001739287326,1.9016446204612771,
-1.0207833088027876,1.9016446204612771,
-0.9839664436768423,1.9016446204612771,
-0.9471495785508972,1.9016446204612771,
-0.9103327134249521,1.9016446204612771,
-0.873515848299007,1.9016446204612771,
-0.8366989831730619,1.9016446204612771,
-0.7998821180471168,1.9016446204612771,
-0.7630652529211717,1.9016446204612771,
-0.7262483877952266,1.9016446204612771,
-0.6894315226692815,1.9016446204612771,
-0.6526146575433365,1.9016446204612771,
-0.6157977924173914,1.9016446204612771,
-0.5789809272914461,1.9016446204612771,
-0.5421640621655011,1.9016446204612771,
-0.505347197039556,1.9016446204612771,
-0.46853033191361093,1.9016446204612771,
-0.43171346678766587,1.9016446204612771,
-0.3948966016617208,1.9016446204612771,
-0.35807973653577574,1.9016446204612771,
-0.32126287140983045,1.9016446204612771,
-0.2844460062838854,1.9016446204612771,
-0.24762914115794032,1.9016446204612771,
-0.21081227603199526,1.9016446204612771,
-0.1739954109060502,1.9016446204612771,
-0.13717854578010513,1.9016446204612771,
-0.10036168065415985,1.9016446204612771,
-0.06354481552821478,1.9016446204612771,
-0.026727950402269718,1.9016446204612771,
0.010088914723675346,1.9016446204612771,
0.04690577984962041,1.9016446204612771,
0.08372264497556547,1.9016446204612771,
0.12053951010151076,1.9016446204612771,
0.15735637522745582,1.9016446204612771,
0.1941732403534009,1.9016446204612771,
0.23099010547934595,1.9016446204612771,
0.267806970605291,1.9016446204612771,
0.3046238357312361,1.9016446204612771,
0.34144070085718115,1.9016446204612771,
0.3782575659831262,1.9016446204612771,
0.4150744311090713,1.9016446204612771,
0.45189129623501634,1.9016446204612771,
0.48870816136096185,1.9016446204612771,
0.5255250264869069,1.9016446204612771,
0.562341891612852,1.9016446204612771,
0.599158756738797,1.9016446204612771,
0.6359756218647421,1.9016446204612771,
0.6727924869906872,1.9016446204612771,
0.7096093521166322,1.9016446204612771,
0.7464262172425773,1.9016446204612771,
0.7832430823685224,1.9016446204612771,
0.8200599474944674,1.9016446204612771,
0.8568768126204125,1.9016446204612771,
0.8936936777463576,1.9016446204612771,
0.9305105428723026,1.9016446204612771,
0.9673274079982481,1.9016446204612771,
1.0041442731241932,1.9016446204612771,
1.0409611382501383,1.9016446204612771,
1.0777780033760833,1.9016446204612771,
1.1145948685020284,1.9016446204612771,
1.1514117336279734,1.9016446204612771,
1.1882285987539185,1.9016446204612771,
1.2250454638798636,1.9016446204612771,
1.2618623290058086,1.9016446204612771,
1.2986791941317537,1.9016446204612771,
1.3354960592576988,1.9016446204612771,
1.3723129243836438,1.9016446204612771,
1.409129789509589,1.9016446204612771,
1.4459466546355344,1.9016446204612771,
1.4827635197614795,1.9016446204612771,
1.5195803848874245,1.9016446204612771,
1.5563972500133696,1.9016446204612771,
1.5932141151393147,1.9016446204612771,
1.6300309802652597,1.9016446204612771,
1.6668478453912048,1.9016446204612771,
1.7036647105171498,1.9016446204612771,
1.740481575643095,1.9016446204612771,
1.77729844076904,1.9016446204612771,
1.814115305894985,1.9016446204612771,
1.85093217102093,1.9016446204612771,
1.8877490361468756,1.9016446204612771,
1.9245659012728207,1.9016446204612771,
1.9613827663987657,1.9016446204612771,
1.9981996315247104,1.9016446204612771,
-1.646670015943854,1.934247810967785,
-1.609853150817909,1.934247810967785,-2.4515775085863103
-1.573036285691964,1.934247810967785,-2.4530129385233614
-1.536219420566019,1.934247810967785,-2.4551094965488374
-1.4994025554400736,1.934247810967785,-2.458170708204039
-1.4625856903141286,1.934247810967785,-2.4605955757342635
-1.4257688251881835,1.934247810967785,-2.4640684754367035
-1.3889519600622384,1.934247810967785,-2.4675988060812495
-1.3521350949362934,1.934247810967785,-2.4718554018640493
-1.315318229810348,1.934247810967785,-2.4762930667781156
-1.278501364684403,1.934247810967785,-2.4814927714882744
-1.241684499558458,1.934247810967785,-2.486119604102269
-1.2048676344325129,1.934247810967785,-2.492484766763954
-1.1680507693065678,1.934247810967785,-2.49829460447593
-1.1312339041806228,1.934247810967785,
-1.0944170390546777,1.934247810967785,
-1.0576001739287326,1.934247810967785,
-1.0207833088027876,1.934247810967785,
-0.9839664436768423,1.934247810967785,
-0.9471495785508972,1.934247810967785,
-0.9103327134249521,1.934247810967785,
-0.873515848299007,1.934247810967785,
-0.8366989831730619,1.934247810967785,
-0.7998821180471168,1.934247810967785,
-0.7630652529211717,1.934247810967785,
-0.7262483877952266,1.934247810967785,
-0.6894315226692815,1.934247810967785,
-0.6526146575433365,1.934247810967785,
-0.6157977924173914,1.934247810967785,
-0.5789809272914461,1.934247810967785,
-0.5421640621655011,1.934247810967785,
-0.505347197039556,1.934247810967785,
-0.46853033191361093,1.934247810967785,
-0.43171346678766587,1.934247810967785,
-0.3948966016617208,1.934247810967785,
-0.35807973653577574,1.934247810967785,
-0.32126287140983045,1.934247810967785,
-0.2844460062838854,1.934247810967785,
-0.24762914115794032,1.934247810967785,
-0.21081227603199526,1.934247810967785,
-0.1739954109060502,1.934247810967785,
-0.13717854578010513,1.934247810967785,
-0.10036168065415985,1.934247810967785,
-0.06354481552821478,1.934247810967785,
-0.026727950402269718,1.934247810967785,
0.010088914723675346,1.934247810967785,
0.04690577984962041,1.934247810967785,
0.08372264497556547,1.934247810967785,
0.12053951010151076,1.934247810967785,
0.15735637522745582,1.934247810967785,
0.1941732403534009,1.934247810967785,
0.23099010547934595,1.934247810967785,
0.267806970605291,1.934247810967785,
0.3046238357312361,1.934247810967785,
0.34144070085718115,1.934247810967785,
0.3782575659831262,1.934247810967785,
0.4150744311090713,1.934247810967785,
0.45189129623501634,1.934247810967785,
0.48870816136096185,1.934247810967785,
0.5255250264869069,1.934247810967785,
0.562341891612852,1.934247810967785,
0.599158756738797,1.934247810967785,
0.6359756218647421,1.934247810967785,
0.6727924869906872,1.934247810967785,
0.7096093521166322,1.934247810967785,
0.7464262172425773,1.934247810967785,
0.7832430823685224,1.934247810967785,
0.8200599474944674,1.934247810967785,
0.8568768126204125,1.934247810967785,
0.8936936777463576,1.934247810967785,
0.9305105428723026,1.934247810967785,
0.9673274079982481,1.934247810967785,
1.0041442731241932,1.934247810967785,
1.0409611382501383,1.934247810967785,
1.0777780033760833,1.934247810967785,
1.1145948685020284,1.934247810967785,
1.1514117336279734,1.934247810967785,
1.1882285987539185,1.934247810967785,
1.2250454638798636,1.934247810967785,
1.2618623290058086,1.934247810967785,
1.2986791941317537,1.934247810967785,
1.3354960592576988,1.934247810967785,
1.3723129243836438,1.934247810967785,
1.409129789509589,1.934247810967785,
1.4459466546355344,1.934247810967785,
1.4827635197614795,1.934247810967785,
1.5195803848874245,1.934247810967785,
1.5563972500133696,1.934247810967785,
1.5932141151393147,1.934247810967785,
1.6300309802652597,1.934247810967785,
1.6668478453912048,1.934247810967785,
1.7036647105171498,1.934247810967785,
1.740481575643095,1.934247810967785,
1.77729844076904,1.934247810967785,
1.814115305894985,1.934247810967785,
1.85093217102093,1.934247810967785,
1.8877490361468756,1.934247810967785,
1.9245659012728207,1.934247810967785,
1.9613827663987657,1.934247810967785,
1.9981996315247104,1.934247810967785,
-1.646670015943854,1.9668510014742933,
-1.609853150817909,1.9668510014742933,-2.4544601818507896
-1.573036285691964,1.9668510014742933,-2.4561715505996977
-1.536219420566019,1.9668510014742933,-2.458994909459706
-1.4994025554400736,1.9668510014742933,-2.4620999921091173
-1.4625856903141286,1.9668510014742933,-2.465563634016644
-1.4257688251881835,1.9668510014742933,-2.469174729074809
-1.3889519600622384,1.9668510014742933,-2.473017533341358
-1.3521350949362934,1.9668510014742933,-2.4769595267251825
-1.315318229810348,1.9668510014742933,-2.481584273956112
-1.278501364684403,1.9668510014742933,-2.487503118902215
-1.241684499558458,1.9668510014742933,-2.4924052444435194
-1.2048676344325129,1.9668510014742933,-2.4992134547916023
-1.1680507693065678,1.9668510014742933,
-1.1312339041806228,1.9668510014742933,
-1.0944170390546777,1.9668510014742933,
-1.0576001739287326,1.9668510014742933,
-1.0207833088027876,1.9668510014742933,
-0.9839664436768423,1.9668510014742933,
-0.9471495785508972,1.9668510014742933,
-0.9103327134249521,1.9668510014742933,
-0.873515848299007,1.9668510014742933,
-0.8366989831730619,1.9668510014742933,
-0.7998821180471168,1.9668510014742933,
-0.7630652529211717,1.9668510014742933,
-0.7262483877952266,1.9668510014742933,
-0.6894315226692815,1.9668510014742933,
-0.6526146575433365,1.9668510014742933,
-0.6157977924173914,1.9668510014742933,
-0.5789809272914461,1.9668510014742933,
-0.5421640621655011,1.9668510014742933,
-0.505347197039556,1.9668510014742933,
-0.46853033191361093,1.9668510014742933,
-0.43171346678766587,1.9668510014742933,
-0.3948966016617208,1.9668510014742933,
-0.35807973653577574,1.9668510014742933,
-0.32126287140983045,1.9668510014742933,
-0.2844460062838854,1.9668510014742933,
-0.24762914115794032,1.9668510014742933,
-0.21081227603199526,1.9668510014742933,
-0.1739954109060502,1.9668510014742933,
-0.13717854578010513,1.9668510014742933,
-0.10036168065415985,1.9668510014742933,
-0.06354481552821478,1.9668510014742933,
-0.026727950402269718,1.9668510014742933,
0.010088914723675346,1.9668510014742933,
0.04690577984962041,1.9668510014742933,
0.08372264497556547,1.9668510014742933,
0.12053951010151076,1.9668510014742933,
0.15735637522745582,1.9668510014742933,
0.1941732403534009,1.9668510014742933,
0.23099010547934595,1.9668510014742933,
0.267806970605291,1.9668510014742933,
0.3046238357312361,1.9668510014742933,
0.34144070085718115,1.9668510014742933,
0.3782575659831262,1.9668510014742933,
0.4150744311090713,1.9668510014742933,
0.45189129623501634,1.9668510014742933,
0.48870816136096185,1.9668510014742933,
0.5255250264869069,1.9668510014742933,
0.562341891612852,1.9668510014742933,
0.599158756738797,1.9668510014742933,
0.6359756218647421,1.9668510014742933,
0.6727924869906872,1.9668510014742933,
0.7096093521166322,1.9668510014742933,
0.7464262172425773,1.9668510014742933,
0.7832430823685224,1.9668510014742933,
0.8200599474944674,1.9668510014742933,
0.8568768126204125,1.9668510014742933,
0.8936936777463576,1.9668510014742933,
0.9305105428723026,1.9668510014742933,
0.9673274079982481,1.9668510014742933,
1.0041442731241932,1.9668510014742933,
1.0409611382501383,1.9668510014742933,
1.0777780033760833,1.9668510014742933,
1.1145948685020284,1.9668510014742933,
1.1514117336279734,1.9668510014742933,
1.1882285987539185,1.9668510014742933,
1.2250454638798636,1.9668510014742933,
1.2618623290058086,1.9668510014742933,
1.2986791941317537,1.9668510014742933,
1.3354960592576988,1.9668510014742933,
1.3723129243836438,1.9668510014742933,
1.409129789509589,1.9668510014742933,
1.4459466546355344,1.9668510014742933,
1.4827635197614795,1.9668510014742933,
1.5195803848874245,1.9668510014742933,
1.5563972500133696,1.9668510014742933,
1.5932141151393147,1.9668510014742933,
1.6300309802652597,1.9668510014742933,
1.6668478453912048,1.9668510014742933,
1.7036647105171498,1.9668510014742933,
1.740481575643095,1.9668510014742933,
1.77729844076904,1.9668510014742933,
1.814115305894985,1.9668510014742933,
1.85093217102093,1.9668510014742933,
1.8877490361468756,1.9668510014742933,
1.9245659012728207,1.9668510014742933,
1.9613827663987657,1.9668510014742933,
1.9981996315247104,1.9668510014742933,
-1.646670015943854,1.999454191980801,
-1.609853150817909,1.999454191980801,
-1.573036285691964,1.999454191980801,
-1.536219420566019,1.999454191980801,
-1.4994025554400736,1.999454191980801,
-1.4625856903141286,1.999454191980801,
-1.4257688251881835,1.999454191980801,
-1.3889519600622384,1.999454191980801,
-1.3521350949362934,1.999454191980801,
-1.315318229810348,1.999454191980801,
-1.278501364684403,1.999454191980801,
-1.241684499558458,1.999454191980801,
-1.2048676344325129,1.999454191980801,
-1.1680507693065678,1.999454191980801,
-1.1312339041806228,1.999454191980801,
-1.0944170390546777,1.999454191980801,
-1.0576001739287326,1.999454191980801,
-1.0207833088027876,1.999454191980801,
-0.9839664436768423,1.999454191980801,
-0.9471495785508972,1.999454191980801,
-0.9103327134249521,1.999454191980801,
-0.873515848299007,1.999454191980801,
-0.8366989831730619,1.999454191980801,
-0.7998821180471168,1.999454191980801,
-0.7630652529211717,1.999454191980801,
-0.7262483877952266,1.999454191980801,
-0.6894315226692815,1.999454191980801,
-0.6526146575433365,1.999454191980801,
-0.6157977924173914,1.999454191980801,
-0.5789809272914461,1.999454191980801,
-0.5421640621655011,1.999454191980801,
-0.505347197039556,1.999454191980801,
-0.46853033191361093,1.999454191980801,
-0.43171346678766587,1.999454191980801,
-0.3948966016617208,1.999454191980801,
-0.35807973653577574,1.999454191980801,
-0.32126287140983045,1.999454191980801,
-0.2844460062838854,1.999454191980801,
-0.24762914115794032,1.999454191980801,
-0.21081227603199526,1.999454191980801,
-0.1739954109060502,1.999454191980801,
-0.13717854578010513,1.999454191980801,
-0.10036168065415985,1.999454191980801,
-0.06354481552821478,1.999454191980801,
-0.026727950402269718,1.999454191980801,
0.010088914723675346,1.999454191980801,
0.04690577984962041,1.999454191980801,
0.08372264497556547,1.999454191980801,
0.12053951010151076,1.999454191980801,
0.15735637522745582,1.999454191980801,
0.1941732403534009,1.999454191980801,
0.23099010547934595,1.999454191980801,
0.267806970605291,1.999454191980801,
0.3046238357312361,1.999454191980801,
0.34144070085718115,1.999454191980801,
0.3782575659831262,1.999454191980801,
0.4150744311090713,1.999454191980801,
0.45189129623501634,1.999454191980801,
0.48870816136096185,1.999454191980801,
0.5255250264869069,1.999454191980801,
0.562341891612852,1.999454191980801,
0.599158756738797,1.999454191980801,
0.6359756218647421,1.999454191980801,
0.6727924869906872,1.999454191980801,
0.7096093521166322,1.999454191980801,
0.7464262172425773,1.999454191980801,
0.7832430823685224,1.999454191980801,
0.8200599474944674,1.999454191980801,
0.8568768126204125,1.999454191980801,
0.8936936777463576,1.999454191980801,
0.9305105428723026,1.999454191980801,
0.9673274079982481,1.999454191980801,
1.0041442731241932,1.999454191980801,
1.0409611382501383,1.999454191980801,
1.0777780033760833,1.999454191980801,
1.1145948685020284,1.999454191980801,
1.1514117336279734,1.999454191980801,
1.1882285987539185,1.999454191980801,
1.2250454638798636,1.999454191980801,
1.2618623290058086,1.999454191980801,
1.2986791941317537,1.999454191980801,
1.3354960592576988,1.999454191980801,
1.3723129243836438,1.999454191980801,
1.409129789509589,1.999454191980801,
1.4459466546355344,1.999454191980801,
1.4827635197614795,1.999454191980801,
1.5195803848874245,1.999454191980801,
1.5563972500133696,1.999454191980801,
1.5932141151393147,1.999454191980801,
1.6300309802652597,1.999454191980801,
1.6668478453912048,1.999454191980801,
1.7036647105171498,1.999454191980801,
1.740481575643095,1.999454191980801,
1.77729844076904,1.999454191980801,
1.814115305894985,1.999454191980801,
1.85093217102093,1.999454191980801,
1.8877490361468756,1.999454191980801,
1.9245659012728207,1.999454191980801,
1.9613827663987657,1.999454191980801,
1.9981996315247104,1.999454191980801,
